<?xml version="1.0" encoding="utf-8"?><gpx creator="Garmin Desktop App" version="1.1" xsi:schemaLocation="http://www.topografix.com/GPX/1/1 http://www.topografix.com/GPX/1/1/gpx.xsd http://www.garmin.com/xmlschemas/WaypointExtension/v1 http://www8.garmin.com/xmlschemas/WaypointExtensionv1.xsd http://www.garmin.com/xmlschemas/TrackPointExtension/v1 http://www.garmin.com/xmlschemas/TrackPointExtensionv1.xsd http://www.garmin.com/xmlschemas/GpxExtensions/v3 http://www8.garmin.com/xmlschemas/GpxExtensionsv3.xsd http://www.garmin.com/xmlschemas/ActivityExtension/v1 http://www8.garmin.com/xmlschemas/ActivityExtensionv1.xsd http://www.garmin.com/xmlschemas/AdventuresExtensions/v1 http://www8.garmin.com/xmlschemas/AdventuresExtensionv1.xsd http://www.garmin.com/xmlschemas/PressureExtension/v1 http://www.garmin.com/xmlschemas/PressureExtensionv1.xsd http://www.garmin.com/xmlschemas/TripExtensions/v1 http://www.garmin.com/xmlschemas/TripExtensionsv1.xsd http://www.garmin.com/xmlschemas/TripMetaDataExtensions/v1 http://www.garmin.com/xmlschemas/TripMetaDataExtensionsv1.xsd http://www.garmin.com/xmlschemas/ViaPointTransportationModeExtensions/v1 http://www.garmin.com/xmlschemas/ViaPointTransportationModeExtensionsv1.xsd http://www.garmin.com/xmlschemas/CreationTimeExtension/v1 http://www.garmin.com/xmlschemas/CreationTimeExtensionsv1.xsd http://www.garmin.com/xmlschemas/AccelerationExtension/v1 http://www.garmin.com/xmlschemas/AccelerationExtensionv1.xsd http://www.garmin.com/xmlschemas/PowerExtension/v1 http://www.garmin.com/xmlschemas/PowerExtensionv1.xsd http://www.garmin.com/xmlschemas/VideoExtension/v1 http://www.garmin.com/xmlschemas/VideoExtensionv1.xsd" xmlns="http://www.topografix.com/GPX/1/1" xmlns:xsi="http://www.w3.org/2001/XMLSchema-instance" xmlns:wptx1="http://www.garmin.com/xmlschemas/WaypointExtension/v1" xmlns:gpxtrx="http://www.garmin.com/xmlschemas/GpxExtensions/v3" xmlns:gpxtpx="http://www.garmin.com/xmlschemas/TrackPointExtension/v1" xmlns:gpxx="http://www.garmin.com/xmlschemas/GpxExtensions/v3" xmlns:trp="http://www.garmin.com/xmlschemas/TripExtensions/v1" xmlns:adv="http://www.garmin.com/xmlschemas/AdventuresExtensions/v1" xmlns:prs="http://www.garmin.com/xmlschemas/PressureExtension/v1" xmlns:tmd="http://www.garmin.com/xmlschemas/TripMetaDataExtensions/v1" xmlns:vptm="http://www.garmin.com/xmlschemas/ViaPointTransportationModeExtensions/v1" xmlns:ctx="http://www.garmin.com/xmlschemas/CreationTimeExtension/v1" xmlns:gpxacc="http://www.garmin.com/xmlschemas/AccelerationExtension/v1" xmlns:gpxpx="http://www.garmin.com/xmlschemas/PowerExtension/v1" xmlns:vidx1="http://www.garmin.com/xmlschemas/VideoExtension/v1">

  <metadata>
    <link href="http://www.garmin.com">
      <text>Garmin International</text>
    </link>
    <time>2025-08-03T02:19:17Z</time>
    <bounds maxlat="48.876738511025906" maxlon="-121.01118237711489" minlat="48.690056595951319" minlon="-121.10407616011798" />
  </metadata>

  <trk>
    <name>Day 1a - Diablo Lake</name>
    <extensions>
      <gpxx:TrackExtension>
        <gpxx:DisplayColor>Red</gpxx:DisplayColor>
      </gpxx:TrackExtension>
    </extensions>
    <trkseg>
      <trkpt lat="48.690384076908231" lon="-121.09508506022394">
        <ele>347.64999999999998</ele>
        <time>2025-07-28T18:53:18Z</time>
      </trkpt>
      <trkpt lat="48.690617429092526" lon="-121.0951510258019">
        <ele>347.64999999999998</ele>
        <time>2025-07-28T18:53:39Z</time>
      </trkpt>
      <trkpt lat="48.690801998600364" lon="-121.09525110572577">
        <ele>347.64999999999998</ele>
        <time>2025-07-28T18:53:54Z</time>
      </trkpt>
      <trkpt lat="48.690992435440421" lon="-121.09534204937518">
        <ele>347.64999999999998</ele>
        <time>2025-07-28T18:54:09Z</time>
      </trkpt>
      <trkpt lat="48.691075332462788" lon="-121.09543869271874">
        <ele>347.64999999999998</ele>
        <time>2025-07-28T18:54:21Z</time>
      </trkpt>
      <trkpt lat="48.691084384918213" lon="-121.09543668106198">
        <ele>347.64999999999998</ele>
        <time>2025-07-28T18:54:36Z</time>
      </trkpt>
      <trkpt lat="48.691103998571634" lon="-121.09542419202626">
        <ele>347.64999999999998</ele>
        <time>2025-07-28T18:54:56Z</time>
      </trkpt>
      <trkpt lat="48.691243473440409" lon="-121.09552376903594">
        <ele>347.64999999999998</ele>
        <time>2025-07-28T18:55:10Z</time>
      </trkpt>
      <trkpt lat="48.691450087353587" lon="-121.09562284313142">
        <ele>348.13</ele>
        <time>2025-07-28T18:55:25Z</time>
      </trkpt>
      <trkpt lat="48.69169601239264" lon="-121.09566911123693">
        <ele>348.13</ele>
        <time>2025-07-28T18:55:43Z</time>
      </trkpt>
      <trkpt lat="48.691927101463079" lon="-121.09572619199753">
        <ele>348.13</ele>
        <time>2025-07-28T18:55:59Z</time>
      </trkpt>
      <trkpt lat="48.692134888842702" lon="-121.09575033187866">
        <ele>348.13</ele>
        <time>2025-07-28T18:56:14Z</time>
      </trkpt>
      <trkpt lat="48.692193562164903" lon="-121.09582090750337">
        <ele>349.57999999999998</ele>
        <time>2025-07-28T18:56:19Z</time>
      </trkpt>
      <trkpt lat="48.692261204123497" lon="-121.09588117338717">
        <ele>349.57999999999998</ele>
        <time>2025-07-28T18:56:26Z</time>
      </trkpt>
      <trkpt lat="48.69247829541564" lon="-121.0958778206259">
        <ele>349.57999999999998</ele>
        <time>2025-07-28T18:56:46Z</time>
      </trkpt>
      <trkpt lat="48.692647526040673" lon="-121.09600061550736">
        <ele>349.57999999999998</ele>
        <time>2025-07-28T18:57:02Z</time>
      </trkpt>
      <trkpt lat="48.692834777757525" lon="-121.09609072096646">
        <ele>349.57999999999998</ele>
        <time>2025-07-28T18:57:18Z</time>
      </trkpt>
      <trkpt lat="48.692983891814947" lon="-121.09610798768699">
        <ele>349.57999999999998</ele>
        <time>2025-07-28T18:57:30Z</time>
      </trkpt>
      <trkpt lat="48.693168461322784" lon="-121.09616967849433">
        <ele>349.57999999999998</ele>
        <time>2025-07-28T18:57:44Z</time>
      </trkpt>
      <trkpt lat="48.693380439653993" lon="-121.09623245894909">
        <ele>349.57999999999998</ele>
        <time>2025-07-28T18:58:00Z</time>
      </trkpt>
      <trkpt lat="48.693555286154151" lon="-121.09622340649366">
        <ele>349.57999999999998</ele>
        <time>2025-07-28T18:58:17Z</time>
      </trkpt>
      <trkpt lat="48.69375410489738" lon="-121.09622810035944">
        <ele>350.06</ele>
        <time>2025-07-28T18:58:35Z</time>
      </trkpt>
      <trkpt lat="48.693944541737437" lon="-121.0963252466172">
        <ele>350.06</ele>
        <time>2025-07-28T18:58:51Z</time>
      </trkpt>
      <trkpt lat="48.694007406011224" lon="-121.09633404761553">
        <ele>350.06</ele>
        <time>2025-07-28T18:58:56Z</time>
      </trkpt>
      <trkpt lat="48.694107988849282" lon="-121.09635491855443">
        <ele>350.06</ele>
        <time>2025-07-28T18:59:03Z</time>
      </trkpt>
      <trkpt lat="48.694277973845601" lon="-121.09638844616711">
        <ele>350.06</ele>
        <time>2025-07-28T18:59:18Z</time>
      </trkpt>
      <trkpt lat="48.69447042234242" lon="-121.096446281299">
        <ele>350.06</ele>
        <time>2025-07-28T18:59:36Z</time>
      </trkpt>
      <trkpt lat="48.694502860307693" lon="-121.09647930599749">
        <ele>350.54000000000002</ele>
        <time>2025-07-28T18:59:40Z</time>
      </trkpt>
      <trkpt lat="48.694681646302342" lon="-121.09650981612504">
        <ele>350.54000000000002</ele>
        <time>2025-07-28T18:59:56Z</time>
      </trkpt>
      <trkpt lat="48.694851044565439" lon="-121.09662657603621">
        <ele>350.54000000000002</ele>
        <time>2025-07-28T19:00:14Z</time>
      </trkpt>
      <trkpt lat="48.695041984319687" lon="-121.0967483650893">
        <ele>351.01999999999998</ele>
        <time>2025-07-28T19:00:32Z</time>
      </trkpt>
      <trkpt lat="48.695087917149067" lon="-121.09675238840282">
        <ele>351.01999999999998</ele>
        <time>2025-07-28T19:00:37Z</time>
      </trkpt>
      <trkpt lat="48.695258405059576" lon="-121.09675565734506">
        <ele>351.01999999999998</ele>
        <time>2025-07-28T19:00:53Z</time>
      </trkpt>
      <trkpt lat="48.695454373955727" lon="-121.09681583940983">
        <ele>351.01999999999998</ele>
        <time>2025-07-28T19:01:12Z</time>
      </trkpt>
      <trkpt lat="48.695633662864566" lon="-121.09685917384923">
        <ele>351.5</ele>
        <time>2025-07-28T19:01:27Z</time>
      </trkpt>
      <trkpt lat="48.695727121084929" lon="-121.09690066426992">
        <ele>352.45999999999998</ele>
        <time>2025-07-28T19:01:36Z</time>
      </trkpt>
      <trkpt lat="48.69590749964118" lon="-121.09691642224789">
        <ele>352.45999999999998</ele>
        <time>2025-07-28T19:01:52Z</time>
      </trkpt>
      <trkpt lat="48.695935746654868" lon="-121.09694072976708">
        <ele>352.45999999999998</ele>
        <time>2025-07-28T19:01:55Z</time>
      </trkpt>
      <trkpt lat="48.696081675589085" lon="-121.097027733922">
        <ele>352.94</ele>
        <time>2025-07-28T19:02:12Z</time>
      </trkpt>
      <trkpt lat="48.696118723601103" lon="-121.09704625792801">
        <ele>352.94</ele>
        <time>2025-07-28T19:02:16Z</time>
      </trkpt>
      <trkpt lat="48.696274627000093" lon="-121.09711423516273">
        <ele>353.42000000000002</ele>
        <time>2025-07-28T19:02:31Z</time>
      </trkpt>
      <trkpt lat="48.696382418274879" lon="-121.09712144359946">
        <ele>353.42000000000002</ele>
        <time>2025-07-28T19:02:44Z</time>
      </trkpt>
      <trkpt lat="48.696529353037477" lon="-121.09717483632267">
        <ele>353.42000000000002</ele>
        <time>2025-07-28T19:03:00Z</time>
      </trkpt>
      <trkpt lat="48.696701768785715" lon="-121.09717936255038">
        <ele>352.45999999999998</ele>
        <time>2025-07-28T19:03:17Z</time>
      </trkpt>
      <trkpt lat="48.696842668578029" lon="-121.0972558055073">
        <ele>352.45999999999998</ele>
        <time>2025-07-28T19:03:34Z</time>
      </trkpt>
      <trkpt lat="48.696858510375023" lon="-121.09726754017174">
        <ele>353.42000000000002</ele>
        <time>2025-07-28T19:03:36Z</time>
      </trkpt>
      <trkpt lat="48.697010558098555" lon="-121.09730743803084">
        <ele>353.89999999999998</ele>
        <time>2025-07-28T19:03:52Z</time>
      </trkpt>
      <trkpt lat="48.69706311263144" lon="-121.09733685851097">
        <ele>353.89999999999998</ele>
        <time>2025-07-28T19:03:58Z</time>
      </trkpt>
      <trkpt lat="48.697130586951971" lon="-121.09741380438209">
        <ele>353.89999999999998</ele>
        <time>2025-07-28T19:04:07Z</time>
      </trkpt>
      <trkpt lat="48.697200827300549" lon="-121.09743350185454">
        <ele>353.89999999999998</ele>
        <time>2025-07-28T19:04:14Z</time>
      </trkpt>
      <trkpt lat="48.697382882237434" lon="-121.09739947132766">
        <ele>353.89999999999998</ele>
        <time>2025-07-28T19:04:30Z</time>
      </trkpt>
      <trkpt lat="48.697389587759972" lon="-121.09740693122149">
        <ele>353.89999999999998</ele>
        <time>2025-07-28T19:04:31Z</time>
      </trkpt>
      <trkpt lat="48.697566278278828" lon="-121.09752318821847">
        <ele>353.89999999999998</ele>
        <time>2025-07-28T19:04:48Z</time>
      </trkpt>
      <trkpt lat="48.69776182807982" lon="-121.09757456928492">
        <ele>353.89999999999998</ele>
        <time>2025-07-28T19:05:05Z</time>
      </trkpt>
      <trkpt lat="48.69790842756629" lon="-121.09752461314201">
        <ele>354.38</ele>
        <time>2025-07-28T19:05:19Z</time>
      </trkpt>
      <trkpt lat="48.698033653199673" lon="-121.09760256484151">
        <ele>354.38</ele>
        <time>2025-07-28T19:05:33Z</time>
      </trkpt>
      <trkpt lat="48.698191316798329" lon="-121.09767179936171">
        <ele>354.38</ele>
        <time>2025-07-28T19:05:48Z</time>
      </trkpt>
      <trkpt lat="48.698337664827704" lon="-121.09771898947656">
        <ele>354.38</ele>
        <time>2025-07-28T19:06:02Z</time>
      </trkpt>
      <trkpt lat="48.698491556569934" lon="-121.09782753512263">
        <ele>353.42000000000002</ele>
        <time>2025-07-28T19:06:18Z</time>
      </trkpt>
      <trkpt lat="48.698651734739542" lon="-121.09787648543715">
        <ele>354.86000000000001</ele>
        <time>2025-07-28T19:06:35Z</time>
      </trkpt>
      <trkpt lat="48.698801351711154" lon="-121.09785997308791">
        <ele>354.86000000000001</ele>
        <time>2025-07-28T19:06:50Z</time>
      </trkpt>
      <trkpt lat="48.698916435241699" lon="-121.09791252762079">
        <ele>354.86000000000001</ele>
        <time>2025-07-28T19:07:02Z</time>
      </trkpt>
      <trkpt lat="48.699077283963561" lon="-121.097960639745">
        <ele>354.86000000000001</ele>
        <time>2025-07-28T19:07:18Z</time>
      </trkpt>
      <trkpt lat="48.699264787137508" lon="-121.09797078184783">
        <ele>354.86000000000001</ele>
        <time>2025-07-28T19:07:36Z</time>
      </trkpt>
      <trkpt lat="48.699394203722477" lon="-121.09803758561611">
        <ele>355.33999999999997</ele>
        <time>2025-07-28T19:07:50Z</time>
      </trkpt>
      <trkpt lat="48.699452541768551" lon="-121.09807094559073">
        <ele>355.33999999999997</ele>
        <time>2025-07-28T19:07:57Z</time>
      </trkpt>
      <trkpt lat="48.699641218408942" lon="-121.09807647764683">
        <ele>355.82999999999998</ele>
        <time>2025-07-28T19:08:13Z</time>
      </trkpt>
      <trkpt lat="48.699656892567873" lon="-121.09809047542512">
        <ele>355.82999999999998</ele>
        <time>2025-07-28T19:08:15Z</time>
      </trkpt>
      <trkpt lat="48.699820004403591" lon="-121.09816817566752">
        <ele>355.82999999999998</ele>
        <time>2025-07-28T19:08:31Z</time>
      </trkpt>
      <trkpt lat="48.700028462335467" lon="-121.09823690727353">
        <ele>356.31</ele>
        <time>2025-07-28T19:08:50Z</time>
      </trkpt>
      <trkpt lat="48.700197776779532" lon="-121.09829407185316">
        <ele>355.33999999999997</ele>
        <time>2025-07-28T19:09:06Z</time>
      </trkpt>
      <trkpt lat="48.700245469808578" lon="-121.09832910820842">
        <ele>355.33999999999997</ele>
        <time>2025-07-28T19:09:11Z</time>
      </trkpt>
      <trkpt lat="48.700303724035621" lon="-121.09837026335299">
        <ele>356.31</ele>
        <time>2025-07-28T19:09:17Z</time>
      </trkpt>
      <trkpt lat="48.700487120077014" lon="-121.0983850993216">
        <ele>355.33999999999997</ele>
        <time>2025-07-28T19:09:35Z</time>
      </trkpt>
      <trkpt lat="48.700621817260981" lon="-121.09843798913062">
        <ele>356.79000000000002</ele>
        <time>2025-07-28T19:09:50Z</time>
      </trkpt>
      <trkpt lat="48.700646795332432" lon="-121.0984437726438">
        <ele>355.33999999999997</ele>
        <time>2025-07-28T19:09:53Z</time>
      </trkpt>
      <trkpt lat="48.700793646275997" lon="-121.09848350286484">
        <ele>356.31</ele>
        <time>2025-07-28T19:10:12Z</time>
      </trkpt>
      <trkpt lat="48.700955584645271" lon="-121.09854619950056">
        <ele>356.31</ele>
        <time>2025-07-28T19:10:30Z</time>
      </trkpt>
      <trkpt lat="48.701127832755446" lon="-121.09859825111926">
        <ele>354.86000000000001</ele>
        <time>2025-07-28T19:10:49Z</time>
      </trkpt>
      <trkpt lat="48.701271750032902" lon="-121.09863488003612">
        <ele>356.31</ele>
        <time>2025-07-28T19:11:04Z</time>
      </trkpt>
      <trkpt lat="48.701404687017202" lon="-121.09866388142109">
        <ele>356.79000000000002</ele>
        <time>2025-07-28T19:11:21Z</time>
      </trkpt>
      <trkpt lat="48.701503090560436" lon="-121.09863169491291">
        <ele>356.31</ele>
        <time>2025-07-28T19:11:37Z</time>
      </trkpt>
      <trkpt lat="48.701605936512351" lon="-121.0986234806478">
        <ele>356.79000000000002</ele>
        <time>2025-07-28T19:11:49Z</time>
      </trkpt>
      <trkpt lat="48.701723618432879" lon="-121.09865206293762">
        <ele>357.75</ele>
        <time>2025-07-28T19:12:03Z</time>
      </trkpt>
      <trkpt lat="48.701824117451906" lon="-121.09872263856232">
        <ele>355.33999999999997</ele>
        <time>2025-07-28T19:12:20Z</time>
      </trkpt>
      <trkpt lat="48.701826799660921" lon="-121.09872817061841">
        <ele>355.33999999999997</ele>
        <time>2025-07-28T19:12:21Z</time>
      </trkpt>
      <trkpt lat="48.701897375285625" lon="-121.09882389195263">
        <ele>356.31</ele>
        <time>2025-07-28T19:12:37Z</time>
      </trkpt>
      <trkpt lat="48.70197968557477" lon="-121.09891693107784">
        <ele>357.75</ele>
        <time>2025-07-28T19:12:52Z</time>
      </trkpt>
      <trkpt lat="48.702074820175767" lon="-121.09895925968885">
        <ele>355.33999999999997</ele>
        <time>2025-07-28T19:13:06Z</time>
      </trkpt>
      <trkpt lat="48.702095607295632" lon="-121.09897007234395">
        <ele>356.79000000000002</ele>
        <time>2025-07-28T19:13:09Z</time>
      </trkpt>
      <trkpt lat="48.702207170426846" lon="-121.09902128577232">
        <ele>355.82999999999998</ele>
        <time>2025-07-28T19:13:25Z</time>
      </trkpt>
      <trkpt lat="48.702214043587446" lon="-121.09903117641807">
        <ele>355.82999999999998</ele>
        <time>2025-07-28T19:13:26Z</time>
      </trkpt>
      <trkpt lat="48.702335832640529" lon="-121.099120862782">
        <ele>355.82999999999998</ele>
        <time>2025-07-28T19:13:42Z</time>
      </trkpt>
      <trkpt lat="48.702371288090944" lon="-121.09914642758667">
        <ele>356.79000000000002</ele>
        <time>2025-07-28T19:13:47Z</time>
      </trkpt>
      <trkpt lat="48.702470697462559" lon="-121.09920166432858">
        <ele>356.79000000000002</ele>
        <time>2025-07-28T19:14:00Z</time>
      </trkpt>
      <trkpt lat="48.70256407186389" lon="-121.09922781586647">
        <ele>356.79000000000002</ele>
        <time>2025-07-28T19:14:12Z</time>
      </trkpt>
      <trkpt lat="48.702637664973736" lon="-121.0992728266865">
        <ele>355.82999999999998</ele>
        <time>2025-07-28T19:14:21Z</time>
      </trkpt>
      <trkpt lat="48.702691812068224" lon="-121.09933753497899">
        <ele>357.26999999999998</ele>
        <time>2025-07-28T19:14:30Z</time>
      </trkpt>
      <trkpt lat="48.702699020504951" lon="-121.09933577477932">
        <ele>355.33999999999997</ele>
        <time>2025-07-28T19:14:32Z</time>
      </trkpt>
      <trkpt lat="48.702769428491592" lon="-121.0993835516274">
        <ele>356.79000000000002</ele>
        <time>2025-07-28T19:14:46Z</time>
      </trkpt>
      <trkpt lat="48.702801279723644" lon="-121.09939872287214">
        <ele>357.26999999999998</ele>
        <time>2025-07-28T19:14:51Z</time>
      </trkpt>
      <trkpt lat="48.702887026593089" lon="-121.09942747280002">
        <ele>357.26999999999998</ele>
        <time>2025-07-28T19:15:04Z</time>
      </trkpt>
      <trkpt lat="48.702942347154021" lon="-121.09951405785978">
        <ele>356.79000000000002</ele>
        <time>2025-07-28T19:15:16Z</time>
      </trkpt>
      <trkpt lat="48.703053072094917" lon="-121.09960575588048">
        <ele>357.26999999999998</ele>
        <time>2025-07-28T19:15:32Z</time>
      </trkpt>
      <trkpt lat="48.703090790659189" lon="-121.09962830320001">
        <ele>357.26999999999998</ele>
        <time>2025-07-28T19:15:38Z</time>
      </trkpt>
      <trkpt lat="48.703165808692575" lon="-121.09972067177296">
        <ele>357.26999999999998</ele>
        <time>2025-07-28T19:15:52Z</time>
      </trkpt>
      <trkpt lat="48.703267984092236" lon="-121.09976165927947">
        <ele>358.23000000000002</ele>
        <time>2025-07-28T19:16:07Z</time>
      </trkpt>
      <trkpt lat="48.70334786362946" lon="-121.09980063512921">
        <ele>356.79000000000002</ele>
        <time>2025-07-28T19:16:21Z</time>
      </trkpt>
      <trkpt lat="48.70336102321744" lon="-121.09984279610217">
        <ele>354.38</ele>
        <time>2025-07-28T19:16:27Z</time>
      </trkpt>
      <trkpt lat="48.703362783417106" lon="-121.09985176473856">
        <ele>355.82999999999998</ele>
        <time>2025-07-28T19:16:29Z</time>
      </trkpt>
      <trkpt lat="48.703381307423115" lon="-121.09994589351118">
        <ele>357.26999999999998</ele>
        <time>2025-07-28T19:16:44Z</time>
      </trkpt>
      <trkpt lat="48.703456493094563" lon="-121.10002753324807">
        <ele>357.26999999999998</ele>
        <time>2025-07-28T19:17:02Z</time>
      </trkpt>
      <trkpt lat="48.703533187508583" lon="-121.10009022988379">
        <ele>357.26999999999998</ele>
        <time>2025-07-28T19:17:15Z</time>
      </trkpt>
      <trkpt lat="48.703610468655825" lon="-121.1001655831933">
        <ele>357.26999999999998</ele>
        <time>2025-07-28T19:17:31Z</time>
      </trkpt>
      <trkpt lat="48.703679200261831" lon="-121.10025091096759">
        <ele>356.79000000000002</ele>
        <time>2025-07-28T19:17:45Z</time>
      </trkpt>
      <trkpt lat="48.703787159174681" lon="-121.10029826872051">
        <ele>358.70999999999998</ele>
        <time>2025-07-28T19:18:01Z</time>
      </trkpt>
      <trkpt lat="48.703795457258821" lon="-121.10031050629914">
        <ele>357.26999999999998</ele>
        <time>2025-07-28T19:18:03Z</time>
      </trkpt>
      <trkpt lat="48.703888664022088" lon="-121.10038946382701">
        <ele>356.79000000000002</ele>
        <time>2025-07-28T19:18:19Z</time>
      </trkpt>
      <trkpt lat="48.703973991796374" lon="-121.10045651905239">
        <ele>356.79000000000002</ele>
        <time>2025-07-28T19:18:33Z</time>
      </trkpt>
      <trkpt lat="48.704097373411059" lon="-121.10053606331348">
        <ele>356.79000000000002</ele>
        <time>2025-07-28T19:18:51Z</time>
      </trkpt>
      <trkpt lat="48.704144731163979" lon="-121.10057059675455">
        <ele>356.79000000000002</ele>
        <time>2025-07-28T19:18:57Z</time>
      </trkpt>
      <trkpt lat="48.704265682026744" lon="-121.10064821317792">
        <ele>356.79000000000002</ele>
        <time>2025-07-28T19:19:15Z</time>
      </trkpt>
      <trkpt lat="48.704331815242767" lon="-121.10067126341164">
        <ele>359.19</ele>
        <time>2025-07-28T19:19:23Z</time>
      </trkpt>
      <trkpt lat="48.704350758343935" lon="-121.10068341717124">
        <ele>357.75</ele>
        <time>2025-07-28T19:19:26Z</time>
      </trkpt>
      <trkpt lat="48.704422507435083" lon="-121.10075416043401">
        <ele>358.23000000000002</ele>
        <time>2025-07-28T19:19:38Z</time>
      </trkpt>
      <trkpt lat="48.704555947333574" lon="-121.10084149986506">
        <ele>358.23000000000002</ele>
        <time>2025-07-28T19:19:57Z</time>
      </trkpt>
      <trkpt lat="48.704644963145256" lon="-121.10091090202332">
        <ele>358.23000000000002</ele>
        <time>2025-07-28T19:20:14Z</time>
      </trkpt>
      <trkpt lat="48.704739678651094" lon="-121.10096630640328">
        <ele>358.23000000000002</ele>
        <time>2025-07-28T19:20:32Z</time>
      </trkpt>
      <trkpt lat="48.704741941764951" lon="-121.10097007825971">
        <ele>358.23000000000002</ele>
        <time>2025-07-28T19:20:33Z</time>
      </trkpt>
      <trkpt lat="48.704753676429391" lon="-121.10098214820027">
        <ele>357.26999999999998</ele>
        <time>2025-07-28T19:20:36Z</time>
      </trkpt>
      <trkpt lat="48.704792819917202" lon="-121.10104870051146">
        <ele>357.75</ele>
        <time>2025-07-28T19:20:48Z</time>
      </trkpt>
      <trkpt lat="48.704879991710186" lon="-121.10112095251679">
        <ele>358.23000000000002</ele>
        <time>2025-07-28T19:21:05Z</time>
      </trkpt>
      <trkpt lat="48.704929864034057" lon="-121.10115179792047">
        <ele>358.70999999999998</ele>
        <time>2025-07-28T19:21:13Z</time>
      </trkpt>
      <trkpt lat="48.705026339739561" lon="-121.10117996111512">
        <ele>357.75</ele>
        <time>2025-07-28T19:21:29Z</time>
      </trkpt>
      <trkpt lat="48.70506389066577" lon="-121.10121985897422">
        <ele>358.23000000000002</ele>
        <time>2025-07-28T19:21:36Z</time>
      </trkpt>
      <trkpt lat="48.705079397186637" lon="-121.10123729333282">
        <ele>357.26999999999998</ele>
        <time>2025-07-28T19:21:39Z</time>
      </trkpt>
      <trkpt lat="48.70517436414957" lon="-121.10129806213081">
        <ele>357.26999999999998</ele>
        <time>2025-07-28T19:21:52Z</time>
      </trkpt>
      <trkpt lat="48.705305876210332" lon="-121.10133930109441">
        <ele>358.70999999999998</ele>
        <time>2025-07-28T19:22:08Z</time>
      </trkpt>
      <trkpt lat="48.705398244783282" lon="-121.10138414427638">
        <ele>355.82999999999998</ele>
        <time>2025-07-28T19:22:19Z</time>
      </trkpt>
      <trkpt lat="48.705510143190622" lon="-121.10145857557654">
        <ele>358.70999999999998</ele>
        <time>2025-07-28T19:22:35Z</time>
      </trkpt>
      <trkpt lat="48.705536797642708" lon="-121.10148078761995">
        <ele>356.31</ele>
        <time>2025-07-28T19:22:39Z</time>
      </trkpt>
      <trkpt lat="48.705575438216329" lon="-121.10150643624365">
        <ele>357.75</ele>
        <time>2025-07-28T19:22:44Z</time>
      </trkpt>
      <trkpt lat="48.705666214227676" lon="-121.10154105350375">
        <ele>358.70999999999998</ele>
        <time>2025-07-28T19:22:56Z</time>
      </trkpt>
      <trkpt lat="48.705705273896456" lon="-121.10157215036452">
        <ele>357.75</ele>
        <time>2025-07-28T19:23:01Z</time>
      </trkpt>
      <trkpt lat="48.70582127943635" lon="-121.10165110789239">
        <ele>357.75</ele>
        <time>2025-07-28T19:23:18Z</time>
      </trkpt>
      <trkpt lat="48.705865871161222" lon="-121.10169863328338">
        <ele>358.23000000000002</ele>
        <time>2025-07-28T19:23:25Z</time>
      </trkpt>
      <trkpt lat="48.70597424916923" lon="-121.10174808651209">
        <ele>358.23000000000002</ele>
        <time>2025-07-28T19:23:41Z</time>
      </trkpt>
      <trkpt lat="48.70601138100028" lon="-121.1017597373575">
        <ele>357.26999999999998</ele>
        <time>2025-07-28T19:23:45Z</time>
      </trkpt>
      <trkpt lat="48.706125458702445" lon="-121.10180416144431">
        <ele>358.23000000000002</ele>
        <time>2025-07-28T19:23:59Z</time>
      </trkpt>
      <trkpt lat="48.706174409016967" lon="-121.10183710232377">
        <ele>357.26999999999998</ele>
        <time>2025-07-28T19:24:05Z</time>
      </trkpt>
      <trkpt lat="48.706271974369884" lon="-121.10194011591375">
        <ele>358.70999999999998</ele>
        <time>2025-07-28T19:24:22Z</time>
      </trkpt>
      <trkpt lat="48.706275327131152" lon="-121.10194338485599">
        <ele>358.70999999999998</ele>
        <time>2025-07-28T19:24:23Z</time>
      </trkpt>
      <trkpt lat="48.706342885270715" lon="-121.10198671929538">
        <ele>356.31</ele>
        <time>2025-07-28T19:24:34Z</time>
      </trkpt>
      <trkpt lat="48.706372976303101" lon="-121.10201303847134">
        <ele>358.23000000000002</ele>
        <time>2025-07-28T19:24:39Z</time>
      </trkpt>
      <trkpt lat="48.706427458673716" lon="-121.1020443867892">
        <ele>356.79000000000002</ele>
        <time>2025-07-28T19:24:47Z</time>
      </trkpt>
      <trkpt lat="48.706443468108773" lon="-121.10206416808069">
        <ele>358.70999999999998</ele>
        <time>2025-07-28T19:24:50Z</time>
      </trkpt>
      <trkpt lat="48.706515049561858" lon="-121.10208177007735">
        <ele>357.75</ele>
        <time>2025-07-28T19:25:00Z</time>
      </trkpt>
      <trkpt lat="48.706625606864691" lon="-121.10211982391775">
        <ele>358.23000000000002</ele>
        <time>2025-07-28T19:25:17Z</time>
      </trkpt>
      <trkpt lat="48.706712191924453" lon="-121.1021810118109">
        <ele>357.26999999999998</ele>
        <time>2025-07-28T19:25:29Z</time>
      </trkpt>
      <trkpt lat="48.706844709813595" lon="-121.10229249112308">
        <ele>356.79000000000002</ele>
        <time>2025-07-28T19:25:47Z</time>
      </trkpt>
      <trkpt lat="48.706900700926781" lon="-121.10233406536281">
        <ele>358.23000000000002</ele>
        <time>2025-07-28T19:25:55Z</time>
      </trkpt>
      <trkpt lat="48.707030704244971" lon="-121.10238083638251">
        <ele>357.75</ele>
        <time>2025-07-28T19:26:13Z</time>
      </trkpt>
      <trkpt lat="48.707097005099058" lon="-121.10238678753376">
        <ele>356.79000000000002</ele>
        <time>2025-07-28T19:26:23Z</time>
      </trkpt>
      <trkpt lat="48.707246873527765" lon="-121.10240497626364">
        <ele>356.79000000000002</ele>
        <time>2025-07-28T19:26:41Z</time>
      </trkpt>
      <trkpt lat="48.707294398918748" lon="-121.10241956077516">
        <ele>358.23000000000002</ele>
        <time>2025-07-28T19:26:46Z</time>
      </trkpt>
      <trkpt lat="48.707399256527424" lon="-121.10239634290338">
        <ele>356.79000000000002</ele>
        <time>2025-07-28T19:26:59Z</time>
      </trkpt>
      <trkpt lat="48.707438064739108" lon="-121.10242333263159">
        <ele>354.86000000000001</ele>
        <time>2025-07-28T19:27:05Z</time>
      </trkpt>
      <trkpt lat="48.707467066124082" lon="-121.10249491408467">
        <ele>358.23000000000002</ele>
        <time>2025-07-28T19:27:14Z</time>
      </trkpt>
      <trkpt lat="48.707477543503046" lon="-121.10251687467098">
        <ele>358.23000000000002</ele>
        <time>2025-07-28T19:27:19Z</time>
      </trkpt>
      <trkpt lat="48.707541078329086" lon="-121.10249332152307">
        <ele>359.19</ele>
        <time>2025-07-28T19:27:34Z</time>
      </trkpt>
      <trkpt lat="48.707606708630919" lon="-121.10242660157382">
        <ele>356.79000000000002</ele>
        <time>2025-07-28T19:27:51Z</time>
      </trkpt>
      <trkpt lat="48.70772447437048" lon="-121.10249692574143">
        <ele>358.70999999999998</ele>
        <time>2025-07-28T19:28:09Z</time>
      </trkpt>
      <trkpt lat="48.707811394706368" lon="-121.10253967344761">
        <ele>357.75</ele>
        <time>2025-07-28T19:28:24Z</time>
      </trkpt>
      <trkpt lat="48.707822542637587" lon="-121.10255769453943">
        <ele>359.19</ele>
        <time>2025-07-28T19:28:27Z</time>
      </trkpt>
      <trkpt lat="48.707909882068634" lon="-121.102593569085">
        <ele>358.70999999999998</ele>
        <time>2025-07-28T19:28:42Z</time>
      </trkpt>
      <trkpt lat="48.707967298105359" lon="-121.10264427959919">
        <ele>358.70999999999998</ele>
        <time>2025-07-28T19:28:50Z</time>
      </trkpt>
      <trkpt lat="48.708108449354768" lon="-121.10269683413208">
        <ele>358.23000000000002</ele>
        <time>2025-07-28T19:29:09Z</time>
      </trkpt>
      <trkpt lat="48.70815253816545" lon="-121.10270068980753">
        <ele>359.67000000000002</ele>
        <time>2025-07-28T19:29:15Z</time>
      </trkpt>
      <trkpt lat="48.708237446844578" lon="-121.10268283635378">
        <ele>358.23000000000002</ele>
        <time>2025-07-28T19:29:26Z</time>
      </trkpt>
      <trkpt lat="48.708325540646911" lon="-121.10275173559785">
        <ele>358.70999999999998</ele>
        <time>2025-07-28T19:29:40Z</time>
      </trkpt>
      <trkpt lat="48.708357224240899" lon="-121.10278903506696">
        <ele>360.14999999999998</ele>
        <time>2025-07-28T19:29:48Z</time>
      </trkpt>
      <trkpt lat="48.708373233675957" lon="-121.10280194319785">
        <ele>358.70999999999998</ele>
        <time>2025-07-28T19:29:53Z</time>
      </trkpt>
      <trkpt lat="48.708442887291312" lon="-121.10281552188098">
        <ele>360.63</ele>
        <time>2025-07-28T19:30:08Z</time>
      </trkpt>
      <trkpt lat="48.708449928089976" lon="-121.10279330983758">
        <ele>359.19</ele>
        <time>2025-07-28T19:30:12Z</time>
      </trkpt>
      <trkpt lat="48.708513798192143" lon="-121.10277595929801">
        <ele>358.23000000000002</ele>
        <time>2025-07-28T19:30:31Z</time>
      </trkpt>
      <trkpt lat="48.708609016612172" lon="-121.10297092236578">
        <ele>358.23000000000002</ele>
        <time>2025-07-28T19:30:51Z</time>
      </trkpt>
      <trkpt lat="48.7086196616292" lon="-121.10299539752305">
        <ele>358.23000000000002</ele>
        <time>2025-07-28T19:30:53Z</time>
      </trkpt>
      <trkpt lat="48.708770619705319" lon="-121.10325657762587">
        <ele>360.63</ele>
        <time>2025-07-28T19:31:12Z</time>
      </trkpt>
      <trkpt lat="48.708796687424183" lon="-121.1033311765641">
        <ele>359.67000000000002</ele>
        <time>2025-07-28T19:31:17Z</time>
      </trkpt>
      <trkpt lat="48.708868939429522" lon="-121.10345757566392">
        <ele>359.19</ele>
        <time>2025-07-28T19:31:35Z</time>
      </trkpt>
      <trkpt lat="48.708877488970757" lon="-121.10347333364189">
        <ele>359.19</ele>
        <time>2025-07-28T19:31:54Z</time>
      </trkpt>
      <trkpt lat="48.70885418727994" lon="-121.10345807857811">
        <ele>360.14999999999998</ele>
        <time>2025-07-28T19:32:10Z</time>
      </trkpt>
      <trkpt lat="48.708853768184781" lon="-121.10346537083387">
        <ele>360.14999999999998</ele>
        <time>2025-07-28T19:32:28Z</time>
      </trkpt>
      <trkpt lat="48.708866676315665" lon="-121.10348397865891">
        <ele>359.67000000000002</ele>
        <time>2025-07-28T19:32:46Z</time>
      </trkpt>
      <trkpt lat="48.708847984671593" lon="-121.10346034169197">
        <ele>360.63</ele>
        <time>2025-07-28T19:33:02Z</time>
      </trkpt>
      <trkpt lat="48.708813367411494" lon="-121.10347274690866">
        <ele>360.14999999999998</ele>
        <time>2025-07-28T19:33:23Z</time>
      </trkpt>
      <trkpt lat="48.708803812041879" lon="-121.10348724760115">
        <ele>360.14999999999998</ele>
        <time>2025-07-28T19:33:46Z</time>
      </trkpt>
      <trkpt lat="48.708798699080944" lon="-121.10348096117377">
        <ele>359.19</ele>
        <time>2025-07-28T19:34:02Z</time>
      </trkpt>
      <trkpt lat="48.708712784573436" lon="-121.10304124653339">
        <ele>362.06999999999999</ele>
        <time>2025-07-28T19:37:21Z</time>
      </trkpt>
      <trkpt lat="48.708735499531031" lon="-121.1030790489167">
        <ele>369.27999999999997</ele>
        <time>2025-07-28T19:37:23Z</time>
      </trkpt>
      <trkpt lat="48.70874036103487" lon="-121.1030909512192">
        <ele>372.17000000000002</ele>
        <time>2025-07-28T19:37:24Z</time>
      </trkpt>
      <trkpt lat="48.7087457254529" lon="-121.10312129370868">
        <ele>374.08999999999997</ele>
        <time>2025-07-28T19:37:26Z</time>
      </trkpt>
      <trkpt lat="48.708751508966088" lon="-121.10315591096878">
        <ele>377.44999999999999</ele>
        <time>2025-07-28T19:37:28Z</time>
      </trkpt>
      <trkpt lat="48.708768440410495" lon="-121.10320268198848">
        <ele>380.81999999999999</ele>
        <time>2025-07-28T19:37:31Z</time>
      </trkpt>
      <trkpt lat="48.708779755979776" lon="-121.10322933644056">
        <ele>385.14999999999998</ele>
        <time>2025-07-28T19:37:34Z</time>
      </trkpt>
      <trkpt lat="48.708783108741045" lon="-121.10329622402787">
        <ele>387.55000000000001</ele>
        <time>2025-07-28T19:37:40Z</time>
      </trkpt>
      <trkpt lat="48.708810182288289" lon="-121.10335171222687">
        <ele>388.02999999999997</ele>
        <time>2025-07-28T19:37:57Z</time>
      </trkpt>
      <trkpt lat="48.708883859217167" lon="-121.1033880058676">
        <ele>388.02999999999997</ele>
        <time>2025-07-28T19:38:08Z</time>
      </trkpt>
      <trkpt lat="48.709040014073253" lon="-121.10346570611">
        <ele>388.02999999999997</ele>
        <time>2025-07-28T19:38:28Z</time>
      </trkpt>
      <trkpt lat="48.709130035713315" lon="-121.10338691622019">
        <ele>387.55000000000001</ele>
        <time>2025-07-28T19:38:39Z</time>
      </trkpt>
      <trkpt lat="48.709217710420489" lon="-121.10336386598647">
        <ele>387.55000000000001</ele>
        <time>2025-07-28T19:38:51Z</time>
      </trkpt>
      <trkpt lat="48.709404040127993" lon="-121.10337710939348">
        <ele>386.58999999999997</ele>
        <time>2025-07-28T19:39:10Z</time>
      </trkpt>
      <trkpt lat="48.709549969062209" lon="-121.10340778715909">
        <ele>386.11000000000001</ele>
        <time>2025-07-28T19:39:25Z</time>
      </trkpt>
      <trkpt lat="48.709725569933653" lon="-121.10340720042586">
        <ele>385.63</ele>
        <time>2025-07-28T19:39:41Z</time>
      </trkpt>
      <trkpt lat="48.709853142499924" lon="-121.10343930311501">
        <ele>385.14999999999998</ele>
        <time>2025-07-28T19:39:56Z</time>
      </trkpt>
      <trkpt lat="48.709997646510601" lon="-121.10344709828496">
        <ele>384.66000000000003</ele>
        <time>2025-07-28T19:40:15Z</time>
      </trkpt>
      <trkpt lat="48.710100241005421" lon="-121.10353267751634">
        <ele>384.18000000000001</ele>
        <time>2025-07-28T19:40:29Z</time>
      </trkpt>
      <trkpt lat="48.710138043388724" lon="-121.10358715988696">
        <ele>384.18000000000001</ele>
        <time>2025-07-28T19:40:35Z</time>
      </trkpt>
      <trkpt lat="48.710255976766348" lon="-121.10369478352368">
        <ele>384.18000000000001</ele>
        <time>2025-07-28T19:40:50Z</time>
      </trkpt>
      <trkpt lat="48.710378017276525" lon="-121.10373065806925">
        <ele>383.22000000000003</ele>
        <time>2025-07-28T19:41:03Z</time>
      </trkpt>
      <trkpt lat="48.710506595671177" lon="-121.10380810685456">
        <ele>382.74000000000001</ele>
        <time>2025-07-28T19:41:18Z</time>
      </trkpt>
      <trkpt lat="48.7106245290488" lon="-121.10385546460748">
        <ele>382.74000000000001</ele>
        <time>2025-07-28T19:41:32Z</time>
      </trkpt>
      <trkpt lat="48.7107471562922" lon="-121.10388689674437">
        <ele>381.77999999999997</ele>
        <time>2025-07-28T19:41:46Z</time>
      </trkpt>
      <trkpt lat="48.710821168497205" lon="-121.1038925126195">
        <ele>381.77999999999997</ele>
        <time>2025-07-28T19:41:53Z</time>
      </trkpt>
      <trkpt lat="48.710999870672822" lon="-121.10386510379612">
        <ele>380.81999999999999</ele>
        <time>2025-07-28T19:42:09Z</time>
      </trkpt>
      <trkpt lat="48.711180416867137" lon="-121.10383735969663">
        <ele>380.81999999999999</ele>
        <time>2025-07-28T19:42:25Z</time>
      </trkpt>
      <trkpt lat="48.71132374741137" lon="-121.1037162411958">
        <ele>381.77999999999997</ele>
        <time>2025-07-28T19:42:40Z</time>
      </trkpt>
      <trkpt lat="48.711502198129892" lon="-121.10362278297544">
        <ele>381.77999999999997</ele>
        <time>2025-07-28T19:42:55Z</time>
      </trkpt>
      <trkpt lat="48.711576964706182" lon="-121.10363745130599">
        <ele>381.77999999999997</ele>
        <time>2025-07-28T19:43:01Z</time>
      </trkpt>
      <trkpt lat="48.711720546707511" lon="-121.10363133251667">
        <ele>381.30000000000001</ele>
        <time>2025-07-28T19:43:18Z</time>
      </trkpt>
      <trkpt lat="48.711750386282802" lon="-121.10357693396509">
        <ele>379.86000000000001</ele>
        <time>2025-07-28T19:43:26Z</time>
      </trkpt>
      <trkpt lat="48.711772514507174" lon="-121.10354189760983">
        <ele>379.86000000000001</ele>
        <time>2025-07-28T19:43:30Z</time>
      </trkpt>
      <trkpt lat="48.711922718212008" lon="-121.10326269641519">
        <ele>379.86000000000001</ele>
        <time>2025-07-28T19:43:49Z</time>
      </trkpt>
      <trkpt lat="48.711927495896816" lon="-121.10324299894273">
        <ele>379.86000000000001</ele>
        <time>2025-07-28T19:43:50Z</time>
      </trkpt>
      <trkpt lat="48.712023636326194" lon="-121.1029545776546">
        <ele>379.38</ele>
        <time>2025-07-28T19:44:05Z</time>
      </trkpt>
      <trkpt lat="48.71216026134789" lon="-121.10267009586096">
        <ele>379.38</ele>
        <time>2025-07-28T19:44:22Z</time>
      </trkpt>
      <trkpt lat="48.712248941883445" lon="-121.10240271314979">
        <ele>379.38</ele>
        <time>2025-07-28T19:44:38Z</time>
      </trkpt>
      <trkpt lat="48.712465530261397" lon="-121.1020877212286">
        <ele>380.33999999999997</ele>
        <time>2025-07-28T19:44:58Z</time>
      </trkpt>
      <trkpt lat="48.712496794760227" lon="-121.10179200768471">
        <ele>379.86000000000001</ele>
        <time>2025-07-28T19:45:13Z</time>
      </trkpt>
      <trkpt lat="48.712429739534855" lon="-121.10153979621828">
        <ele>379.86000000000001</ele>
        <time>2025-07-28T19:45:29Z</time>
      </trkpt>
      <trkpt lat="48.712432002648711" lon="-121.10145337879658">
        <ele>379.86000000000001</ele>
        <time>2025-07-28T19:45:37Z</time>
      </trkpt>
      <trkpt lat="48.712471146136522" lon="-121.1011103913188">
        <ele>379.38</ele>
        <time>2025-07-28T19:45:54Z</time>
      </trkpt>
      <trkpt lat="48.712458405643702" lon="-121.10084300860763">
        <ele>379.38</ele>
        <time>2025-07-28T19:46:07Z</time>
      </trkpt>
      <trkpt lat="48.712432170286775" lon="-121.10061585903168">
        <ele>380.33999999999997</ele>
        <time>2025-07-28T19:46:19Z</time>
      </trkpt>
      <trkpt lat="48.712499728426337" lon="-121.1001967638731">
        <ele>380.33999999999997</ele>
        <time>2025-07-28T19:46:38Z</time>
      </trkpt>
      <trkpt lat="48.712569298222661" lon="-121.09976434148848">
        <ele>378.89999999999998</ele>
        <time>2025-07-28T19:46:58Z</time>
      </trkpt>
      <trkpt lat="48.712569130584598" lon="-121.09948405064642">
        <ele>377.94</ele>
        <time>2025-07-28T19:47:09Z</time>
      </trkpt>
      <trkpt lat="48.712610621005297" lon="-121.09916595742106">
        <ele>377.94</ele>
        <time>2025-07-28T19:47:24Z</time>
      </trkpt>
      <trkpt lat="48.712617075070739" lon="-121.09884719364345">
        <ele>378.89999999999998</ele>
        <time>2025-07-28T19:47:40Z</time>
      </trkpt>
      <trkpt lat="48.712625708431005" lon="-121.09851091168821">
        <ele>378.89999999999998</ele>
        <time>2025-07-28T19:47:56Z</time>
      </trkpt>
      <trkpt lat="48.712630150839686" lon="-121.09819449484348">
        <ele>378.42000000000002</ele>
        <time>2025-07-28T19:48:10Z</time>
      </trkpt>
      <trkpt lat="48.712674574926496" lon="-121.09782787039876">
        <ele>378.89999999999998</ele>
        <time>2025-07-28T19:48:27Z</time>
      </trkpt>
      <trkpt lat="48.712681112810969" lon="-121.09755604527891">
        <ele>378.89999999999998</ele>
        <time>2025-07-28T19:48:40Z</time>
      </trkpt>
      <trkpt lat="48.712630067020655" lon="-121.09724289737642">
        <ele>378.89999999999998</ele>
        <time>2025-07-28T19:48:54Z</time>
      </trkpt>
      <trkpt lat="48.712635766714811" lon="-121.09703972004354">
        <ele>378.42000000000002</ele>
        <time>2025-07-28T19:49:03Z</time>
      </trkpt>
      <trkpt lat="48.712638951838017" lon="-121.09665364958346">
        <ele>378.42000000000002</ele>
        <time>2025-07-28T19:49:19Z</time>
      </trkpt>
      <trkpt lat="48.712696451693773" lon="-121.09630018472672">
        <ele>378.42000000000002</ele>
        <time>2025-07-28T19:49:34Z</time>
      </trkpt>
      <trkpt lat="48.712718999013305" lon="-121.09592735767365">
        <ele>377.94</ele>
        <time>2025-07-28T19:49:50Z</time>
      </trkpt>
      <trkpt lat="48.712674658745527" lon="-121.09567497856915">
        <ele>377.94</ele>
        <time>2025-07-28T19:50:01Z</time>
      </trkpt>
      <trkpt lat="48.712705336511135" lon="-121.09535990282893">
        <ele>377.94</ele>
        <time>2025-07-28T19:50:15Z</time>
      </trkpt>
      <trkpt lat="48.712743557989597" lon="-121.09514180570841">
        <ele>377.44999999999999</ele>
        <time>2025-07-28T19:50:33Z</time>
      </trkpt>
      <trkpt lat="48.712739367038012" lon="-121.09508447349072">
        <ele>377.44999999999999</ele>
        <time>2025-07-28T19:50:37Z</time>
      </trkpt>
      <trkpt lat="48.712715143337846" lon="-121.09478523954749">
        <ele>377.44999999999999</ele>
        <time>2025-07-28T19:50:52Z</time>
      </trkpt>
      <trkpt lat="48.712646076455712" lon="-121.09449899755418">
        <ele>376.00999999999999</ele>
        <time>2025-07-28T19:51:06Z</time>
      </trkpt>
      <trkpt lat="48.712583296000957" lon="-121.09425080940127">
        <ele>376.00999999999999</ele>
        <time>2025-07-28T19:51:18Z</time>
      </trkpt>
      <trkpt lat="48.712506936863065" lon="-121.09384135343134">
        <ele>376.97000000000003</ele>
        <time>2025-07-28T19:51:35Z</time>
      </trkpt>
      <trkpt lat="48.712504506111145" lon="-121.09349744394422">
        <ele>376.49000000000001</ele>
        <time>2025-07-28T19:51:50Z</time>
      </trkpt>
      <trkpt lat="48.712521186098456" lon="-121.09317809343338">
        <ele>376.49000000000001</ele>
        <time>2025-07-28T19:52:07Z</time>
      </trkpt>
      <trkpt lat="48.712451616302133" lon="-121.09289688058197">
        <ele>376.49000000000001</ele>
        <time>2025-07-28T19:52:21Z</time>
      </trkpt>
      <trkpt lat="48.712375089526176" lon="-121.09264332801104">
        <ele>376.00999999999999</ele>
        <time>2025-07-28T19:52:35Z</time>
      </trkpt>
      <trkpt lat="48.712340220808983" lon="-121.09231576323509">
        <ele>376.00999999999999</ele>
        <time>2025-07-28T19:52:50Z</time>
      </trkpt>
      <trkpt lat="48.712330749258399" lon="-121.09194871969521">
        <ele>376.00999999999999</ele>
        <time>2025-07-28T19:53:06Z</time>
      </trkpt>
      <trkpt lat="48.712286408990622" lon="-121.09164588153362">
        <ele>376.00999999999999</ele>
        <time>2025-07-28T19:53:19Z</time>
      </trkpt>
      <trkpt lat="48.712303759530187" lon="-121.09143423847854">
        <ele>375.52999999999997</ele>
        <time>2025-07-28T19:53:28Z</time>
      </trkpt>
      <trkpt lat="48.712325552478433" lon="-121.09118194319308">
        <ele>375.52999999999997</ele>
        <time>2025-07-28T19:53:39Z</time>
      </trkpt>
      <trkpt lat="48.712313147261739" lon="-121.09112972393632">
        <ele>375.52999999999997</ele>
        <time>2025-07-28T19:53:42Z</time>
      </trkpt>
      <trkpt lat="48.712259335443377" lon="-121.0908233653754">
        <ele>375.52999999999997</ele>
        <time>2025-07-28T19:53:58Z</time>
      </trkpt>
      <trkpt lat="48.712220024317503" lon="-121.09054408036172">
        <ele>375.05000000000001</ele>
        <time>2025-07-28T19:54:12Z</time>
      </trkpt>
      <trkpt lat="48.712145006284118" lon="-121.09030947089195">
        <ele>374.08999999999997</ele>
        <time>2025-07-28T19:54:26Z</time>
      </trkpt>
      <trkpt lat="48.712059510871768" lon="-121.09019824303687">
        <ele>374.08999999999997</ele>
        <time>2025-07-28T19:54:43Z</time>
      </trkpt>
      <trkpt lat="48.712051967158914" lon="-121.09014585614204">
        <ele>374.08999999999997</ele>
        <time>2025-07-28T19:54:57Z</time>
      </trkpt>
      <trkpt lat="48.712023803964257" lon="-121.09007092192769">
        <ele>373.61000000000001</ele>
        <time>2025-07-28T19:55:05Z</time>
      </trkpt>
      <trkpt lat="48.711961526423693" lon="-121.08984486199915">
        <ele>373.61000000000001</ele>
        <time>2025-07-28T19:55:20Z</time>
      </trkpt>
      <trkpt lat="48.711906876415014" lon="-121.08957957476377">
        <ele>373.61000000000001</ele>
        <time>2025-07-28T19:55:34Z</time>
      </trkpt>
      <trkpt lat="48.711832948029041" lon="-121.08920238912106">
        <ele>373.61000000000001</ele>
        <time>2025-07-28T19:55:52Z</time>
      </trkpt>
      <trkpt lat="48.711741417646408" lon="-121.08890030533075">
        <ele>373.61000000000001</ele>
        <time>2025-07-28T19:56:06Z</time>
      </trkpt>
      <trkpt lat="48.711697328835726" lon="-121.08852680772543">
        <ele>373.13</ele>
        <time>2025-07-28T19:56:24Z</time>
      </trkpt>
      <trkpt lat="48.711640667170286" lon="-121.08818239532411">
        <ele>373.13</ele>
        <time>2025-07-28T19:56:41Z</time>
      </trkpt>
      <trkpt lat="48.711645696312189" lon="-121.08805415220559">
        <ele>373.13</ele>
        <time>2025-07-28T19:56:48Z</time>
      </trkpt>
      <trkpt lat="48.711636643856764" lon="-121.08790428377688">
        <ele>372.17000000000002</ele>
        <time>2025-07-28T19:56:56Z</time>
      </trkpt>
      <trkpt lat="48.7116296030581" lon="-121.08777637593448">
        <ele>373.61000000000001</ele>
        <time>2025-07-28T19:57:04Z</time>
      </trkpt>
      <trkpt lat="48.711607223376632" lon="-121.08757453970611">
        <ele>373.61000000000001</ele>
        <time>2025-07-28T19:57:14Z</time>
      </trkpt>
      <trkpt lat="48.711593979969621" lon="-121.08727647922933">
        <ele>373.13</ele>
        <time>2025-07-28T19:57:30Z</time>
      </trkpt>
      <trkpt lat="48.711565062403679" lon="-121.08690122142434">
        <ele>373.13</ele>
        <time>2025-07-28T19:57:49Z</time>
      </trkpt>
      <trkpt lat="48.711641756817698" lon="-121.08657843433321">
        <ele>373.13</ele>
        <time>2025-07-28T19:58:05Z</time>
      </trkpt>
      <trkpt lat="48.711652737110853" lon="-121.08652059920132">
        <ele>372.17000000000002</ele>
        <time>2025-07-28T19:58:08Z</time>
      </trkpt>
      <trkpt lat="48.71172096580267" lon="-121.08631700277328">
        <ele>371.69</ele>
        <time>2025-07-28T19:58:21Z</time>
      </trkpt>
      <trkpt lat="48.711740579456091" lon="-121.08627911657095">
        <ele>371.69</ele>
        <time>2025-07-28T19:58:24Z</time>
      </trkpt>
      <trkpt lat="48.711777627468109" lon="-121.08622538857162">
        <ele>371.69</ele>
        <time>2025-07-28T19:58:28Z</time>
      </trkpt>
      <trkpt lat="48.711830684915185" lon="-121.0860987380147">
        <ele>371.69</ele>
        <time>2025-07-28T19:58:36Z</time>
      </trkpt>
      <trkpt lat="48.711897237226367" lon="-121.08579464256763">
        <ele>371.69</ele>
        <time>2025-07-28T19:58:53Z</time>
      </trkpt>
      <trkpt lat="48.711920287460089" lon="-121.0857202950865">
        <ele>373.13</ele>
        <time>2025-07-28T19:58:58Z</time>
      </trkpt>
      <trkpt lat="48.711959011852741" lon="-121.08563060872257">
        <ele>371.69</ele>
        <time>2025-07-28T19:59:05Z</time>
      </trkpt>
      <trkpt lat="48.711995389312506" lon="-121.08552826568484">
        <ele>373.61000000000001</ele>
        <time>2025-07-28T19:59:12Z</time>
      </trkpt>
      <trkpt lat="48.711999915540218" lon="-121.08551368117332">
        <ele>373.61000000000001</ele>
        <time>2025-07-28T19:59:13Z</time>
      </trkpt>
      <trkpt lat="48.712011901661754" lon="-121.08549079857767">
        <ele>371.69</ele>
        <time>2025-07-28T19:59:15Z</time>
      </trkpt>
      <trkpt lat="48.71211675927043" lon="-121.08528753742576">
        <ele>372.17000000000002</ele>
        <time>2025-07-28T19:59:27Z</time>
      </trkpt>
      <trkpt lat="48.712241817265749" lon="-121.08506692573428">
        <ele>370.73000000000002</ele>
        <time>2025-07-28T19:59:41Z</time>
      </trkpt>
      <trkpt lat="48.712377017363906" lon="-121.08488688245416">
        <ele>371.69</ele>
        <time>2025-07-28T19:59:55Z</time>
      </trkpt>
      <trkpt lat="48.712514480575919" lon="-121.08469577506185">
        <ele>372.17000000000002</ele>
        <time>2025-07-28T20:00:08Z</time>
      </trkpt>
      <trkpt lat="48.712652195245028" lon="-121.08456292189658">
        <ele>372.17000000000002</ele>
        <time>2025-07-28T20:00:20Z</time>
      </trkpt>
      <trkpt lat="48.712757220491767" lon="-121.08444096520543">
        <ele>372.17000000000002</ele>
        <time>2025-07-28T20:00:31Z</time>
      </trkpt>
      <trkpt lat="48.712942041456699" lon="-121.08430149033666">
        <ele>372.17000000000002</ele>
        <time>2025-07-28T20:00:46Z</time>
      </trkpt>
      <trkpt lat="48.713058717548847" lon="-121.08421213924885">
        <ele>372.17000000000002</ele>
        <time>2025-07-28T20:00:56Z</time>
      </trkpt>
      <trkpt lat="48.713090568780899" lon="-121.08420048840344">
        <ele>370.73000000000002</ele>
        <time>2025-07-28T20:00:59Z</time>
      </trkpt>
      <trkpt lat="48.713246220722795" lon="-121.08416117727757">
        <ele>371.69</ele>
        <time>2025-07-28T20:01:13Z</time>
      </trkpt>
      <trkpt lat="48.71336180716753" lon="-121.08410334214568">
        <ele>372.17000000000002</ele>
        <time>2025-07-28T20:01:24Z</time>
      </trkpt>
      <trkpt lat="48.713409416377544" lon="-121.08396344818175">
        <ele>371.20999999999998</ele>
        <time>2025-07-28T20:01:32Z</time>
      </trkpt>
      <trkpt lat="48.713426264002919" lon="-121.08392296358943">
        <ele>370.73000000000002</ele>
        <time>2025-07-28T20:01:34Z</time>
      </trkpt>
      <trkpt lat="48.713521230965853" lon="-121.083829337731">
        <ele>369.27999999999997</ele>
        <time>2025-07-28T20:01:44Z</time>
      </trkpt>
      <trkpt lat="48.713559033349156" lon="-121.08378206379712">
        <ele>371.20999999999998</ele>
        <time>2025-07-28T20:01:49Z</time>
      </trkpt>
      <trkpt lat="48.71365056373179" lon="-121.08365742489696">
        <ele>370.73000000000002</ele>
        <time>2025-07-28T20:02:06Z</time>
      </trkpt>
      <trkpt lat="48.713680738583207" lon="-121.08361819759011">
        <ele>371.69</ele>
        <time>2025-07-28T20:02:11Z</time>
      </trkpt>
      <trkpt lat="48.713732035830617" lon="-121.08346262946725">
        <ele>369.27999999999997</ele>
        <time>2025-07-28T20:02:22Z</time>
      </trkpt>
      <trkpt lat="48.713929262012243" lon="-121.08357050456107">
        <ele>370.73000000000002</ele>
        <time>2025-07-28T20:02:39Z</time>
      </trkpt>
      <trkpt lat="48.71410796418786" lon="-121.08355592004955">
        <ele>371.69</ele>
        <time>2025-07-28T20:02:54Z</time>
      </trkpt>
      <trkpt lat="48.714131768792868" lon="-121.08343429863453">
        <ele>367.83999999999997</ele>
        <time>2025-07-28T20:03:10Z</time>
      </trkpt>
      <trkpt lat="48.71412112377584" lon="-121.08341133221984">
        <ele>369.27999999999997</ele>
        <time>2025-07-28T20:03:14Z</time>
      </trkpt>
      <trkpt lat="48.714138893410563" lon="-121.08340445905924">
        <ele>371.20999999999998</ele>
        <time>2025-07-28T20:03:28Z</time>
      </trkpt>
      <trkpt lat="48.714136630296707" lon="-121.08340395614505">
        <ele>367.83999999999997</ele>
        <time>2025-07-28T20:03:30Z</time>
      </trkpt>
      <trkpt lat="48.714136211201549" lon="-121.08340068720281">
        <ele>367.83999999999997</ele>
        <time>2025-07-28T20:03:31Z</time>
      </trkpt>
      <trkpt lat="48.714147862046957" lon="-121.08336422592402">
        <ele>368.31999999999999</ele>
        <time>2025-07-28T20:03:50Z</time>
      </trkpt>
      <trkpt lat="48.714196812361479" lon="-121.08340471051633">
        <ele>367.36000000000001</ele>
        <time>2025-07-28T20:04:01Z</time>
      </trkpt>
      <trkpt lat="48.714233608916402" lon="-121.08351526781917">
        <ele>367.83999999999997</ele>
        <time>2025-07-28T20:04:10Z</time>
      </trkpt>
      <trkpt lat="48.71426235884428" lon="-121.08352733775973">
        <ele>369.27999999999997</ele>
        <time>2025-07-28T20:04:15Z</time>
      </trkpt>
      <trkpt lat="48.714378364384174" lon="-121.08338735997677">
        <ele>369.75999999999999</ele>
        <time>2025-07-28T20:04:37Z</time>
      </trkpt>
      <trkpt lat="48.714410215616226" lon="-121.08327177353203">
        <ele>368.31999999999999</ele>
        <time>2025-07-28T20:04:44Z</time>
      </trkpt>
      <trkpt lat="48.714509708806872" lon="-121.08334352262318">
        <ele>369.27999999999997</ele>
        <time>2025-07-28T20:05:01Z</time>
      </trkpt>
      <trkpt lat="48.714543068781495" lon="-121.08336045406759">
        <ele>367.83999999999997</ele>
        <time>2025-07-28T20:05:08Z</time>
      </trkpt>
      <trkpt lat="48.71457165107131" lon="-121.08337461948395">
        <ele>368.80000000000001</ele>
        <time>2025-07-28T20:05:13Z</time>
      </trkpt>
      <trkpt lat="48.714569471776485" lon="-121.08336389064789">
        <ele>366.88</ele>
        <time>2025-07-28T20:05:15Z</time>
      </trkpt>
      <trkpt lat="48.714574333280325" lon="-121.08334997668862">
        <ele>367.83999999999997</ele>
        <time>2025-07-28T20:05:17Z</time>
      </trkpt>
      <trkpt lat="48.714657984673977" lon="-121.08342834748328">
        <ele>366.88</ele>
        <time>2025-07-28T20:05:36Z</time>
      </trkpt>
      <trkpt lat="48.714674161747098" lon="-121.08343974687159">
        <ele>369.27999999999997</ele>
        <time>2025-07-28T20:05:40Z</time>
      </trkpt>
      <trkpt lat="48.714696541428566" lon="-121.0833824146539">
        <ele>367.83999999999997</ele>
        <time>2025-07-28T20:06:10Z</time>
      </trkpt>
      <trkpt lat="48.714823024347425" lon="-121.08354510739446">
        <ele>365.92000000000002</ele>
        <time>2025-07-28T20:06:21Z</time>
      </trkpt>
      <trkpt lat="48.714892845600843" lon="-121.08361316844821">
        <ele>367.83999999999997</ele>
        <time>2025-07-28T20:06:30Z</time>
      </trkpt>
      <trkpt lat="48.714951016008854" lon="-121.08346187509596">
        <ele>366.39999999999998</ele>
        <time>2025-07-28T20:06:47Z</time>
      </trkpt>
      <trkpt lat="48.714951267465949" lon="-121.08342859894037">
        <ele>367.83999999999997</ele>
        <time>2025-07-28T20:06:49Z</time>
      </trkpt>
      <trkpt lat="48.714944394305348" lon="-121.08317630365491">
        <ele>367.36000000000001</ele>
        <time>2025-07-28T20:07:18Z</time>
      </trkpt>
      <trkpt lat="48.714993679895997" lon="-121.08313581906259">
        <ele>365.92000000000002</ele>
        <time>2025-07-28T20:07:30Z</time>
      </trkpt>
      <trkpt lat="48.715101638808846" lon="-121.08306406997144">
        <ele>365.92000000000002</ele>
        <time>2025-07-28T20:07:46Z</time>
      </trkpt>
      <trkpt lat="48.715135334059596" lon="-121.08311947435141">
        <ele>367.36000000000001</ele>
        <time>2025-07-28T20:07:49Z</time>
      </trkpt>
      <trkpt lat="48.715233486145735" lon="-121.08317605219781">
        <ele>365.44</ele>
        <time>2025-07-28T20:07:56Z</time>
      </trkpt>
      <trkpt lat="48.715314622968435" lon="-121.08318133279681">
        <ele>367.36000000000001</ele>
        <time>2025-07-28T20:08:08Z</time>
      </trkpt>
      <trkpt lat="48.715381845831871" lon="-121.08315627090633">
        <ele>365.44</ele>
        <time>2025-07-28T20:08:23Z</time>
      </trkpt>
      <trkpt lat="48.715392407029867" lon="-121.08316523954272">
        <ele>366.88</ele>
        <time>2025-07-28T20:08:25Z</time>
      </trkpt>
      <trkpt lat="48.715368518605828" lon="-121.08301570639014">
        <ele>367.36000000000001</ele>
        <time>2025-07-28T20:08:48Z</time>
      </trkpt>
      <trkpt lat="48.71536223217845" lon="-121.08300749212503">
        <ele>367.83999999999997</ele>
        <time>2025-07-28T20:08:50Z</time>
      </trkpt>
      <trkpt lat="48.715380588546395" lon="-121.08290372416377">
        <ele>365.44</ele>
        <time>2025-07-28T20:09:02Z</time>
      </trkpt>
      <trkpt lat="48.715579826384783" lon="-121.08311855234206">
        <ele>367.36000000000001</ele>
        <time>2025-07-28T20:09:14Z</time>
      </trkpt>
      <trkpt lat="48.715701699256897" lon="-121.08310271054506">
        <ele>365.92000000000002</ele>
        <time>2025-07-28T20:09:32Z</time>
      </trkpt>
      <trkpt lat="48.715804126113653" lon="-121.08311276882887">
        <ele>367.36000000000001</ele>
        <time>2025-07-28T20:09:52Z</time>
      </trkpt>
      <trkpt lat="48.715853663161397" lon="-121.08302232809365">
        <ele>367.83999999999997</ele>
        <time>2025-07-28T20:10:03Z</time>
      </trkpt>
      <trkpt lat="48.715965477749705" lon="-121.0828644130379">
        <ele>367.83999999999997</ele>
        <time>2025-07-28T20:10:17Z</time>
      </trkpt>
      <trkpt lat="48.716076370328665" lon="-121.08282803557813">
        <ele>366.88</ele>
        <time>2025-07-28T20:10:34Z</time>
      </trkpt>
      <trkpt lat="48.716073604300618" lon="-121.0828105174005">
        <ele>366.88</ele>
        <time>2025-07-28T20:10:35Z</time>
      </trkpt>
      <trkpt lat="48.716085590422153" lon="-121.08278738334775">
        <ele>365.44</ele>
        <time>2025-07-28T20:10:38Z</time>
      </trkpt>
      <trkpt lat="48.716094559058547" lon="-121.08276282437146">
        <ele>366.88</ele>
        <time>2025-07-28T20:10:41Z</time>
      </trkpt>
      <trkpt lat="48.716130014508963" lon="-121.08259786851704">
        <ele>367.83999999999997</ele>
        <time>2025-07-28T20:10:55Z</time>
      </trkpt>
      <trkpt lat="48.716192459687591" lon="-121.08253064565361">
        <ele>367.83999999999997</ele>
        <time>2025-07-28T20:11:02Z</time>
      </trkpt>
      <trkpt lat="48.716270579025149" lon="-121.0824685357511">
        <ele>367.83999999999997</ele>
        <time>2025-07-28T20:11:10Z</time>
      </trkpt>
      <trkpt lat="48.716309303417802" lon="-121.08245864510536">
        <ele>368.80000000000001</ele>
        <time>2025-07-28T20:11:13Z</time>
      </trkpt>
      <trkpt lat="48.716359008103609" lon="-121.08245177194476">
        <ele>368.80000000000001</ele>
        <time>2025-07-28T20:11:17Z</time>
      </trkpt>
      <trkpt lat="48.716480126604438" lon="-121.08239896595478">
        <ele>367.83999999999997</ele>
        <time>2025-07-28T20:11:25Z</time>
      </trkpt>
      <trkpt lat="48.716608034446836" lon="-121.08232403174043">
        <ele>367.83999999999997</ele>
        <time>2025-07-28T20:11:38Z</time>
      </trkpt>
      <trkpt lat="48.716708030551672" lon="-121.08232260681689">
        <ele>367.36000000000001</ele>
        <time>2025-07-28T20:11:50Z</time>
      </trkpt>
      <trkpt lat="48.716732505708933" lon="-121.08232520520687">
        <ele>368.31999999999999</ele>
        <time>2025-07-28T20:11:54Z</time>
      </trkpt>
      <trkpt lat="48.716735271736979" lon="-121.08214893378317">
        <ele>368.31999999999999</ele>
        <time>2025-07-28T20:12:07Z</time>
      </trkpt>
      <trkpt lat="48.716739797964692" lon="-121.08201256021857">
        <ele>368.31999999999999</ele>
        <time>2025-07-28T20:12:14Z</time>
      </trkpt>
      <trkpt lat="48.716921685263515" lon="-121.08184676617384">
        <ele>368.31999999999999</ele>
        <time>2025-07-28T20:12:29Z</time>
      </trkpt>
      <trkpt lat="48.717036349698901" lon="-121.08170351944864">
        <ele>368.31999999999999</ele>
        <time>2025-07-28T20:12:39Z</time>
      </trkpt>
      <trkpt lat="48.717082366347313" lon="-121.08151509426534">
        <ele>368.31999999999999</ele>
        <time>2025-07-28T20:12:48Z</time>
      </trkpt>
      <trkpt lat="48.717204155400395" lon="-121.08129951171577">
        <ele>368.31999999999999</ele>
        <time>2025-07-28T20:13:05Z</time>
      </trkpt>
      <trkpt lat="48.717232067137957" lon="-121.08127419836819">
        <ele>368.31999999999999</ele>
        <time>2025-07-28T20:13:08Z</time>
      </trkpt>
      <trkpt lat="48.717259727418423" lon="-121.08124737627804">
        <ele>368.31999999999999</ele>
        <time>2025-07-28T20:13:11Z</time>
      </trkpt>
      <trkpt lat="48.717301720753312" lon="-121.08114017173648">
        <ele>368.31999999999999</ele>
        <time>2025-07-28T20:13:17Z</time>
      </trkpt>
      <trkpt lat="48.717372380197048" lon="-121.08103112317622">
        <ele>368.31999999999999</ele>
        <time>2025-07-28T20:13:24Z</time>
      </trkpt>
      <trkpt lat="48.717443291097879" lon="-121.08098393306136">
        <ele>368.31999999999999</ele>
        <time>2025-07-28T20:13:31Z</time>
      </trkpt>
      <trkpt lat="48.717537671327591" lon="-121.08095845207572">
        <ele>366.88</ele>
        <time>2025-07-28T20:13:39Z</time>
      </trkpt>
      <trkpt lat="48.717689216136932" lon="-121.08084931969643">
        <ele>366.88</ele>
        <time>2025-07-28T20:13:51Z</time>
      </trkpt>
      <trkpt lat="48.717789379879832" lon="-121.08077807351947">
        <ele>366.88</ele>
        <time>2025-07-28T20:13:59Z</time>
      </trkpt>
      <trkpt lat="48.717816369608045" lon="-121.08057263307273">
        <ele>366.39999999999998</ele>
        <time>2025-07-28T20:14:12Z</time>
      </trkpt>
      <trkpt lat="48.717854507267475" lon="-121.08043860644102">
        <ele>367.36000000000001</ele>
        <time>2025-07-28T20:14:21Z</time>
      </trkpt>
      <trkpt lat="48.717852411791682" lon="-121.08040994033217">
        <ele>367.36000000000001</ele>
        <time>2025-07-28T20:14:22Z</time>
      </trkpt>
      <trkpt lat="48.717876635491848" lon="-121.08029217459261">
        <ele>367.36000000000001</ele>
        <time>2025-07-28T20:14:27Z</time>
      </trkpt>
      <trkpt lat="48.717959281057119" lon="-121.07991339638829">
        <ele>368.80000000000001</ele>
        <time>2025-07-28T20:14:42Z</time>
      </trkpt>
      <trkpt lat="48.718320792540908" lon="-121.07997852377594">
        <ele>367.36000000000001</ele>
        <time>2025-07-28T20:14:58Z</time>
      </trkpt>
      <trkpt lat="48.718406790867448" lon="-121.07997952960432">
        <ele>367.36000000000001</ele>
        <time>2025-07-28T20:15:04Z</time>
      </trkpt>
      <trkpt lat="48.718451214954257" lon="-121.07985690236092">
        <ele>367.36000000000001</ele>
        <time>2025-07-28T20:15:12Z</time>
      </trkpt>
      <trkpt lat="48.718499578535557" lon="-121.07975279912353">
        <ele>368.80000000000001</ele>
        <time>2025-07-28T20:15:18Z</time>
      </trkpt>
      <trkpt lat="48.718682220205665" lon="-121.0796057805419">
        <ele>367.83999999999997</ele>
        <time>2025-07-28T20:15:33Z</time>
      </trkpt>
      <trkpt lat="48.718744581565261" lon="-121.07951450161636">
        <ele>366.88</ele>
        <time>2025-07-28T20:15:42Z</time>
      </trkpt>
      <trkpt lat="48.718755980953574" lon="-121.07945490628481">
        <ele>366.88</ele>
        <time>2025-07-28T20:15:46Z</time>
      </trkpt>
      <trkpt lat="48.718758076429367" lon="-121.07937410473824">
        <ele>366.88</ele>
        <time>2025-07-28T20:15:51Z</time>
      </trkpt>
      <trkpt lat="48.71878070756793" lon="-121.07926304452121">
        <ele>366.88</ele>
        <time>2025-07-28T20:15:56Z</time>
      </trkpt>
      <trkpt lat="48.718809373676777" lon="-121.07910823076963">
        <ele>366.88</ele>
        <time>2025-07-28T20:16:03Z</time>
      </trkpt>
      <trkpt lat="48.718845248222351" lon="-121.07888812199235">
        <ele>366.88</ele>
        <time>2025-07-28T20:16:12Z</time>
      </trkpt>
      <trkpt lat="48.718902412801981" lon="-121.07848394662142">
        <ele>366.39999999999998</ele>
        <time>2025-07-28T20:16:27Z</time>
      </trkpt>
      <trkpt lat="48.718907525762916" lon="-121.07817767187953">
        <ele>367.83999999999997</ele>
        <time>2025-07-28T20:16:39Z</time>
      </trkpt>
      <trkpt lat="48.719065189361572" lon="-121.07785865664482">
        <ele>367.83999999999997</ele>
        <time>2025-07-28T20:16:54Z</time>
      </trkpt>
      <trkpt lat="48.719117995351553" lon="-121.07762748375535">
        <ele>367.83999999999997</ele>
        <time>2025-07-28T20:17:05Z</time>
      </trkpt>
      <trkpt lat="48.719177590683103" lon="-121.07745607383549">
        <ele>367.83999999999997</ele>
        <time>2025-07-28T20:17:14Z</time>
      </trkpt>
      <trkpt lat="48.719203993678093" lon="-121.07740393839777">
        <ele>366.39999999999998</ele>
        <time>2025-07-28T20:17:17Z</time>
      </trkpt>
      <trkpt lat="48.719289153814316" lon="-121.07707603834569">
        <ele>366.39999999999998</ele>
        <time>2025-07-28T20:17:32Z</time>
      </trkpt>
      <trkpt lat="48.719397028908134" lon="-121.07676163315773">
        <ele>366.39999999999998</ele>
        <time>2025-07-28T20:17:47Z</time>
      </trkpt>
      <trkpt lat="48.719499791041017" lon="-121.07656189240515">
        <ele>366.39999999999998</ele>
        <time>2025-07-28T20:17:58Z</time>
      </trkpt>
      <trkpt lat="48.719538180157542" lon="-121.07635268010199">
        <ele>366.39999999999998</ele>
        <time>2025-07-28T20:18:07Z</time>
      </trkpt>
      <trkpt lat="48.719538431614637" lon="-121.07624237425625">
        <ele>366.39999999999998</ele>
        <time>2025-07-28T20:18:12Z</time>
      </trkpt>
      <trkpt lat="48.719590399414301" lon="-121.0759293101728">
        <ele>366.39999999999998</ele>
        <time>2025-07-28T20:18:28Z</time>
      </trkpt>
      <trkpt lat="48.719669356942177" lon="-121.07566628605127">
        <ele>366.39999999999998</ele>
        <time>2025-07-28T20:18:41Z</time>
      </trkpt>
      <trkpt lat="48.719690311700106" lon="-121.07555145397782">
        <ele>366.39999999999998</ele>
        <time>2025-07-28T20:18:46Z</time>
      </trkpt>
      <trkpt lat="48.719754600897431" lon="-121.07521173544228">
        <ele>366.39999999999998</ele>
        <time>2025-07-28T20:19:02Z</time>
      </trkpt>
      <trkpt lat="48.719795253127813" lon="-121.07495809905231">
        <ele>366.39999999999998</ele>
        <time>2025-07-28T20:19:13Z</time>
      </trkpt>
      <trkpt lat="48.71984051540494" lon="-121.07478434219956">
        <ele>366.39999999999998</ele>
        <time>2025-07-28T20:19:22Z</time>
      </trkpt>
      <trkpt lat="48.719883766025305" lon="-121.07469532638788">
        <ele>366.39999999999998</ele>
        <time>2025-07-28T20:19:27Z</time>
      </trkpt>
      <trkpt lat="48.719911426305771" lon="-121.07461561448872">
        <ele>366.39999999999998</ele>
        <time>2025-07-28T20:19:31Z</time>
      </trkpt>
      <trkpt lat="48.719988875091076" lon="-121.07448904775083">
        <ele>366.39999999999998</ele>
        <time>2025-07-28T20:19:38Z</time>
      </trkpt>
      <trkpt lat="48.720023157075047" lon="-121.07445283792913">
        <ele>365.92000000000002</ele>
        <time>2025-07-28T20:19:41Z</time>
      </trkpt>
      <trkpt lat="48.720199512317777" lon="-121.07421546243131">
        <ele>365.92000000000002</ele>
        <time>2025-07-28T20:19:56Z</time>
      </trkpt>
      <trkpt lat="48.720336221158504" lon="-121.07401890680194">
        <ele>365.92000000000002</ele>
        <time>2025-07-28T20:20:09Z</time>
      </trkpt>
      <trkpt lat="48.720554821193218" lon="-121.07382352463901">
        <ele>365.44</ele>
        <time>2025-07-28T20:20:25Z</time>
      </trkpt>
      <trkpt lat="48.720697816461325" lon="-121.07361238449812">
        <ele>365.44</ele>
        <time>2025-07-28T20:20:38Z</time>
      </trkpt>
      <trkpt lat="48.720758920535445" lon="-121.07351565733552">
        <ele>365.44</ele>
        <time>2025-07-28T20:20:44Z</time>
      </trkpt>
      <trkpt lat="48.720960672944784" lon="-121.07332999818027">
        <ele>365.44</ele>
        <time>2025-07-28T20:21:00Z</time>
      </trkpt>
      <trkpt lat="48.721135854721069" lon="-121.07314174063504">
        <ele>364.95999999999998</ele>
        <time>2025-07-28T20:21:14Z</time>
      </trkpt>
      <trkpt lat="48.721253536641598" lon="-121.07306546531618">
        <ele>364.95999999999998</ele>
        <time>2025-07-28T20:21:22Z</time>
      </trkpt>
      <trkpt lat="48.721306594088674" lon="-121.07298634015024">
        <ele>364.95999999999998</ele>
        <time>2025-07-28T20:21:27Z</time>
      </trkpt>
      <trkpt lat="48.721450343728065" lon="-121.07286505401134">
        <ele>364.95999999999998</ele>
        <time>2025-07-28T20:21:38Z</time>
      </trkpt>
      <trkpt lat="48.721661902964115" lon="-121.07270990498364">
        <ele>364.95999999999998</ele>
        <time>2025-07-28T20:21:55Z</time>
      </trkpt>
      <trkpt lat="48.721816129982471" lon="-121.07253388501704">
        <ele>364.48000000000002</ele>
        <time>2025-07-28T20:22:12Z</time>
      </trkpt>
      <trkpt lat="48.721992485225201" lon="-121.07241083867848">
        <ele>364.48000000000002</ele>
        <time>2025-07-28T20:22:28Z</time>
      </trkpt>
      <trkpt lat="48.722108490765095" lon="-121.07244277372956">
        <ele>364.48000000000002</ele>
        <time>2025-07-28T20:22:43Z</time>
      </trkpt>
      <trkpt lat="48.722149142995477" lon="-121.07242634519935">
        <ele>364</ele>
        <time>2025-07-28T20:22:47Z</time>
      </trkpt>
      <trkpt lat="48.722198931500316" lon="-121.07239533215761">
        <ele>364</ele>
        <time>2025-07-28T20:22:51Z</time>
      </trkpt>
      <trkpt lat="48.722425410524011" lon="-121.07227044180036">
        <ele>364</ele>
        <time>2025-07-28T20:23:10Z</time>
      </trkpt>
      <trkpt lat="48.722608638927341" lon="-121.07220858335495">
        <ele>364</ele>
        <time>2025-07-28T20:23:28Z</time>
      </trkpt>
      <trkpt lat="48.722836123779416" lon="-121.07215326279402">
        <ele>364.95999999999998</ele>
        <time>2025-07-28T20:23:44Z</time>
      </trkpt>
      <trkpt lat="48.722930420190096" lon="-121.07214110903442">
        <ele>364.48000000000002</ele>
        <time>2025-07-28T20:24:00Z</time>
      </trkpt>
      <trkpt lat="48.722946848720312" lon="-121.07215183787048">
        <ele>364.48000000000002</ele>
        <time>2025-07-28T20:24:03Z</time>
      </trkpt>
      <trkpt lat="48.723002085462213" lon="-121.07214957475662">
        <ele>364</ele>
        <time>2025-07-28T20:24:08Z</time>
      </trkpt>
      <trkpt lat="48.723172824829817" lon="-121.07208419591188">
        <ele>364.48000000000002</ele>
        <time>2025-07-28T20:24:19Z</time>
      </trkpt>
      <trkpt lat="48.723302073776722" lon="-121.07205703854561">
        <ele>364.48000000000002</ele>
        <time>2025-07-28T20:24:31Z</time>
      </trkpt>
      <trkpt lat="48.723390167579055" lon="-121.07203943654895">
        <ele>364.48000000000002</ele>
        <time>2025-07-28T20:24:46Z</time>
      </trkpt>
      <trkpt lat="48.723413050174713" lon="-121.07200440019369">
        <ele>364</ele>
        <time>2025-07-28T20:25:03Z</time>
      </trkpt>
      <trkpt lat="48.723439956083894" lon="-121.07204371131957">
        <ele>364.95999999999998</ele>
        <time>2025-07-28T20:25:13Z</time>
      </trkpt>
      <trkpt lat="48.72348764911294" lon="-121.07206583954394">
        <ele>365.92000000000002</ele>
        <time>2025-07-28T20:25:27Z</time>
      </trkpt>
      <trkpt lat="48.723489912226796" lon="-121.07206357643008">
        <ele>364.48000000000002</ele>
        <time>2025-07-28T20:25:29Z</time>
      </trkpt>
      <trkpt lat="48.723506759852171" lon="-121.07202468439937">
        <ele>364.48000000000002</ele>
        <time>2025-07-28T20:25:39Z</time>
      </trkpt>
    </trkseg>
  </trk>

  <trk>
    <name>Day 1b - Green Point</name>
    <extensions>
      <gpxx:TrackExtension>
        <gpxx:DisplayColor>Red</gpxx:DisplayColor>
      </gpxx:TrackExtension>
    </extensions>
    <trkseg>
      <trkpt lat="48.735409565269947" lon="-121.06146432459354">
        <ele>481.27999999999997</ele>
        <time>2025-07-28T23:08:46Z</time>
      </trkpt>
      <trkpt lat="48.735408643260598" lon="-121.06145870871842">
        <ele>483.19999999999999</ele>
        <time>2025-07-28T23:08:49Z</time>
      </trkpt>
      <trkpt lat="48.735425909981132" lon="-121.06146038509905">
        <ele>485.12</ele>
        <time>2025-07-28T23:09:15Z</time>
      </trkpt>
      <trkpt lat="48.735449882224202" lon="-121.06147589161992">
        <ele>484.63999999999999</ele>
        <time>2025-07-28T23:09:37Z</time>
      </trkpt>
      <trkpt lat="48.735449882224202" lon="-121.06147765181959">
        <ele>484.63999999999999</ele>
        <time>2025-07-28T23:09:38Z</time>
      </trkpt>
      <trkpt lat="48.735446780920029" lon="-121.06148050166667">
        <ele>486.07999999999998</ele>
        <time>2025-07-28T23:10:09Z</time>
      </trkpt>
      <trkpt lat="48.735440913587809" lon="-121.061473460868">
        <ele>486.07999999999998</ele>
        <time>2025-07-28T23:10:35Z</time>
      </trkpt>
      <trkpt lat="48.735448876395822" lon="-121.06147547252476">
        <ele>486.07999999999998</ele>
        <time>2025-07-28T23:11:00Z</time>
      </trkpt>
      <trkpt lat="48.735441248863935" lon="-121.06148050166667">
        <ele>484.63999999999999</ele>
        <time>2025-07-28T23:11:20Z</time>
      </trkpt>
      <trkpt lat="48.735441835597157" lon="-121.06147991493344">
        <ele>484.63999999999999</ele>
        <time>2025-07-28T23:11:21Z</time>
      </trkpt>
      <trkpt lat="48.735437644645572" lon="-121.06147589161992">
        <ele>485.12</ele>
        <time>2025-07-28T23:11:25Z</time>
      </trkpt>
      <trkpt lat="48.735405625775456" lon="-121.06151914224029">
        <ele>486.56</ele>
        <time>2025-07-28T23:11:37Z</time>
      </trkpt>
      <trkpt lat="48.735426748171449" lon="-121.0614716168493">
        <ele>484.16000000000003</ele>
        <time>2025-07-28T23:11:54Z</time>
      </trkpt>
      <trkpt lat="48.735424568876624" lon="-121.0614700242877">
        <ele>485.60000000000002</ele>
        <time>2025-07-28T23:11:56Z</time>
      </trkpt>
      <trkpt lat="48.735438818112016" lon="-121.06142610311508">
        <ele>485.60000000000002</ele>
        <time>2025-07-28T23:12:09Z</time>
      </trkpt>
      <trkpt lat="48.735424652695656" lon="-121.06146759353578">
        <ele>484.16000000000003</ele>
        <time>2025-07-28T23:12:18Z</time>
      </trkpt>
      <trkpt lat="48.735424485057592" lon="-121.06148410588503">
        <ele>484.63999999999999</ele>
        <time>2025-07-28T23:12:28Z</time>
      </trkpt>
      <trkpt lat="48.735425407066941" lon="-121.06149986386299">
        <ele>488.00999999999999</ele>
        <time>2025-07-28T23:12:43Z</time>
      </trkpt>
      <trkpt lat="48.735426412895322" lon="-121.06149022467434">
        <ele>488.00999999999999</ele>
        <time>2025-07-28T23:12:44Z</time>
      </trkpt>
      <trkpt lat="48.735427167266607" lon="-121.06148955412209">
        <ele>485.60000000000002</ele>
        <time>2025-07-28T23:12:47Z</time>
      </trkpt>
      <trkpt lat="48.735435800626874" lon="-121.06147144921124">
        <ele>484.63999999999999</ele>
        <time>2025-07-28T23:12:58Z</time>
      </trkpt>
      <trkpt lat="48.735439488664269" lon="-121.06146876700222">
        <ele>484.63999999999999</ele>
        <time>2025-07-28T23:13:06Z</time>
      </trkpt>
      <trkpt lat="48.735458934679627" lon="-121.06136776506901">
        <ele>485.60000000000002</ele>
        <time>2025-07-28T23:13:22Z</time>
      </trkpt>
      <trkpt lat="48.735511405393481" lon="-121.0612522624433">
        <ele>487.05000000000001</ele>
        <time>2025-07-28T23:13:41Z</time>
      </trkpt>
      <trkpt lat="48.735519619658589" lon="-121.06122686527669">
        <ele>485.60000000000002</ele>
        <time>2025-07-28T23:13:44Z</time>
      </trkpt>
      <trkpt lat="48.735529845580459" lon="-121.06114120222628">
        <ele>485.60000000000002</ele>
        <time>2025-07-28T23:13:52Z</time>
      </trkpt>
      <trkpt lat="48.7356071267277" lon="-121.06091455556452">
        <ele>485.12</ele>
        <time>2025-07-28T23:14:12Z</time>
      </trkpt>
      <trkpt lat="48.735795551910996" lon="-121.06078329496086">
        <ele>487.52999999999997</ele>
        <time>2025-07-28T23:14:29Z</time>
      </trkpt>
      <trkpt lat="48.735896553844213" lon="-121.06070810928941">
        <ele>487.52999999999997</ele>
        <time>2025-07-28T23:14:44Z</time>
      </trkpt>
      <trkpt lat="48.735921699553728" lon="-121.0606739949435">
        <ele>486.07999999999998</ele>
        <time>2025-07-28T23:14:48Z</time>
      </trkpt>
      <trkpt lat="48.736072992905974" lon="-121.06056209653616">
        <ele>484.16000000000003</ele>
        <time>2025-07-28T23:15:06Z</time>
      </trkpt>
      <trkpt lat="48.736105766147375" lon="-121.06052001938224">
        <ele>483.68000000000001</ele>
        <time>2025-07-28T23:15:10Z</time>
      </trkpt>
      <trkpt lat="48.736166199669242" lon="-121.06009933166206">
        <ele>485.12</ele>
        <time>2025-07-28T23:15:31Z</time>
      </trkpt>
      <trkpt lat="48.736077016219497" lon="-121.05977327562869">
        <ele>484.63999999999999</ele>
        <time>2025-07-28T23:15:48Z</time>
      </trkpt>
      <trkpt lat="48.736143317073584" lon="-121.05959608219564">
        <ele>484.63999999999999</ele>
        <time>2025-07-28T23:15:59Z</time>
      </trkpt>
      <trkpt lat="48.73640600591898" lon="-121.05942827649415">
        <ele>484.16000000000003</ele>
        <time>2025-07-28T23:16:19Z</time>
      </trkpt>
      <trkpt lat="48.736392930150032" lon="-121.05905134230852">
        <ele>485.60000000000002</ele>
        <time>2025-07-28T23:16:36Z</time>
      </trkpt>
      <trkpt lat="48.736362587660551" lon="-121.05895956046879">
        <ele>484.16000000000003</ele>
        <time>2025-07-28T23:16:40Z</time>
      </trkpt>
      <trkpt lat="48.736298466101289" lon="-121.05877817608416">
        <ele>486.56</ele>
        <time>2025-07-28T23:16:54Z</time>
      </trkpt>
      <trkpt lat="48.736284887418151" lon="-121.05870609171689">
        <ele>485.60000000000002</ele>
        <time>2025-07-28T23:16:59Z</time>
      </trkpt>
      <trkpt lat="48.736270219087601" lon="-121.05836461298168">
        <ele>484.16000000000003</ele>
        <time>2025-07-28T23:17:19Z</time>
      </trkpt>
      <trkpt lat="48.736402401700616" lon="-121.05804501101375">
        <ele>485.12</ele>
        <time>2025-07-28T23:17:34Z</time>
      </trkpt>
      <trkpt lat="48.736587557941675" lon="-121.05781140737236">
        <ele>484.16000000000003</ele>
        <time>2025-07-28T23:17:50Z</time>
      </trkpt>
      <trkpt lat="48.736697947606444" lon="-121.05749624781311">
        <ele>483.68000000000001</ele>
        <time>2025-07-28T23:18:07Z</time>
      </trkpt>
      <trkpt lat="48.73673340305686" lon="-121.05703675188124">
        <ele>483.19999999999999</ele>
        <time>2025-07-28T23:18:28Z</time>
      </trkpt>
      <trkpt lat="48.736653020605445" lon="-121.05689509771764">
        <ele>484.16000000000003</ele>
        <time>2025-07-28T23:18:43Z</time>
      </trkpt>
      <trkpt lat="48.736628126353025" lon="-121.05687221512198">
        <ele>484.16000000000003</ele>
        <time>2025-07-28T23:18:48Z</time>
      </trkpt>
      <trkpt lat="48.736615804955363" lon="-121.05685503222048">
        <ele>482.24000000000001</ele>
        <time>2025-07-28T23:18:50Z</time>
      </trkpt>
      <trkpt lat="48.736604740843177" lon="-121.05683726258576">
        <ele>484.16000000000003</ele>
        <time>2025-07-28T23:18:52Z</time>
      </trkpt>
      <trkpt lat="48.736584037542343" lon="-121.05680398643017">
        <ele>481.75999999999999</ele>
        <time>2025-07-28T23:18:56Z</time>
      </trkpt>
      <trkpt lat="48.736572805792093" lon="-121.05675260536373">
        <ele>484.63999999999999</ele>
        <time>2025-07-28T23:19:01Z</time>
      </trkpt>
      <trkpt lat="48.736560735851526" lon="-121.05669435113668">
        <ele>484.63999999999999</ele>
        <time>2025-07-28T23:19:05Z</time>
      </trkpt>
      <trkpt lat="48.736555371433496" lon="-121.05653786100447">
        <ele>483.19999999999999</ele>
        <time>2025-07-28T23:19:17Z</time>
      </trkpt>
      <trkpt lat="48.736572973430157" lon="-121.05646653100848">
        <ele>483.68000000000001</ele>
        <time>2025-07-28T23:19:22Z</time>
      </trkpt>
      <trkpt lat="48.736713286489248" lon="-121.05611390434206">
        <ele>484.16000000000003</ele>
        <time>2025-07-28T23:19:41Z</time>
      </trkpt>
      <trkpt lat="48.736706916242838" lon="-121.05567276477814">
        <ele>482.72000000000003</ele>
        <time>2025-07-28T23:20:00Z</time>
      </trkpt>
      <trkpt lat="48.736743796616793" lon="-121.05540663935244">
        <ele>484.16000000000003</ele>
        <time>2025-07-28T23:20:11Z</time>
      </trkpt>
      <trkpt lat="48.73680179938674" lon="-121.05502911843359">
        <ele>484.16000000000003</ele>
        <time>2025-07-28T23:20:27Z</time>
      </trkpt>
      <trkpt lat="48.736914871260524" lon="-121.05480825528502">
        <ele>483.68000000000001</ele>
        <time>2025-07-28T23:20:46Z</time>
      </trkpt>
      <trkpt lat="48.736914368346334" lon="-121.05479383841157">
        <ele>483.68000000000001</ele>
        <time>2025-07-28T23:20:47Z</time>
      </trkpt>
      <trkpt lat="48.736933311447501" lon="-121.05441170744598">
        <ele>484.63999999999999</ele>
        <time>2025-07-28T23:21:04Z</time>
      </trkpt>
      <trkpt lat="48.736954936757684" lon="-121.05418547987938">
        <ele>484.16000000000003</ele>
        <time>2025-07-28T23:21:12Z</time>
      </trkpt>
      <trkpt lat="48.737044623121619" lon="-121.05395589955151">
        <ele>483.19999999999999</ele>
        <time>2025-07-28T23:21:29Z</time>
      </trkpt>
      <trkpt lat="48.737039929255843" lon="-121.05389831587672">
        <ele>484.63999999999999</ele>
        <time>2025-07-28T23:21:33Z</time>
      </trkpt>
      <trkpt lat="48.736952925100923" lon="-121.05362892150879">
        <ele>484.63999999999999</ele>
        <time>2025-07-28T23:21:49Z</time>
      </trkpt>
      <trkpt lat="48.736940938979387" lon="-121.05336983688176">
        <ele>483.19999999999999</ele>
        <time>2025-07-28T23:22:07Z</time>
      </trkpt>
      <trkpt lat="48.736992403864861" lon="-121.05299265123904">
        <ele>483.19999999999999</ele>
        <time>2025-07-28T23:22:26Z</time>
      </trkpt>
      <trkpt lat="48.737172111868858" lon="-121.05283666402102">
        <ele>484.63999999999999</ele>
        <time>2025-07-28T23:22:41Z</time>
      </trkpt>
      <trkpt lat="48.73748492449522" lon="-121.05264496989548">
        <ele>484.63999999999999</ele>
        <time>2025-07-28T23:23:03Z</time>
      </trkpt>
      <trkpt lat="48.737502777948976" lon="-121.05262971483171">
        <ele>483.19999999999999</ele>
        <time>2025-07-28T23:23:06Z</time>
      </trkpt>
      <trkpt lat="48.737542256712914" lon="-121.05256299488246">
        <ele>483.19999999999999</ele>
        <time>2025-07-28T23:23:14Z</time>
      </trkpt>
      <trkpt lat="48.737812489271164" lon="-121.05226853862405">
        <ele>483.19999999999999</ele>
        <time>2025-07-28T23:23:38Z</time>
      </trkpt>
      <trkpt lat="48.737869318574667" lon="-121.05225630104542">
        <ele>484.63999999999999</ele>
        <time>2025-07-28T23:23:45Z</time>
      </trkpt>
      <trkpt lat="48.738001249730587" lon="-121.05213635601103">
        <ele>484.63999999999999</ele>
        <time>2025-07-28T23:24:06Z</time>
      </trkpt>
      <trkpt lat="48.738196883350611" lon="-121.05215856805444">
        <ele>485.60000000000002</ele>
        <time>2025-07-28T23:24:25Z</time>
      </trkpt>
      <trkpt lat="48.738304674625397" lon="-121.05222352780402">
        <ele>485.12</ele>
        <time>2025-07-28T23:24:37Z</time>
      </trkpt>
      <trkpt lat="48.738448256626725" lon="-121.05243525467813">
        <ele>483.19999999999999</ele>
        <time>2025-07-28T23:24:56Z</time>
      </trkpt>
      <trkpt lat="48.738554622977972" lon="-121.05247842147946">
        <ele>483.19999999999999</ele>
        <time>2025-07-28T23:25:13Z</time>
      </trkpt>
      <trkpt lat="48.738554958254099" lon="-121.05247766710818">
        <ele>484.63999999999999</ele>
        <time>2025-07-28T23:25:15Z</time>
      </trkpt>
      <trkpt lat="48.73858530074358" lon="-121.05253399349749">
        <ele>482.72000000000003</ele>
        <time>2025-07-28T23:25:27Z</time>
      </trkpt>
      <trkpt lat="48.73859167098999" lon="-121.05254413560033">
        <ele>484.16000000000003</ele>
        <time>2025-07-28T23:25:32Z</time>
      </trkpt>
      <trkpt lat="48.738597286865115" lon="-121.05255243368447">
        <ele>485.60000000000002</ele>
        <time>2025-07-28T23:25:50Z</time>
      </trkpt>
    </trkseg>
  </trk>

  <trk>
    <name>Day 2 - Dry Creek</name>
    <extensions>
      <gpxx:TrackExtension>
        <gpxx:DisplayColor>Magenta</gpxx:DisplayColor>
      </gpxx:TrackExtension>
    </extensions>
    <trkseg>
      <trkpt lat="48.738503493368626" lon="-121.05253432877362">
        <ele>485.60000000000002</ele>
        <time>2025-07-29T16:31:57Z</time>
      </trkpt>
      <trkpt lat="48.738478431478143" lon="-121.05250683613122">
        <ele>486.56</ele>
        <time>2025-07-29T16:32:16Z</time>
      </trkpt>
      <trkpt lat="48.738486561924219" lon="-121.05249526910484">
        <ele>478.87</ele>
        <time>2025-07-29T16:32:19Z</time>
      </trkpt>
      <trkpt lat="48.738488154485822" lon="-121.05249099433422">
        <ele>491.37</ele>
        <time>2025-07-29T16:32:20Z</time>
      </trkpt>
      <trkpt lat="48.738490920513868" lon="-121.05248982086778">
        <ele>486.56</ele>
        <time>2025-07-29T16:32:21Z</time>
      </trkpt>
      <trkpt lat="48.738430486992002" lon="-121.05245193466544">
        <ele>485.60000000000002</ele>
        <time>2025-07-29T16:32:40Z</time>
      </trkpt>
      <trkpt lat="48.738308446481824" lon="-121.05229955166578">
        <ele>485.60000000000002</ele>
        <time>2025-07-29T16:33:06Z</time>
      </trkpt>
      <trkpt lat="48.73828430660069" lon="-121.05221170932055">
        <ele>485.60000000000002</ele>
        <time>2025-07-29T16:33:29Z</time>
      </trkpt>
      <trkpt lat="48.738330993801355" lon="-121.05194424279034">
        <ele>485.60000000000002</ele>
        <time>2025-07-29T16:33:50Z</time>
      </trkpt>
      <trkpt lat="48.738390672951937" lon="-121.05179009959102">
        <ele>485.60000000000002</ele>
        <time>2025-07-29T16:34:00Z</time>
      </trkpt>
      <trkpt lat="48.738416321575642" lon="-121.05163771659136">
        <ele>485.60000000000002</ele>
        <time>2025-07-29T16:34:10Z</time>
      </trkpt>
      <trkpt lat="48.738506929948926" lon="-121.05124209076166">
        <ele>485.12</ele>
        <time>2025-07-29T16:34:34Z</time>
      </trkpt>
      <trkpt lat="48.738606004044414" lon="-121.05093883350492">
        <ele>485.12</ele>
        <time>2025-07-29T16:34:54Z</time>
      </trkpt>
      <trkpt lat="48.738737097010016" lon="-121.05064513161778">
        <ele>485.12</ele>
        <time>2025-07-29T16:35:14Z</time>
      </trkpt>
      <trkpt lat="48.738787975162268" lon="-121.05055117048323">
        <ele>485.12</ele>
        <time>2025-07-29T16:35:21Z</time>
      </trkpt>
      <trkpt lat="48.738840697333217" lon="-121.05020130984485">
        <ele>485.12</ele>
        <time>2025-07-29T16:35:40Z</time>
      </trkpt>
      <trkpt lat="48.738971371203661" lon="-121.04990048334002">
        <ele>484.63999999999999</ele>
        <time>2025-07-29T16:35:59Z</time>
      </trkpt>
      <trkpt lat="48.739111516624689" lon="-121.04967333376408">
        <ele>484.63999999999999</ele>
        <time>2025-07-29T16:36:18Z</time>
      </trkpt>
      <trkpt lat="48.739241100847721" lon="-121.04933822527528">
        <ele>484.63999999999999</ele>
        <time>2025-07-29T16:36:41Z</time>
      </trkpt>
      <trkpt lat="48.73936465010047" lon="-121.04914795607328">
        <ele>484.16000000000003</ele>
        <time>2025-07-29T16:36:57Z</time>
      </trkpt>
      <trkpt lat="48.739514518529177" lon="-121.04881561361253">
        <ele>484.16000000000003</ele>
        <time>2025-07-29T16:37:20Z</time>
      </trkpt>
      <trkpt lat="48.739676792174578" lon="-121.04841562919319">
        <ele>483.68000000000001</ele>
        <time>2025-07-29T16:37:46Z</time>
      </trkpt>
      <trkpt lat="48.739859350025654" lon="-121.04806409217417">
        <ele>483.68000000000001</ele>
        <time>2025-07-29T16:38:09Z</time>
      </trkpt>
      <trkpt lat="48.74001651071012" lon="-121.04771465063095">
        <ele>483.19999999999999</ele>
        <time>2025-07-29T16:38:30Z</time>
      </trkpt>
      <trkpt lat="48.740211138501763" lon="-121.04733981192112">
        <ele>483.19999999999999</ele>
        <time>2025-07-29T16:38:55Z</time>
      </trkpt>
      <trkpt lat="48.740382296964526" lon="-121.0469679068774">
        <ele>484.16000000000003</ele>
        <time>2025-07-29T16:39:20Z</time>
      </trkpt>
      <trkpt lat="48.740549348294735" lon="-121.0465860273689">
        <ele>484.16000000000003</ele>
        <time>2025-07-29T16:39:44Z</time>
      </trkpt>
      <trkpt lat="48.740707263350487" lon="-121.0462548583746">
        <ele>484.16000000000003</ele>
        <time>2025-07-29T16:40:06Z</time>
      </trkpt>
      <trkpt lat="48.740835506469011" lon="-121.04587130248547">
        <ele>483.68000000000001</ele>
        <time>2025-07-29T16:40:29Z</time>
      </trkpt>
      <trkpt lat="48.74102451838553" lon="-121.04547634720802">
        <ele>483.68000000000001</ele>
        <time>2025-07-29T16:40:55Z</time>
      </trkpt>
      <trkpt lat="48.741195257753134" lon="-121.04505934752524">
        <ele>484.16000000000003</ele>
        <time>2025-07-29T16:41:21Z</time>
      </trkpt>
      <trkpt lat="48.741376809775829" lon="-121.04472138918936">
        <ele>484.16000000000003</ele>
        <time>2025-07-29T16:41:45Z</time>
      </trkpt>
      <trkpt lat="48.741575041785836" lon="-121.04424051940441">
        <ele>484.16000000000003</ele>
        <time>2025-07-29T16:42:16Z</time>
      </trkpt>
      <trkpt lat="48.741734968498349" lon="-121.04398244060576">
        <ele>484.16000000000003</ele>
        <time>2025-07-29T16:42:36Z</time>
      </trkpt>
      <trkpt lat="48.741930266842246" lon="-121.04361824691296">
        <ele>483.68000000000001</ele>
        <time>2025-07-29T16:43:02Z</time>
      </trkpt>
      <trkpt lat="48.742118775844574" lon="-121.04320585727692">
        <ele>483.68000000000001</ele>
        <time>2025-07-29T16:43:28Z</time>
      </trkpt>
      <trkpt lat="48.7422901019454" lon="-121.04286789894104">
        <ele>483.68000000000001</ele>
        <time>2025-07-29T16:43:49Z</time>
      </trkpt>
      <trkpt lat="48.742452040314674" lon="-121.04254838079214">
        <ele>483.68000000000001</ele>
        <time>2025-07-29T16:44:11Z</time>
      </trkpt>
      <trkpt lat="48.742668377235532" lon="-121.04216524399817">
        <ele>484.16000000000003</ele>
        <time>2025-07-29T16:44:38Z</time>
      </trkpt>
      <trkpt lat="48.742838110774755" lon="-121.04182569310069">
        <ele>484.16000000000003</ele>
        <time>2025-07-29T16:45:01Z</time>
      </trkpt>
      <trkpt lat="48.742979764938354" lon="-121.04153693653643">
        <ele>484.16000000000003</ele>
        <time>2025-07-29T16:45:21Z</time>
      </trkpt>
      <trkpt lat="48.743146061897278" lon="-121.04130081832409">
        <ele>484.16000000000003</ele>
        <time>2025-07-29T16:45:40Z</time>
      </trkpt>
      <trkpt lat="48.743310263380408" lon="-121.040970236063">
        <ele>484.16000000000003</ele>
        <time>2025-07-29T16:46:02Z</time>
      </trkpt>
      <trkpt lat="48.743510507047176" lon="-121.04071525856853">
        <ele>484.16000000000003</ele>
        <time>2025-07-29T16:46:23Z</time>
      </trkpt>
      <trkpt lat="48.743665907531977" lon="-121.04037721641362">
        <ele>484.16000000000003</ele>
        <time>2025-07-29T16:46:44Z</time>
      </trkpt>
      <trkpt lat="48.74384293332696" lon="-121.04010220617056">
        <ele>484.16000000000003</ele>
        <time>2025-07-29T16:47:05Z</time>
      </trkpt>
      <trkpt lat="48.744003782048821" lon="-121.03982325643301">
        <ele>484.16000000000003</ele>
        <time>2025-07-29T16:47:26Z</time>
      </trkpt>
      <trkpt lat="48.744182484224439" lon="-121.03964447043836">
        <ele>484.63999999999999</ele>
        <time>2025-07-29T16:47:43Z</time>
      </trkpt>
      <trkpt lat="48.744364539161325" lon="-121.03936920873821">
        <ele>484.63999999999999</ele>
        <time>2025-07-29T16:48:05Z</time>
      </trkpt>
      <trkpt lat="48.7445402238518" lon="-121.03908556513488">
        <ele>484.63999999999999</ele>
        <time>2025-07-29T16:48:26Z</time>
      </trkpt>
      <trkpt lat="48.744633430615067" lon="-121.03897182270885">
        <ele>484.63999999999999</ele>
        <time>2025-07-29T16:48:37Z</time>
      </trkpt>
      <trkpt lat="48.744717082008719" lon="-121.03883544914424">
        <ele>484.63999999999999</ele>
        <time>2025-07-29T16:48:47Z</time>
      </trkpt>
      <trkpt lat="48.744920007884502" lon="-121.03868834674358">
        <ele>485.12</ele>
        <time>2025-07-29T16:49:07Z</time>
      </trkpt>
      <trkpt lat="48.745067613199353" lon="-121.0385147575289">
        <ele>485.12</ele>
        <time>2025-07-29T16:49:24Z</time>
      </trkpt>
      <trkpt lat="48.745226198807359" lon="-121.03836639784276">
        <ele>485.12</ele>
        <time>2025-07-29T16:49:41Z</time>
      </trkpt>
      <trkpt lat="48.745348155498505" lon="-121.03811829350889">
        <ele>485.12</ele>
        <time>2025-07-29T16:50:00Z</time>
      </trkpt>
      <trkpt lat="48.745513865724206" lon="-121.0379848536104">
        <ele>485.12</ele>
        <time>2025-07-29T16:50:17Z</time>
      </trkpt>
      <trkpt lat="48.745676726102829" lon="-121.03776306845248">
        <ele>485.12</ele>
        <time>2025-07-29T16:50:38Z</time>
      </trkpt>
      <trkpt lat="48.745858361944556" lon="-121.03752988390625">
        <ele>485.12</ele>
        <time>2025-07-29T16:50:59Z</time>
      </trkpt>
      <trkpt lat="48.745895158499479" lon="-121.03745553642511">
        <ele>485.12</ele>
        <time>2025-07-29T16:51:04Z</time>
      </trkpt>
      <trkpt lat="48.746073776856065" lon="-121.0372406244278">
        <ele>485.12</ele>
        <time>2025-07-29T16:51:24Z</time>
      </trkpt>
      <trkpt lat="48.746237475425005" lon="-121.03707055561244">
        <ele>485.12</ele>
        <time>2025-07-29T16:51:42Z</time>
      </trkpt>
      <trkpt lat="48.746414668858051" lon="-121.03686704300344">
        <ele>485.12</ele>
        <time>2025-07-29T16:52:01Z</time>
      </trkpt>
      <trkpt lat="48.746508210897446" lon="-121.03673737496138">
        <ele>485.12</ele>
        <time>2025-07-29T16:52:12Z</time>
      </trkpt>
      <trkpt lat="48.746667467057705" lon="-121.03658767417073">
        <ele>485.12</ele>
        <time>2025-07-29T16:52:29Z</time>
      </trkpt>
      <trkpt lat="48.746830997988582" lon="-121.03637779131532">
        <ele>485.12</ele>
        <time>2025-07-29T16:52:47Z</time>
      </trkpt>
      <trkpt lat="48.747023530304432" lon="-121.03614469058812">
        <ele>485.60000000000002</ele>
        <time>2025-07-29T16:53:09Z</time>
      </trkpt>
      <trkpt lat="48.747202986851335" lon="-121.03591863065958">
        <ele>485.60000000000002</ele>
        <time>2025-07-29T16:53:30Z</time>
      </trkpt>
      <trkpt lat="48.7473757378757" lon="-121.03565032593906">
        <ele>485.60000000000002</ele>
        <time>2025-07-29T16:53:52Z</time>
      </trkpt>
      <trkpt lat="48.74754723161459" lon="-121.03543315082788">
        <ele>485.60000000000002</ele>
        <time>2025-07-29T16:54:14Z</time>
      </trkpt>
      <trkpt lat="48.747707577422261" lon="-121.03523081168532">
        <ele>485.60000000000002</ele>
        <time>2025-07-29T16:54:34Z</time>
      </trkpt>
      <trkpt lat="48.7478281930089" lon="-121.03499494493008">
        <ele>485.60000000000002</ele>
        <time>2025-07-29T16:54:54Z</time>
      </trkpt>
      <trkpt lat="48.747899942100048" lon="-121.03493048809469">
        <ele>485.60000000000002</ele>
        <time>2025-07-29T16:55:03Z</time>
      </trkpt>
      <trkpt lat="48.74808182939887" lon="-121.03469411842525">
        <ele>485.60000000000002</ele>
        <time>2025-07-29T16:55:25Z</time>
      </trkpt>
      <trkpt lat="48.7482132576406" lon="-121.03453318588436">
        <ele>485.60000000000002</ele>
        <time>2025-07-29T16:55:42Z</time>
      </trkpt>
      <trkpt lat="48.748304955661297" lon="-121.03433285839856">
        <ele>485.60000000000002</ele>
        <time>2025-07-29T16:55:56Z</time>
      </trkpt>
      <trkpt lat="48.748533446341753" lon="-121.03414158336818">
        <ele>485.60000000000002</ele>
        <time>2025-07-29T16:56:19Z</time>
      </trkpt>
      <trkpt lat="48.748715585097671" lon="-121.03394879959524">
        <ele>485.60000000000002</ele>
        <time>2025-07-29T16:56:39Z</time>
      </trkpt>
      <trkpt lat="48.748890683054924" lon="-121.03374595753849">
        <ele>485.60000000000002</ele>
        <time>2025-07-29T16:57:00Z</time>
      </trkpt>
      <trkpt lat="48.749049687758088" lon="-121.03353506885469">
        <ele>485.60000000000002</ele>
        <time>2025-07-29T16:57:19Z</time>
      </trkpt>
      <trkpt lat="48.749148678034544" lon="-121.03337631560862">
        <ele>485.60000000000002</ele>
        <time>2025-07-29T16:57:32Z</time>
      </trkpt>
      <trkpt lat="48.749327212572098" lon="-121.0331820230931">
        <ele>485.60000000000002</ele>
        <time>2025-07-29T16:57:53Z</time>
      </trkpt>
      <trkpt lat="48.749554613605142" lon="-121.03286426514387">
        <ele>485.60000000000002</ele>
        <time>2025-07-29T16:58:22Z</time>
      </trkpt>
      <trkpt lat="48.74977002851665" lon="-121.03264675475657">
        <ele>485.60000000000002</ele>
        <time>2025-07-29T16:58:48Z</time>
      </trkpt>
      <trkpt lat="48.749775728210807" lon="-121.03263393044472">
        <ele>485.60000000000002</ele>
        <time>2025-07-29T16:58:49Z</time>
      </trkpt>
      <trkpt lat="48.749942360445857" lon="-121.03238892741501">
        <ele>485.60000000000002</ele>
        <time>2025-07-29T16:59:09Z</time>
      </trkpt>
      <trkpt lat="48.750103628262877" lon="-121.03205205872655">
        <ele>485.60000000000002</ele>
        <time>2025-07-29T16:59:33Z</time>
      </trkpt>
      <trkpt lat="48.750142687931657" lon="-121.03201031684875">
        <ele>485.60000000000002</ele>
        <time>2025-07-29T16:59:37Z</time>
      </trkpt>
      <trkpt lat="48.750266572460532" lon="-121.03192104957998">
        <ele>485.60000000000002</ele>
        <time>2025-07-29T16:59:49Z</time>
      </trkpt>
      <trkpt lat="48.750467654317617" lon="-121.03162977844477">
        <ele>485.60000000000002</ele>
        <time>2025-07-29T17:00:12Z</time>
      </trkpt>
      <trkpt lat="48.750716848298907" lon="-121.031429534778">
        <ele>486.07999999999998</ele>
        <time>2025-07-29T17:00:36Z</time>
      </trkpt>
      <trkpt lat="48.750966461375356" lon="-121.03126809932292">
        <ele>486.07999999999998</ele>
        <time>2025-07-29T17:01:01Z</time>
      </trkpt>
      <trkpt lat="48.751219511032104" lon="-121.03113985620439">
        <ele>486.07999999999998</ele>
        <time>2025-07-29T17:01:26Z</time>
      </trkpt>
      <trkpt lat="48.751354962587357" lon="-121.0309543646872">
        <ele>486.07999999999998</ele>
        <time>2025-07-29T17:01:48Z</time>
      </trkpt>
      <trkpt lat="48.751404667273164" lon="-121.03083441965282">
        <ele>486.07999999999998</ele>
        <time>2025-07-29T17:02:09Z</time>
      </trkpt>
      <trkpt lat="48.751603905111551" lon="-121.03071053512394">
        <ele>486.07999999999998</ele>
        <time>2025-07-29T17:02:30Z</time>
      </trkpt>
      <trkpt lat="48.75184865668416" lon="-121.03053485043347">
        <ele>486.07999999999998</ele>
        <time>2025-07-29T17:02:54Z</time>
      </trkpt>
      <trkpt lat="48.751896601170301" lon="-121.03043879382312">
        <ele>486.07999999999998</ele>
        <time>2025-07-29T17:03:01Z</time>
      </trkpt>
      <trkpt lat="48.751929206773639" lon="-121.03038540109992">
        <ele>486.07999999999998</ele>
        <time>2025-07-29T17:03:05Z</time>
      </trkpt>
      <trkpt lat="48.752151243388653" lon="-121.03028004057705">
        <ele>486.07999999999998</ele>
        <time>2025-07-29T17:03:24Z</time>
      </trkpt>
      <trkpt lat="48.752401359379292" lon="-121.03016084991395">
        <ele>486.07999999999998</ele>
        <time>2025-07-29T17:03:46Z</time>
      </trkpt>
      <trkpt lat="48.75267737545073" lon="-121.03003855794668">
        <ele>486.07999999999998</ele>
        <time>2025-07-29T17:04:11Z</time>
      </trkpt>
      <trkpt lat="48.752929335460067" lon="-121.02992397733033">
        <ele>486.07999999999998</ele>
        <time>2025-07-29T17:04:35Z</time>
      </trkpt>
      <trkpt lat="48.753178110346198" lon="-121.02974401786923">
        <ele>486.07999999999998</ele>
        <time>2025-07-29T17:05:00Z</time>
      </trkpt>
      <trkpt lat="48.753464855253696" lon="-121.02961753495038">
        <ele>486.07999999999998</ele>
        <time>2025-07-29T17:05:26Z</time>
      </trkpt>
      <trkpt lat="48.753709020093083" lon="-121.02944520302117">
        <ele>486.07999999999998</ele>
        <time>2025-07-29T17:05:51Z</time>
      </trkpt>
      <trkpt lat="48.753758138045669" lon="-121.02938300929964">
        <ele>486.07999999999998</ele>
        <time>2025-07-29T17:05:57Z</time>
      </trkpt>
      <trkpt lat="48.753968691453338" lon="-121.02923414669931">
        <ele>486.07999999999998</ele>
        <time>2025-07-29T17:06:17Z</time>
      </trkpt>
      <trkpt lat="48.754191398620605" lon="-121.0291984397918">
        <ele>486.56</ele>
        <time>2025-07-29T17:06:38Z</time>
      </trkpt>
      <trkpt lat="48.75438217073679" lon="-121.02916952222586">
        <ele>486.56</ele>
        <time>2025-07-29T17:07:01Z</time>
      </trkpt>
      <trkpt lat="48.754541929811239" lon="-121.02918301708996">
        <ele>486.56</ele>
        <time>2025-07-29T17:07:23Z</time>
      </trkpt>
      <trkpt lat="48.754760026931763" lon="-121.02906910702586">
        <ele>486.56</ele>
        <time>2025-07-29T17:07:48Z</time>
      </trkpt>
      <trkpt lat="48.754948200657964" lon="-121.0291450470686">
        <ele>486.56</ele>
        <time>2025-07-29T17:08:09Z</time>
      </trkpt>
      <trkpt lat="48.755188258364797" lon="-121.02911839261651">
        <ele>486.56</ele>
        <time>2025-07-29T17:08:32Z</time>
      </trkpt>
      <trkpt lat="48.755366122350097" lon="-121.02913339622319">
        <ele>487.05000000000001</ele>
        <time>2025-07-29T17:08:54Z</time>
      </trkpt>
      <trkpt lat="48.755510374903679" lon="-121.02924671955407">
        <ele>487.52999999999997</ele>
        <time>2025-07-29T17:09:14Z</time>
      </trkpt>
      <trkpt lat="48.755532251670957" lon="-121.0292793251574">
        <ele>486.07999999999998</ele>
        <time>2025-07-29T17:09:17Z</time>
      </trkpt>
      <trkpt lat="48.755545159801841" lon="-121.02929105982184">
        <ele>487.52999999999997</ele>
        <time>2025-07-29T17:09:19Z</time>
      </trkpt>
      <trkpt lat="48.755625458434224" lon="-121.02936121635139">
        <ele>487.52999999999997</ele>
        <time>2025-07-29T17:09:31Z</time>
      </trkpt>
      <trkpt lat="48.75573568046093" lon="-121.02953597903252">
        <ele>488.00999999999999</ele>
        <time>2025-07-29T17:09:55Z</time>
      </trkpt>
      <trkpt lat="48.755714138969779" lon="-121.02963790297508">
        <ele>488.00999999999999</ele>
        <time>2025-07-29T17:10:18Z</time>
      </trkpt>
      <trkpt lat="48.755740458145738" lon="-121.02969674393535">
        <ele>488.00999999999999</ele>
        <time>2025-07-29T17:10:36Z</time>
      </trkpt>
      <trkpt lat="48.755760490894318" lon="-121.02970051579177">
        <ele>488.00999999999999</ele>
        <time>2025-07-29T17:10:59Z</time>
      </trkpt>
      <trkpt lat="48.755773147568107" lon="-121.02965542115271">
        <ele>488.00999999999999</ele>
        <time>2025-07-29T17:11:14Z</time>
      </trkpt>
      <trkpt lat="48.755802568048239" lon="-121.02964695543051">
        <ele>487.52999999999997</ele>
        <time>2025-07-29T17:11:33Z</time>
      </trkpt>
      <trkpt lat="48.755804160609841" lon="-121.02962574921548">
        <ele>487.52999999999997</ele>
        <time>2025-07-29T17:11:53Z</time>
      </trkpt>
      <trkpt lat="48.755836095660925" lon="-121.02965466678143">
        <ele>487.52999999999997</ele>
        <time>2025-07-29T17:12:11Z</time>
      </trkpt>
      <trkpt lat="48.755974732339382" lon="-121.02972993627191">
        <ele>487.52999999999997</ele>
        <time>2025-07-29T17:12:33Z</time>
      </trkpt>
      <trkpt lat="48.756175143644214" lon="-121.02985817939043">
        <ele>487.52999999999997</ele>
        <time>2025-07-29T17:12:52Z</time>
      </trkpt>
      <trkpt lat="48.756442191079259" lon="-121.02997493930161">
        <ele>487.52999999999997</ele>
        <time>2025-07-29T17:13:11Z</time>
      </trkpt>
      <trkpt lat="48.756695576012135" lon="-121.03012958541512">
        <ele>487.52999999999997</ele>
        <time>2025-07-29T17:13:30Z</time>
      </trkpt>
      <trkpt lat="48.756928844377398" lon="-121.03027995675802">
        <ele>487.52999999999997</ele>
        <time>2025-07-29T17:13:50Z</time>
      </trkpt>
      <trkpt lat="48.757223216816783" lon="-121.03038414381444">
        <ele>487.52999999999997</ele>
        <time>2025-07-29T17:14:12Z</time>
      </trkpt>
      <trkpt lat="48.757489593699574" lon="-121.03049570694566">
        <ele>487.52999999999997</ele>
        <time>2025-07-29T17:14:35Z</time>
      </trkpt>
      <trkpt lat="48.757724957540631" lon="-121.03060752153397">
        <ele>487.52999999999997</ele>
        <time>2025-07-29T17:14:55Z</time>
      </trkpt>
      <trkpt lat="48.757993178442121" lon="-121.03076049126685">
        <ele>487.52999999999997</ele>
        <time>2025-07-29T17:15:19Z</time>
      </trkpt>
      <trkpt lat="48.758204905316234" lon="-121.03089300915599">
        <ele>487.52999999999997</ele>
        <time>2025-07-29T17:15:39Z</time>
      </trkpt>
      <trkpt lat="48.758349576964974" lon="-121.03096794337034">
        <ele>487.52999999999997</ele>
        <time>2025-07-29T17:15:53Z</time>
      </trkpt>
      <trkpt lat="48.758513359352946" lon="-121.03107933886349">
        <ele>487.52999999999997</ele>
        <time>2025-07-29T17:16:09Z</time>
      </trkpt>
      <trkpt lat="48.758639842271805" lon="-121.0311655048281">
        <ele>487.52999999999997</ele>
        <time>2025-07-29T17:16:22Z</time>
      </trkpt>
      <trkpt lat="48.758852239698172" lon="-121.03126793168485">
        <ele>487.52999999999997</ele>
        <time>2025-07-29T17:16:41Z</time>
      </trkpt>
      <trkpt lat="48.759127920493484" lon="-121.03140396997333">
        <ele>487.52999999999997</ele>
        <time>2025-07-29T17:17:05Z</time>
      </trkpt>
      <trkpt lat="48.759350962936878" lon="-121.03153430856764">
        <ele>487.52999999999997</ele>
        <time>2025-07-29T17:17:25Z</time>
      </trkpt>
      <trkpt lat="48.759547770023346" lon="-121.03166665881872">
        <ele>487.52999999999997</ele>
        <time>2025-07-29T17:17:43Z</time>
      </trkpt>
      <trkpt lat="48.759808195754886" lon="-121.03184200823307">
        <ele>487.52999999999997</ele>
        <time>2025-07-29T17:18:07Z</time>
      </trkpt>
      <trkpt lat="48.760017743334174" lon="-121.03199707344174">
        <ele>487.52999999999997</ele>
        <time>2025-07-29T17:18:27Z</time>
      </trkpt>
      <trkpt lat="48.76025210134685" lon="-121.03210913948715">
        <ele>487.52999999999997</ele>
        <time>2025-07-29T17:18:48Z</time>
      </trkpt>
      <trkpt lat="48.760473383590579" lon="-121.03227283805609">
        <ele>487.52999999999997</ele>
        <time>2025-07-29T17:19:10Z</time>
      </trkpt>
      <trkpt lat="48.76063616015017" lon="-121.03238347917795">
        <ele>487.52999999999997</ele>
        <time>2025-07-29T17:19:25Z</time>
      </trkpt>
      <trkpt lat="48.760841516777873" lon="-121.03252572007477">
        <ele>487.52999999999997</ele>
        <time>2025-07-29T17:19:45Z</time>
      </trkpt>
      <trkpt lat="48.761048801243305" lon="-121.0326484311372">
        <ele>487.52999999999997</ele>
        <time>2025-07-29T17:20:05Z</time>
      </trkpt>
      <trkpt lat="48.761284416541457" lon="-121.03281363844872">
        <ele>487.52999999999997</ele>
        <time>2025-07-29T17:20:27Z</time>
      </trkpt>
      <trkpt lat="48.761555319651961" lon="-121.03294355794787">
        <ele>487.52999999999997</ele>
        <time>2025-07-29T17:20:50Z</time>
      </trkpt>
      <trkpt lat="48.761784816160798" lon="-121.03306903503835">
        <ele>487.52999999999997</ele>
        <time>2025-07-29T17:21:10Z</time>
      </trkpt>
      <trkpt lat="48.761995453387499" lon="-121.03318294510245">
        <ele>487.52999999999997</ele>
        <time>2025-07-29T17:21:27Z</time>
      </trkpt>
      <trkpt lat="48.762279264628887" lon="-121.03335133753717">
        <ele>487.52999999999997</ele>
        <time>2025-07-29T17:21:51Z</time>
      </trkpt>
      <trkpt lat="48.762506162747741" lon="-121.03348410688341">
        <ele>487.52999999999997</ele>
        <time>2025-07-29T17:22:11Z</time>
      </trkpt>
      <trkpt lat="48.762752255424857" lon="-121.03366356343031">
        <ele>487.52999999999997</ele>
        <time>2025-07-29T17:22:33Z</time>
      </trkpt>
      <trkpt lat="48.762980997562408" lon="-121.03382541798055">
        <ele>488.49000000000001</ele>
        <time>2025-07-29T17:22:54Z</time>
      </trkpt>
      <trkpt lat="48.763233544304967" lon="-121.03400940075517">
        <ele>488.49000000000001</ele>
        <time>2025-07-29T17:23:16Z</time>
      </trkpt>
      <trkpt lat="48.763483325019479" lon="-121.0341630410403">
        <ele>488.49000000000001</ele>
        <time>2025-07-29T17:23:38Z</time>
      </trkpt>
      <trkpt lat="48.763633696362376" lon="-121.03430477902293">
        <ele>488.49000000000001</ele>
        <time>2025-07-29T17:23:53Z</time>
      </trkpt>
      <trkpt lat="48.763832682743669" lon="-121.03440460748971">
        <ele>488.49000000000001</ele>
        <time>2025-07-29T17:24:10Z</time>
      </trkpt>
      <trkpt lat="48.764010965824127" lon="-121.03452639654279">
        <ele>488.49000000000001</ele>
        <time>2025-07-29T17:24:28Z</time>
      </trkpt>
      <trkpt lat="48.764222525060177" lon="-121.03463024832308">
        <ele>488.49000000000001</ele>
        <time>2025-07-29T17:24:48Z</time>
      </trkpt>
      <trkpt lat="48.764428803697228" lon="-121.03471482172608">
        <ele>488.49000000000001</ele>
        <time>2025-07-29T17:25:08Z</time>
      </trkpt>
      <trkpt lat="48.764634495601058" lon="-121.03488271124661">
        <ele>488.49000000000001</ele>
        <time>2025-07-29T17:25:33Z</time>
      </trkpt>
      <trkpt lat="48.764778329059482" lon="-121.03493652306497">
        <ele>488.49000000000001</ele>
        <time>2025-07-29T17:25:52Z</time>
      </trkpt>
      <trkpt lat="48.764887964352965" lon="-121.03509016335011">
        <ele>488.49000000000001</ele>
        <time>2025-07-29T17:26:14Z</time>
      </trkpt>
      <trkpt lat="48.764970526099205" lon="-121.03520390577614">
        <ele>488.49000000000001</ele>
        <time>2025-07-29T17:26:27Z</time>
      </trkpt>
      <trkpt lat="48.765215110033751" lon="-121.03534991852939">
        <ele>488.49000000000001</ele>
        <time>2025-07-29T17:26:51Z</time>
      </trkpt>
      <trkpt lat="48.765240591019392" lon="-121.03537087328732">
        <ele>488.49000000000001</ele>
        <time>2025-07-29T17:26:54Z</time>
      </trkpt>
      <trkpt lat="48.765459023416042" lon="-121.035544462502">
        <ele>488.49000000000001</ele>
        <time>2025-07-29T17:27:16Z</time>
      </trkpt>
      <trkpt lat="48.765711486339569" lon="-121.03569315746427">
        <ele>488.49000000000001</ele>
        <time>2025-07-29T17:27:38Z</time>
      </trkpt>
      <trkpt lat="48.765880465507507" lon="-121.03583875112236">
        <ele>488.49000000000001</ele>
        <time>2025-07-29T17:27:55Z</time>
      </trkpt>
      <trkpt lat="48.766084900125861" lon="-121.03595123626292">
        <ele>488.49000000000001</ele>
        <time>2025-07-29T17:28:15Z</time>
      </trkpt>
      <trkpt lat="48.766327807679772" lon="-121.03613597340882">
        <ele>488.49000000000001</ele>
        <time>2025-07-29T17:28:40Z</time>
      </trkpt>
      <trkpt lat="48.766539618372917" lon="-121.03624644689262">
        <ele>488.49000000000001</ele>
        <time>2025-07-29T17:29:02Z</time>
      </trkpt>
      <trkpt lat="48.766686050221324" lon="-121.03643805719912">
        <ele>488.49000000000001</ele>
        <time>2025-07-29T17:29:23Z</time>
      </trkpt>
      <trkpt lat="48.766712201759219" lon="-121.03647720068693">
        <ele>488.49000000000001</ele>
        <time>2025-07-29T17:29:27Z</time>
      </trkpt>
      <trkpt lat="48.76691646873951" lon="-121.03663997724652">
        <ele>488.49000000000001</ele>
        <time>2025-07-29T17:29:47Z</time>
      </trkpt>
      <trkpt lat="48.767106486484408" lon="-121.03678381070495">
        <ele>488.49000000000001</ele>
        <time>2025-07-29T17:30:03Z</time>
      </trkpt>
      <trkpt lat="48.76738996244967" lon="-121.03688271716237">
        <ele>488.49000000000001</ele>
        <time>2025-07-29T17:30:26Z</time>
      </trkpt>
      <trkpt lat="48.767604120075703" lon="-121.03698053397238">
        <ele>488.49000000000001</ele>
        <time>2025-07-29T17:30:44Z</time>
      </trkpt>
      <trkpt lat="48.76780872233212" lon="-121.0371127165854">
        <ele>488.49000000000001</ele>
        <time>2025-07-29T17:31:03Z</time>
      </trkpt>
      <trkpt lat="48.768003936856985" lon="-121.03722612373531">
        <ele>488.49000000000001</ele>
        <time>2025-07-29T17:31:21Z</time>
      </trkpt>
      <trkpt lat="48.768172413110733" lon="-121.03736124001443">
        <ele>488.49000000000001</ele>
        <time>2025-07-29T17:31:39Z</time>
      </trkpt>
      <trkpt lat="48.768366202712059" lon="-121.03744011372328">
        <ele>488.49000000000001</ele>
        <time>2025-07-29T17:31:58Z</time>
      </trkpt>
      <trkpt lat="48.768516154959798" lon="-121.03751798160374">
        <ele>488.49000000000001</ele>
        <time>2025-07-29T17:32:13Z</time>
      </trkpt>
      <trkpt lat="48.768691001459956" lon="-121.03758176788688">
        <ele>488.49000000000001</ele>
        <time>2025-07-29T17:32:33Z</time>
      </trkpt>
      <trkpt lat="48.768772054463625" lon="-121.03770799934864">
        <ele>488.49000000000001</ele>
        <time>2025-07-29T17:32:54Z</time>
      </trkpt>
      <trkpt lat="48.768792254850268" lon="-121.03784898295999">
        <ele>488.49000000000001</ele>
        <time>2025-07-29T17:33:21Z</time>
      </trkpt>
      <trkpt lat="48.768803486600518" lon="-121.03788896463811">
        <ele>488.97000000000003</ele>
        <time>2025-07-29T17:33:45Z</time>
      </trkpt>
      <trkpt lat="48.768790829926729" lon="-121.03792735375464">
        <ele>488.97000000000003</ele>
        <time>2025-07-29T17:34:14Z</time>
      </trkpt>
      <trkpt lat="48.768785214051604" lon="-121.03792995214462">
        <ele>488.97000000000003</ele>
        <time>2025-07-29T17:34:43Z</time>
      </trkpt>
      <trkpt lat="48.768769707530737" lon="-121.03793003596365">
        <ele>489.44999999999999</ele>
        <time>2025-07-29T17:35:08Z</time>
      </trkpt>
      <trkpt lat="48.768736012279987" lon="-121.03792349807918">
        <ele>489.44999999999999</ele>
        <time>2025-07-29T17:35:27Z</time>
      </trkpt>
      <trkpt lat="48.768715392798185" lon="-121.03792953304946">
        <ele>488.97000000000003</ele>
        <time>2025-07-29T17:35:59Z</time>
      </trkpt>
      <trkpt lat="48.768677590414882" lon="-121.03791796602309">
        <ele>488.97000000000003</ele>
        <time>2025-07-29T17:36:28Z</time>
      </trkpt>
      <trkpt lat="48.768637692555785" lon="-121.03790975175798">
        <ele>488.49000000000001</ele>
        <time>2025-07-29T17:36:49Z</time>
      </trkpt>
      <trkpt lat="48.768607350066304" lon="-121.03789860382676">
        <ele>488.49000000000001</ele>
        <time>2025-07-29T17:37:20Z</time>
      </trkpt>
      <trkpt lat="48.768563428893685" lon="-121.03789541870356">
        <ele>490.41000000000003</ele>
        <time>2025-07-29T17:37:49Z</time>
      </trkpt>
      <trkpt lat="48.768556639552116" lon="-121.03789701126516">
        <ele>488.97000000000003</ele>
        <time>2025-07-29T17:37:55Z</time>
      </trkpt>
      <trkpt lat="48.76851380802691" lon="-121.03787169791758">
        <ele>488.97000000000003</ele>
        <time>2025-07-29T17:38:30Z</time>
      </trkpt>
      <trkpt lat="48.768451614305377" lon="-121.03781528770924">
        <ele>488.97000000000003</ele>
        <time>2025-07-29T17:39:01Z</time>
      </trkpt>
      <trkpt lat="48.768401741981506" lon="-121.0377842746675">
        <ele>488.97000000000003</ele>
        <time>2025-07-29T17:39:28Z</time>
      </trkpt>
      <trkpt lat="48.768365029245615" lon="-121.03773255832493">
        <ele>488.97000000000003</ele>
        <time>2025-07-29T17:40:00Z</time>
      </trkpt>
      <trkpt lat="48.768313312903047" lon="-121.03765385225415">
        <ele>488.97000000000003</ele>
        <time>2025-07-29T17:40:34Z</time>
      </trkpt>
      <trkpt lat="48.768257070332766" lon="-121.03764773346484">
        <ele>488.49000000000001</ele>
        <time>2025-07-29T17:40:57Z</time>
      </trkpt>
      <trkpt lat="48.768215412274003" lon="-121.0376114398241">
        <ele>488.49000000000001</ele>
        <time>2025-07-29T17:41:23Z</time>
      </trkpt>
      <trkpt lat="48.768168808892369" lon="-121.03755930438638">
        <ele>488.49000000000001</ele>
        <time>2025-07-29T17:41:53Z</time>
      </trkpt>
      <trkpt lat="48.768112398684025" lon="-121.03751915507019">
        <ele>488.49000000000001</ele>
        <time>2025-07-29T17:42:22Z</time>
      </trkpt>
      <trkpt lat="48.768078703433275" lon="-121.03745033964515">
        <ele>488.49000000000001</ele>
        <time>2025-07-29T17:42:48Z</time>
      </trkpt>
      <trkpt lat="48.768056826665998" lon="-121.03741806931794">
        <ele>488.49000000000001</ele>
        <time>2025-07-29T17:43:09Z</time>
      </trkpt>
      <trkpt lat="48.768010390922427" lon="-121.03737272322178">
        <ele>488.00999999999999</ele>
        <time>2025-07-29T17:43:31Z</time>
      </trkpt>
      <trkpt lat="48.768004439771175" lon="-121.03734481148422">
        <ele>488.00999999999999</ele>
        <time>2025-07-29T17:43:59Z</time>
      </trkpt>
      <trkpt lat="48.767961775884032" lon="-121.03731203824282">
        <ele>488.00999999999999</ele>
        <time>2025-07-29T17:44:27Z</time>
      </trkpt>
      <trkpt lat="48.767977450042963" lon="-121.03720542043447">
        <ele>488.00999999999999</ele>
        <time>2025-07-29T17:44:52Z</time>
      </trkpt>
      <trkpt lat="48.768070656806231" lon="-121.03727197274566">
        <ele>488.00999999999999</ele>
        <time>2025-07-29T17:45:13Z</time>
      </trkpt>
      <trkpt lat="48.768307948485017" lon="-121.03738814592361">
        <ele>488.00999999999999</ele>
        <time>2025-07-29T17:45:35Z</time>
      </trkpt>
      <trkpt lat="48.768602320924401" lon="-121.03753650560975">
        <ele>487.52999999999997</ele>
        <time>2025-07-29T17:45:58Z</time>
      </trkpt>
      <trkpt lat="48.768896944820881" lon="-121.03763968683779">
        <ele>487.52999999999997</ele>
        <time>2025-07-29T17:46:19Z</time>
      </trkpt>
      <trkpt lat="48.769183689728379" lon="-121.0377065744251">
        <ele>487.52999999999997</ele>
        <time>2025-07-29T17:46:40Z</time>
      </trkpt>
      <trkpt lat="48.769413353875279" lon="-121.03778343647718">
        <ele>487.52999999999997</ele>
        <time>2025-07-29T17:46:57Z</time>
      </trkpt>
      <trkpt lat="48.76962885260582" lon="-121.03785568848252">
        <ele>487.52999999999997</ele>
        <time>2025-07-29T17:47:15Z</time>
      </trkpt>
      <trkpt lat="48.769868407398462" lon="-121.03792928159237">
        <ele>487.52999999999997</ele>
        <time>2025-07-29T17:47:36Z</time>
      </trkpt>
      <trkpt lat="48.770130425691605" lon="-121.03801360353827">
        <ele>487.52999999999997</ele>
        <time>2025-07-29T17:47:59Z</time>
      </trkpt>
      <trkpt lat="48.770419098436832" lon="-121.03805920109153">
        <ele>487.05000000000001</ele>
        <time>2025-07-29T17:48:22Z</time>
      </trkpt>
      <trkpt lat="48.770706513896585" lon="-121.03810513392091">
        <ele>487.05000000000001</ele>
        <time>2025-07-29T17:48:43Z</time>
      </trkpt>
      <trkpt lat="48.771019829437137" lon="-121.0381783079356">
        <ele>487.05000000000001</ele>
        <time>2025-07-29T17:49:08Z</time>
      </trkpt>
      <trkpt lat="48.771291403099895" lon="-121.03814209811389">
        <ele>487.05000000000001</ele>
        <time>2025-07-29T17:49:28Z</time>
      </trkpt>
      <trkpt lat="48.771617375314236" lon="-121.03829464875162">
        <ele>487.05000000000001</ele>
        <time>2025-07-29T17:49:52Z</time>
      </trkpt>
      <trkpt lat="48.771917531266809" lon="-121.03840386494994">
        <ele>487.05000000000001</ele>
        <time>2025-07-29T17:50:14Z</time>
      </trkpt>
      <trkpt lat="48.77228214405477" lon="-121.03857703506947">
        <ele>487.05000000000001</ele>
        <time>2025-07-29T17:50:41Z</time>
      </trkpt>
      <trkpt lat="48.772606607526541" lon="-121.03867074474692">
        <ele>488.49000000000001</ele>
        <time>2025-07-29T17:51:05Z</time>
      </trkpt>
      <trkpt lat="48.772926377132535" lon="-121.03878138586879">
        <ele>488.49000000000001</ele>
        <time>2025-07-29T17:51:29Z</time>
      </trkpt>
      <trkpt lat="48.773199459537864" lon="-121.03885908611119">
        <ele>488.49000000000001</ele>
        <time>2025-07-29T17:51:50Z</time>
      </trkpt>
      <trkpt lat="48.773452593013644" lon="-121.03891750797629">
        <ele>488.49000000000001</ele>
        <time>2025-07-29T17:52:10Z</time>
      </trkpt>
      <trkpt lat="48.773716790601611" lon="-121.0389743372798">
        <ele>488.49000000000001</ele>
        <time>2025-07-29T17:52:31Z</time>
      </trkpt>
      <trkpt lat="48.773958357051015" lon="-121.03900233283639">
        <ele>488.49000000000001</ele>
        <time>2025-07-29T17:52:49Z</time>
      </trkpt>
      <trkpt lat="48.774233534932137" lon="-121.03908388875425">
        <ele>488.49000000000001</ele>
        <time>2025-07-29T17:53:11Z</time>
      </trkpt>
      <trkpt lat="48.774471832439303" lon="-121.03905270807445">
        <ele>488.97000000000003</ele>
        <time>2025-07-29T17:53:30Z</time>
      </trkpt>
      <trkpt lat="48.774735108017921" lon="-121.03909797035158">
        <ele>488.97000000000003</ele>
        <time>2025-07-29T17:53:52Z</time>
      </trkpt>
      <trkpt lat="48.775005675852299" lon="-121.03917424567044">
        <ele>488.97000000000003</ele>
        <time>2025-07-29T17:54:15Z</time>
      </trkpt>
      <trkpt lat="48.775254786014557" lon="-121.03914909996092">
        <ele>488.97000000000003</ele>
        <time>2025-07-29T17:54:36Z</time>
      </trkpt>
      <trkpt lat="48.775529293343425" lon="-121.0392193403095">
        <ele>488.97000000000003</ele>
        <time>2025-07-29T17:54:59Z</time>
      </trkpt>
      <trkpt lat="48.775713108479977" lon="-121.03907416574657">
        <ele>488.97000000000003</ele>
        <time>2025-07-29T17:55:15Z</time>
      </trkpt>
      <trkpt lat="48.775924583896995" lon="-121.03919126093388">
        <ele>488.97000000000003</ele>
        <time>2025-07-29T17:55:36Z</time>
      </trkpt>
      <trkpt lat="48.776224153116345" lon="-121.03918807581067">
        <ele>488.97000000000003</ele>
        <time>2025-07-29T17:56:00Z</time>
      </trkpt>
      <trkpt lat="48.776504779234529" lon="-121.03930114768445">
        <ele>488.97000000000003</ele>
        <time>2025-07-29T17:56:24Z</time>
      </trkpt>
      <trkpt lat="48.776773167774081" lon="-121.03935948573053">
        <ele>488.97000000000003</ele>
        <time>2025-07-29T17:56:46Z</time>
      </trkpt>
      <trkpt lat="48.777072569355369" lon="-121.0394870582968">
        <ele>488.97000000000003</ele>
        <time>2025-07-29T17:57:11Z</time>
      </trkpt>
      <trkpt lat="48.777279602363706" lon="-121.03942754678428">
        <ele>488.97000000000003</ele>
        <time>2025-07-29T17:57:32Z</time>
      </trkpt>
      <trkpt lat="48.777544721961021" lon="-121.03948345407844">
        <ele>488.97000000000003</ele>
        <time>2025-07-29T17:57:53Z</time>
      </trkpt>
      <trkpt lat="48.777842782437801" lon="-121.03965930640697">
        <ele>489.44999999999999</ele>
        <time>2025-07-29T17:58:19Z</time>
      </trkpt>
      <trkpt lat="48.778014024719596" lon="-121.03973667137325">
        <ele>489.44999999999999</ele>
        <time>2025-07-29T17:58:36Z</time>
      </trkpt>
      <trkpt lat="48.778212256729603" lon="-121.03970305994153">
        <ele>489.44999999999999</ele>
        <time>2025-07-29T17:58:53Z</time>
      </trkpt>
      <trkpt lat="48.778416523709893" lon="-121.03970465250313">
        <ele>489.44999999999999</ele>
        <time>2025-07-29T17:59:15Z</time>
      </trkpt>
      <trkpt lat="48.778671082109213" lon="-121.03968135081232">
        <ele>489.44999999999999</ele>
        <time>2025-07-29T17:59:37Z</time>
      </trkpt>
      <trkpt lat="48.778936536982656" lon="-121.03971554897726">
        <ele>489.44999999999999</ele>
        <time>2025-07-29T17:59:58Z</time>
      </trkpt>
      <trkpt lat="48.779208194464445" lon="-121.03978117927909">
        <ele>489.44999999999999</ele>
        <time>2025-07-29T18:00:20Z</time>
      </trkpt>
      <trkpt lat="48.779507344588637" lon="-121.03984697721899">
        <ele>489.44999999999999</ele>
        <time>2025-07-29T18:00:45Z</time>
      </trkpt>
      <trkpt lat="48.77978503704071" lon="-121.03986700996757">
        <ele>488.97000000000003</ele>
        <time>2025-07-29T18:01:08Z</time>
      </trkpt>
      <trkpt lat="48.78003129735589" lon="-121.03994026780128">
        <ele>488.97000000000003</ele>
        <time>2025-07-29T18:01:30Z</time>
      </trkpt>
      <trkpt lat="48.780305804684758" lon="-121.0399981867522">
        <ele>489.44999999999999</ele>
        <time>2025-07-29T18:01:55Z</time>
      </trkpt>
      <trkpt lat="48.78059808164835" lon="-121.04006767272949">
        <ele>489.44999999999999</ele>
        <time>2025-07-29T18:02:22Z</time>
      </trkpt>
      <trkpt lat="48.780751721933484" lon="-121.04003909043968">
        <ele>489.44999999999999</ele>
        <time>2025-07-29T18:02:40Z</time>
      </trkpt>
      <trkpt lat="48.780903266742826" lon="-121.04017898440361">
        <ele>489.44999999999999</ele>
        <time>2025-07-29T18:03:04Z</time>
      </trkpt>
      <trkpt lat="48.781128069385886" lon="-121.04023103602231">
        <ele>489.44999999999999</ele>
        <time>2025-07-29T18:03:25Z</time>
      </trkpt>
      <trkpt lat="48.781366534531116" lon="-121.04028007015586">
        <ele>489.44999999999999</ele>
        <time>2025-07-29T18:03:46Z</time>
      </trkpt>
      <trkpt lat="48.781656799837947" lon="-121.04034905321896">
        <ele>489.44999999999999</ele>
        <time>2025-07-29T18:04:11Z</time>
      </trkpt>
      <trkpt lat="48.781933402642608" lon="-121.04042893275619">
        <ele>489.44999999999999</ele>
        <time>2025-07-29T18:04:34Z</time>
      </trkpt>
      <trkpt lat="48.782225009053946" lon="-121.04052431881428">
        <ele>489.93000000000001</ele>
        <time>2025-07-29T18:05:00Z</time>
      </trkpt>
      <trkpt lat="48.782470682635903" lon="-121.04071022942662">
        <ele>489.93000000000001</ele>
        <time>2025-07-29T18:05:24Z</time>
      </trkpt>
      <trkpt lat="48.78257411532104" lon="-121.04078290052712">
        <ele>489.93000000000001</ele>
        <time>2025-07-29T18:05:34Z</time>
      </trkpt>
      <trkpt lat="48.782760612666607" lon="-121.04067745618522">
        <ele>489.93000000000001</ele>
        <time>2025-07-29T18:05:51Z</time>
      </trkpt>
      <trkpt lat="48.783013746142387" lon="-121.04067997075617">
        <ele>489.93000000000001</ele>
        <time>2025-07-29T18:06:12Z</time>
      </trkpt>
      <trkpt lat="48.78326989710331" lon="-121.0407580062747">
        <ele>489.93000000000001</ele>
        <time>2025-07-29T18:06:36Z</time>
      </trkpt>
      <trkpt lat="48.783546919003129" lon="-121.04082472622395">
        <ele>489.93000000000001</ele>
        <time>2025-07-29T18:07:02Z</time>
      </trkpt>
      <trkpt lat="48.78383039496839" lon="-121.04087283834815">
        <ele>490.41000000000003</ele>
        <time>2025-07-29T18:07:27Z</time>
      </trkpt>
      <trkpt lat="48.784086629748344" lon="-121.04092916473746">
        <ele>489.93000000000001</ele>
        <time>2025-07-29T18:07:51Z</time>
      </trkpt>
      <trkpt lat="48.784335823729634" lon="-121.04099605232477">
        <ele>489.93000000000001</ele>
        <time>2025-07-29T18:08:14Z</time>
      </trkpt>
      <trkpt lat="48.784600524231791" lon="-121.04101105593145">
        <ele>489.93000000000001</ele>
        <time>2025-07-29T18:08:37Z</time>
      </trkpt>
      <trkpt lat="48.784855753183365" lon="-121.04106386192143">
        <ele>489.93000000000001</ele>
        <time>2025-07-29T18:09:00Z</time>
      </trkpt>
      <trkpt lat="48.785139312967658" lon="-121.04110258631408">
        <ele>489.93000000000001</ele>
        <time>2025-07-29T18:09:26Z</time>
      </trkpt>
      <trkpt lat="48.78541742451489" lon="-121.04117500595748">
        <ele>489.93000000000001</ele>
        <time>2025-07-29T18:09:53Z</time>
      </trkpt>
      <trkpt lat="48.785677431151271" lon="-121.04121775366366">
        <ele>489.93000000000001</ele>
        <time>2025-07-29T18:10:16Z</time>
      </trkpt>
      <trkpt lat="48.785924697294831" lon="-121.04128380306065">
        <ele>489.93000000000001</ele>
        <time>2025-07-29T18:10:38Z</time>
      </trkpt>
      <trkpt lat="48.786230804398656" lon="-121.04139117524028">
        <ele>489.93000000000001</ele>
        <time>2025-07-29T18:11:06Z</time>
      </trkpt>
      <trkpt lat="48.786514028906822" lon="-121.04148337617517">
        <ele>489.93000000000001</ele>
        <time>2025-07-29T18:11:31Z</time>
      </trkpt>
      <trkpt lat="48.786778561770916" lon="-121.0415072645992">
        <ele>489.93000000000001</ele>
        <time>2025-07-29T18:11:53Z</time>
      </trkpt>
      <trkpt lat="48.786998754367232" lon="-121.04154942557216">
        <ele>489.93000000000001</ele>
        <time>2025-07-29T18:12:14Z</time>
      </trkpt>
      <trkpt lat="48.787248199805617" lon="-121.04149469174445">
        <ele>489.93000000000001</ele>
        <time>2025-07-29T18:12:38Z</time>
      </trkpt>
      <trkpt lat="48.787489682435989" lon="-121.04151422157884">
        <ele>489.93000000000001</ele>
        <time>2025-07-29T18:13:03Z</time>
      </trkpt>
      <trkpt lat="48.787685567513108" lon="-121.04136074893177">
        <ele>490.41000000000003</ele>
        <time>2025-07-29T18:13:23Z</time>
      </trkpt>
      <trkpt lat="48.787837699055672" lon="-121.04133392684162">
        <ele>489.93000000000001</ele>
        <time>2025-07-29T18:13:38Z</time>
      </trkpt>
      <trkpt lat="48.788077253848314" lon="-121.04138011112809">
        <ele>489.93000000000001</ele>
        <time>2025-07-29T18:13:59Z</time>
      </trkpt>
      <trkpt lat="48.788346564397216" lon="-121.04145688936114">
        <ele>489.93000000000001</ele>
        <time>2025-07-29T18:14:22Z</time>
      </trkpt>
      <trkpt lat="48.78862090408802" lon="-121.041488237679">
        <ele>489.93000000000001</ele>
        <time>2025-07-29T18:14:46Z</time>
      </trkpt>
      <trkpt lat="48.788906475529075" lon="-121.04155001230538">
        <ele>489.93000000000001</ele>
        <time>2025-07-29T18:15:11Z</time>
      </trkpt>
      <trkpt lat="48.789135301485658" lon="-121.04154246859252">
        <ele>489.93000000000001</ele>
        <time>2025-07-29T18:15:32Z</time>
      </trkpt>
      <trkpt lat="48.789458256214857" lon="-121.04162117466331">
        <ele>490.41000000000003</ele>
        <time>2025-07-29T18:15:59Z</time>
      </trkpt>
      <trkpt lat="48.789727482944727" lon="-121.04171781800687">
        <ele>490.41000000000003</ele>
        <time>2025-07-29T18:16:24Z</time>
      </trkpt>
      <trkpt lat="48.790023028850555" lon="-121.04181471280754">
        <ele>490.41000000000003</ele>
        <time>2025-07-29T18:16:49Z</time>
      </trkpt>
      <trkpt lat="48.790281526744366" lon="-121.04177774861455">
        <ele>490.41000000000003</ele>
        <time>2025-07-29T18:17:11Z</time>
      </trkpt>
      <trkpt lat="48.790591824799776" lon="-121.04188822209835">
        <ele>490.41000000000003</ele>
        <time>2025-07-29T18:17:37Z</time>
      </trkpt>
      <trkpt lat="48.79085736349225" lon="-121.04193734005094">
        <ele>490.88999999999999</ele>
        <time>2025-07-29T18:17:59Z</time>
      </trkpt>
      <trkpt lat="48.791082249954343" lon="-121.04195301420987">
        <ele>490.88999999999999</ele>
        <time>2025-07-29T18:18:20Z</time>
      </trkpt>
      <trkpt lat="48.791374610736966" lon="-121.04201671667397">
        <ele>490.41000000000003</ele>
        <time>2025-07-29T18:18:45Z</time>
      </trkpt>
      <trkpt lat="48.791690692305565" lon="-121.04209257289767">
        <ele>490.41000000000003</ele>
        <time>2025-07-29T18:19:12Z</time>
      </trkpt>
      <trkpt lat="48.792005516588688" lon="-121.04217303916812">
        <ele>490.41000000000003</ele>
        <time>2025-07-29T18:19:37Z</time>
      </trkpt>
      <trkpt lat="48.792308019474149" lon="-121.04219072498381">
        <ele>490.41000000000003</ele>
        <time>2025-07-29T18:20:03Z</time>
      </trkpt>
      <trkpt lat="48.792621502652764" lon="-121.04218007996678">
        <ele>490.41000000000003</ele>
        <time>2025-07-29T18:20:29Z</time>
      </trkpt>
      <trkpt lat="48.792808083817363" lon="-121.04226775467396">
        <ele>490.41000000000003</ele>
        <time>2025-07-29T18:20:46Z</time>
      </trkpt>
      <trkpt lat="48.793030623346567" lon="-121.04225149378181">
        <ele>490.88999999999999</ele>
        <time>2025-07-29T18:21:04Z</time>
      </trkpt>
      <trkpt lat="48.793316278606653" lon="-121.04229290038347">
        <ele>490.88999999999999</ele>
        <time>2025-07-29T18:21:28Z</time>
      </trkpt>
      <trkpt lat="48.793578548356891" lon="-121.04235962033272">
        <ele>490.88999999999999</ele>
        <time>2025-07-29T18:21:50Z</time>
      </trkpt>
      <trkpt lat="48.793917680159211" lon="-121.04241955094039">
        <ele>490.41000000000003</ele>
        <time>2025-07-29T18:22:17Z</time>
      </trkpt>
      <trkpt lat="48.794194366782904" lon="-121.04252214543521">
        <ele>490.41000000000003</ele>
        <time>2025-07-29T18:22:41Z</time>
      </trkpt>
      <trkpt lat="48.794451523572206" lon="-121.04255743324757">
        <ele>490.41000000000003</ele>
        <time>2025-07-29T18:23:03Z</time>
      </trkpt>
      <trkpt lat="48.794778501614928" lon="-121.04266832582653">
        <ele>490.41000000000003</ele>
        <time>2025-07-29T18:23:32Z</time>
      </trkpt>
      <trkpt lat="48.795080250129104" lon="-121.04269749484956">
        <ele>490.41000000000003</ele>
        <time>2025-07-29T18:23:55Z</time>
      </trkpt>
      <trkpt lat="48.795360960066319" lon="-121.0427713394165">
        <ele>489.93000000000001</ele>
        <time>2025-07-29T18:24:18Z</time>
      </trkpt>
      <trkpt lat="48.795645190402865" lon="-121.04285725392401">
        <ele>489.93000000000001</ele>
        <time>2025-07-29T18:24:42Z</time>
      </trkpt>
      <trkpt lat="48.79592782817781" lon="-121.04277787730098">
        <ele>490.41000000000003</ele>
        <time>2025-07-29T18:25:05Z</time>
      </trkpt>
      <trkpt lat="48.796206107363105" lon="-121.04285549372435">
        <ele>490.41000000000003</ele>
        <time>2025-07-29T18:25:33Z</time>
      </trkpt>
      <trkpt lat="48.796453205868602" lon="-121.04286161251366">
        <ele>490.41000000000003</ele>
        <time>2025-07-29T18:25:55Z</time>
      </trkpt>
      <trkpt lat="48.796749254688621" lon="-121.04292187839746">
        <ele>489.93000000000001</ele>
        <time>2025-07-29T18:26:20Z</time>
      </trkpt>
      <trkpt lat="48.797063240781426" lon="-121.04298625141382">
        <ele>489.93000000000001</ele>
        <time>2025-07-29T18:26:47Z</time>
      </trkpt>
      <trkpt lat="48.797320732846856" lon="-121.04307769797742">
        <ele>489.93000000000001</ele>
        <time>2025-07-29T18:27:07Z</time>
      </trkpt>
      <trkpt lat="48.797589456662536" lon="-121.0431756824255">
        <ele>489.93000000000001</ele>
        <time>2025-07-29T18:27:30Z</time>
      </trkpt>
      <trkpt lat="48.797848457470536" lon="-121.04318079538643">
        <ele>489.93000000000001</ele>
        <time>2025-07-29T18:27:52Z</time>
      </trkpt>
      <trkpt lat="48.798134448006749" lon="-121.04327442124486">
        <ele>489.93000000000001</ele>
        <time>2025-07-29T18:28:15Z</time>
      </trkpt>
      <trkpt lat="48.798408703878522" lon="-121.04339880868793">
        <ele>489.93000000000001</ele>
        <time>2025-07-29T18:28:40Z</time>
      </trkpt>
      <trkpt lat="48.798670722171664" lon="-121.04348732158542">
        <ele>489.93000000000001</ele>
        <time>2025-07-29T18:29:03Z</time>
      </trkpt>
      <trkpt lat="48.798910947516561" lon="-121.04357122443616">
        <ele>489.93000000000001</ele>
        <time>2025-07-29T18:29:24Z</time>
      </trkpt>
      <trkpt lat="48.799132145941257" lon="-121.04372008703649">
        <ele>489.93000000000001</ele>
        <time>2025-07-29T18:29:47Z</time>
      </trkpt>
      <trkpt lat="48.799315877258778" lon="-121.04374757967889">
        <ele>489.93000000000001</ele>
        <time>2025-07-29T18:30:07Z</time>
      </trkpt>
      <trkpt lat="48.799435989931226" lon="-121.04379627853632">
        <ele>489.93000000000001</ele>
        <time>2025-07-29T18:30:20Z</time>
      </trkpt>
      <trkpt lat="48.799700103700161" lon="-121.04377792216837">
        <ele>489.93000000000001</ele>
        <time>2025-07-29T18:30:44Z</time>
      </trkpt>
      <trkpt lat="48.799725584685802" lon="-121.04378630407155">
        <ele>489.93000000000001</ele>
        <time>2025-07-29T18:31:01Z</time>
      </trkpt>
      <trkpt lat="48.799698511138558" lon="-121.04380826465786">
        <ele>489.93000000000001</ele>
        <time>2025-07-29T18:31:26Z</time>
      </trkpt>
      <trkpt lat="48.799702534452081" lon="-121.04381580837071">
        <ele>489.93000000000001</ele>
        <time>2025-07-29T18:31:49Z</time>
      </trkpt>
      <trkpt lat="48.799718208611012" lon="-121.04380281642079">
        <ele>489.93000000000001</ele>
        <time>2025-07-29T18:32:19Z</time>
      </trkpt>
      <trkpt lat="48.799732374027371" lon="-121.04382058605552">
        <ele>489.93000000000001</ele>
        <time>2025-07-29T18:32:45Z</time>
      </trkpt>
      <trkpt lat="48.799720471724868" lon="-121.04380365461111">
        <ele>489.93000000000001</ele>
        <time>2025-07-29T18:33:15Z</time>
      </trkpt>
      <trkpt lat="48.799724578857422" lon="-121.04381991550326">
        <ele>489.93000000000001</ele>
        <time>2025-07-29T18:33:35Z</time>
      </trkpt>
      <trkpt lat="48.799708234146237" lon="-121.04383676312864">
        <ele>489.93000000000001</ele>
        <time>2025-07-29T18:34:00Z</time>
      </trkpt>
      <trkpt lat="48.799708653241396" lon="-121.04382150806487">
        <ele>489.44999999999999</ele>
        <time>2025-07-29T18:34:23Z</time>
      </trkpt>
      <trkpt lat="48.799695577472448" lon="-121.04383458383381">
        <ele>489.44999999999999</ele>
        <time>2025-07-29T18:34:53Z</time>
      </trkpt>
      <trkpt lat="48.799697505310178" lon="-121.04381002485752">
        <ele>489.44999999999999</ele>
        <time>2025-07-29T18:35:18Z</time>
      </trkpt>
      <trkpt lat="48.799691889435053" lon="-121.04382016696036">
        <ele>489.44999999999999</ele>
        <time>2025-07-29T18:35:39Z</time>
      </trkpt>
      <trkpt lat="48.799723908305168" lon="-121.04380088858306">
        <ele>488.97000000000003</ele>
        <time>2025-07-29T18:36:01Z</time>
      </trkpt>
      <trkpt lat="48.799722986295819" lon="-121.04378035292029">
        <ele>490.41000000000003</ele>
        <time>2025-07-29T18:36:23Z</time>
      </trkpt>
      <trkpt lat="48.79972935654223" lon="-121.04381899349391">
        <ele>489.93000000000001</ele>
        <time>2025-07-29T18:36:42Z</time>
      </trkpt>
      <trkpt lat="48.799720723181963" lon="-121.04380792938173">
        <ele>489.93000000000001</ele>
        <time>2025-07-29T18:37:12Z</time>
      </trkpt>
      <trkpt lat="48.799731871113181" lon="-121.04384128935635">
        <ele>489.93000000000001</ele>
        <time>2025-07-29T18:37:28Z</time>
      </trkpt>
      <trkpt lat="48.799727261066437" lon="-121.04382410645485">
        <ele>489.93000000000001</ele>
        <time>2025-07-29T18:37:46Z</time>
      </trkpt>
      <trkpt lat="48.799728350713849" lon="-121.04382896795869">
        <ele>489.93000000000001</ele>
        <time>2025-07-29T18:38:03Z</time>
      </trkpt>
      <trkpt lat="48.799738408997655" lon="-121.04381069540977">
        <ele>489.93000000000001</ele>
        <time>2025-07-29T18:38:24Z</time>
      </trkpt>
      <trkpt lat="48.799727596342564" lon="-121.04380055330694">
        <ele>489.93000000000001</ele>
        <time>2025-07-29T18:38:46Z</time>
      </trkpt>
      <trkpt lat="48.799720052629709" lon="-121.04379250667989">
        <ele>489.93000000000001</ele>
        <time>2025-07-29T18:39:07Z</time>
      </trkpt>
      <trkpt lat="48.79971619695425" lon="-121.0438300576061">
        <ele>489.44999999999999</ele>
        <time>2025-07-29T18:39:31Z</time>
      </trkpt>
      <trkpt lat="48.799722986295819" lon="-121.0438181553036">
        <ele>489.93000000000001</ele>
        <time>2025-07-29T18:39:48Z</time>
      </trkpt>
      <trkpt lat="48.799734972417355" lon="-121.0438316501677">
        <ele>489.93000000000001</ele>
        <time>2025-07-29T18:40:00Z</time>
      </trkpt>
      <trkpt lat="48.799725333228707" lon="-121.04381832294166">
        <ele>489.93000000000001</ele>
        <time>2025-07-29T18:40:15Z</time>
      </trkpt>
      <trkpt lat="48.79973279312253" lon="-121.04381438344717">
        <ele>489.93000000000001</ele>
        <time>2025-07-29T18:40:30Z</time>
      </trkpt>
      <trkpt lat="48.799753244966269" lon="-121.04379644617438">
        <ele>489.93000000000001</ele>
        <time>2025-07-29T18:40:48Z</time>
      </trkpt>
      <trkpt lat="48.799774954095483" lon="-121.04383550584316">
        <ele>489.93000000000001</ele>
        <time>2025-07-29T18:40:57Z</time>
      </trkpt>
      <trkpt lat="48.799760034307837" lon="-121.04384439066052">
        <ele>489.44999999999999</ele>
        <time>2025-07-29T18:41:13Z</time>
      </trkpt>
      <trkpt lat="48.799757687374949" lon="-121.04384648613632">
        <ele>489.93000000000001</ele>
        <time>2025-07-29T18:41:27Z</time>
      </trkpt>
      <trkpt lat="48.799742264673114" lon="-121.04384858161211">
        <ele>489.93000000000001</ele>
        <time>2025-07-29T18:41:49Z</time>
      </trkpt>
      <trkpt lat="48.799734218046069" lon="-121.04385520331562">
        <ele>489.93000000000001</ele>
        <time>2025-07-29T18:42:13Z</time>
      </trkpt>
      <trkpt lat="48.799725500866771" lon="-121.043880013749">
        <ele>489.93000000000001</ele>
        <time>2025-07-29T18:42:32Z</time>
      </trkpt>
      <trkpt lat="48.799727177247405" lon="-121.04390306398273">
        <ele>489.93000000000001</ele>
        <time>2025-07-29T18:42:56Z</time>
      </trkpt>
      <trkpt lat="48.799727680161595" lon="-121.04387121275067">
        <ele>489.93000000000001</ele>
        <time>2025-07-29T18:43:15Z</time>
      </trkpt>
      <trkpt lat="48.799726674333215" lon="-121.04387984611094">
        <ele>489.93000000000001</ele>
        <time>2025-07-29T18:43:37Z</time>
      </trkpt>
      <trkpt lat="48.799726758152246" lon="-121.04388085193932">
        <ele>489.93000000000001</ele>
        <time>2025-07-29T18:43:57Z</time>
      </trkpt>
      <trkpt lat="48.799704881384969" lon="-121.04385461658239">
        <ele>489.93000000000001</ele>
        <time>2025-07-29T18:44:13Z</time>
      </trkpt>
      <trkpt lat="48.799731871113181" lon="-121.04379795491695">
        <ele>489.93000000000001</ele>
        <time>2025-07-29T18:44:30Z</time>
      </trkpt>
      <trkpt lat="48.799743689596653" lon="-121.04381773620844">
        <ele>489.93000000000001</ele>
        <time>2025-07-29T18:44:56Z</time>
      </trkpt>
      <trkpt lat="48.799748299643397" lon="-121.04379686526954">
        <ele>489.44999999999999</ele>
        <time>2025-07-29T18:45:21Z</time>
      </trkpt>
      <trkpt lat="48.799727093428373" lon="-121.04380792938173">
        <ele>489.44999999999999</ele>
        <time>2025-07-29T18:45:38Z</time>
      </trkpt>
      <trkpt lat="48.799733463674784" lon="-121.04377222247422">
        <ele>489.93000000000001</ele>
        <time>2025-07-29T18:46:01Z</time>
      </trkpt>
      <trkpt lat="48.799740169197321" lon="-121.04374590329826">
        <ele>489.93000000000001</ele>
        <time>2025-07-29T18:46:21Z</time>
      </trkpt>
      <trkpt lat="48.799749724566936" lon="-121.04376912117004">
        <ele>489.93000000000001</ele>
        <time>2025-07-29T18:46:36Z</time>
      </trkpt>
      <trkpt lat="48.799746287986636" lon="-121.043795440346">
        <ele>489.93000000000001</ele>
        <time>2025-07-29T18:46:53Z</time>
      </trkpt>
      <trkpt lat="48.79972642287612" lon="-121.04381061159074">
        <ele>489.44999999999999</ele>
        <time>2025-07-29T18:47:15Z</time>
      </trkpt>
      <trkpt lat="48.799704629927874" lon="-121.04382075369358">
        <ele>489.44999999999999</ele>
        <time>2025-07-29T18:47:36Z</time>
      </trkpt>
      <trkpt lat="48.799719801172614" lon="-121.04381597600877">
        <ele>489.44999999999999</ele>
        <time>2025-07-29T18:47:56Z</time>
      </trkpt>
      <trkpt lat="48.799726758152246" lon="-121.04381379671395">
        <ele>489.44999999999999</ele>
        <time>2025-07-29T18:48:10Z</time>
      </trkpt>
      <trkpt lat="48.799737067893147" lon="-121.04379636235535">
        <ele>489.93000000000001</ele>
        <time>2025-07-29T18:48:21Z</time>
      </trkpt>
      <trkpt lat="48.799790209159255" lon="-121.04376786388457">
        <ele>489.93000000000001</ele>
        <time>2025-07-29T18:48:32Z</time>
      </trkpt>
      <trkpt lat="48.799770595505834" lon="-121.04378789663315">
        <ele>489.93000000000001</ele>
        <time>2025-07-29T18:48:48Z</time>
      </trkpt>
      <trkpt lat="48.799784509465098" lon="-121.04375730268657">
        <ele>489.93000000000001</ele>
        <time>2025-07-29T18:49:08Z</time>
      </trkpt>
      <trkpt lat="48.799790125340223" lon="-121.04380700737238">
        <ele>489.93000000000001</ele>
        <time>2025-07-29T18:49:26Z</time>
      </trkpt>
      <trkpt lat="48.79977872595191" lon="-121.0438194964081">
        <ele>489.93000000000001</ele>
        <time>2025-07-29T18:49:45Z</time>
      </trkpt>
      <trkpt lat="48.799750311300159" lon="-121.04381748475134">
        <ele>489.93000000000001</ele>
        <time>2025-07-29T18:49:49Z</time>
      </trkpt>
      <trkpt lat="48.799740253016353" lon="-121.04380826465786">
        <ele>489.93000000000001</ele>
        <time>2025-07-29T18:50:01Z</time>
      </trkpt>
      <trkpt lat="48.799740253016353" lon="-121.04381086304784">
        <ele>489.93000000000001</ele>
        <time>2025-07-29T18:50:21Z</time>
      </trkpt>
      <trkpt lat="48.799727680161595" lon="-121.0438268724829">
        <ele>489.93000000000001</ele>
        <time>2025-07-29T18:50:38Z</time>
      </trkpt>
      <trkpt lat="48.799702115356922" lon="-121.04385260492563">
        <ele>489.93000000000001</ele>
        <time>2025-07-29T18:51:07Z</time>
      </trkpt>
      <trkpt lat="48.799713598564267" lon="-121.04383676312864">
        <ele>489.93000000000001</ele>
        <time>2025-07-29T18:51:32Z</time>
      </trkpt>
      <trkpt lat="48.799745617434382" lon="-121.04379988275468">
        <ele>489.44999999999999</ele>
        <time>2025-07-29T18:51:58Z</time>
      </trkpt>
      <trkpt lat="48.799754166975617" lon="-121.04382167570293">
        <ele>489.44999999999999</ele>
        <time>2025-07-29T18:52:16Z</time>
      </trkpt>
      <trkpt lat="48.799737738445401" lon="-121.04382310062647">
        <ele>489.44999999999999</ele>
        <time>2025-07-29T18:52:29Z</time>
      </trkpt>
      <trkpt lat="48.799741929396987" lon="-121.04382779449224">
        <ele>489.44999999999999</ele>
        <time>2025-07-29T18:52:30Z</time>
      </trkpt>
      <trkpt lat="48.799757352098823" lon="-121.04381044395268">
        <ele>489.44999999999999</ele>
        <time>2025-07-29T18:52:44Z</time>
      </trkpt>
      <trkpt lat="48.799764728173614" lon="-121.04382888413966">
        <ele>489.44999999999999</ele>
        <time>2025-07-29T18:53:03Z</time>
      </trkpt>
      <trkpt lat="48.799750311300159" lon="-121.04384514503181">
        <ele>489.44999999999999</ele>
        <time>2025-07-29T18:53:28Z</time>
      </trkpt>
      <trkpt lat="48.799722818657756" lon="-121.04381890967488">
        <ele>489.44999999999999</ele>
        <time>2025-07-29T18:53:45Z</time>
      </trkpt>
      <trkpt lat="48.799734888598323" lon="-121.0437988769263">
        <ele>488.97000000000003</ele>
        <time>2025-07-29T18:54:05Z</time>
      </trkpt>
      <trkpt lat="48.799745533615351" lon="-121.0437938477844">
        <ele>488.97000000000003</ele>
        <time>2025-07-29T18:54:28Z</time>
      </trkpt>
      <trkpt lat="48.799724075943232" lon="-121.04379644617438">
        <ele>488.97000000000003</ele>
        <time>2025-07-29T18:54:54Z</time>
      </trkpt>
      <trkpt lat="48.799753412604332" lon="-121.04380273260176">
        <ele>488.97000000000003</ele>
        <time>2025-07-29T18:55:32Z</time>
      </trkpt>
      <trkpt lat="48.799762045964599" lon="-121.04381438344717">
        <ele>488.97000000000003</ele>
        <time>2025-07-29T18:56:08Z</time>
      </trkpt>
      <trkpt lat="48.799727512523532" lon="-121.04379183612764">
        <ele>488.49000000000001</ele>
        <time>2025-07-29T18:56:26Z</time>
      </trkpt>
      <trkpt lat="48.799722483381629" lon="-121.04379778727889">
        <ele>488.49000000000001</ele>
        <time>2025-07-29T18:56:44Z</time>
      </trkpt>
      <trkpt lat="48.799710497260094" lon="-121.04382569901645">
        <ele>488.49000000000001</ele>
        <time>2025-07-29T18:57:08Z</time>
      </trkpt>
      <trkpt lat="48.799731200560927" lon="-121.04379720054567">
        <ele>488.97000000000003</ele>
        <time>2025-07-29T18:57:28Z</time>
      </trkpt>
      <trkpt lat="48.79974058829248" lon="-121.04382008314133">
        <ele>488.49000000000001</ele>
        <time>2025-07-29T18:57:52Z</time>
      </trkpt>
      <trkpt lat="48.799731535837054" lon="-121.04381429962814">
        <ele>488.49000000000001</ele>
        <time>2025-07-29T18:58:11Z</time>
      </trkpt>
      <trkpt lat="48.799728518351912" lon="-121.0438493359834">
        <ele>488.49000000000001</ele>
        <time>2025-07-29T18:58:33Z</time>
      </trkpt>
      <trkpt lat="48.799721980467439" lon="-121.0438250284642">
        <ele>488.49000000000001</ele>
        <time>2025-07-29T18:58:57Z</time>
      </trkpt>
      <trkpt lat="48.799737235531211" lon="-121.04379032738507">
        <ele>488.00999999999999</ele>
        <time>2025-07-29T18:59:26Z</time>
      </trkpt>
      <trkpt lat="48.79973229020834" lon="-121.04381647892296">
        <ele>488.49000000000001</ele>
        <time>2025-07-29T18:59:45Z</time>
      </trkpt>
      <trkpt lat="48.799751400947571" lon="-121.04380809701979">
        <ele>488.49000000000001</ele>
        <time>2025-07-29T19:00:15Z</time>
      </trkpt>
      <trkpt lat="48.799768080934882" lon="-121.04378907009959">
        <ele>488.00999999999999</ele>
        <time>2025-07-29T19:00:33Z</time>
      </trkpt>
      <trkpt lat="48.799740839749575" lon="-121.04378135874867">
        <ele>488.00999999999999</ele>
        <time>2025-07-29T19:00:54Z</time>
      </trkpt>
      <trkpt lat="48.799746707081795" lon="-121.04378873482347">
        <ele>488.00999999999999</ele>
        <time>2025-07-29T19:01:12Z</time>
      </trkpt>
      <trkpt lat="48.799747545272112" lon="-121.04379585944116">
        <ele>488.00999999999999</ele>
        <time>2025-07-29T19:01:33Z</time>
      </trkpt>
      <trkpt lat="48.799751820042729" lon="-121.04381589218974">
        <ele>488.00999999999999</ele>
        <time>2025-07-29T19:01:56Z</time>
      </trkpt>
      <trkpt lat="48.799716532230377" lon="-121.04382310062647">
        <ele>488.00999999999999</ele>
        <time>2025-07-29T19:02:27Z</time>
      </trkpt>
      <trkpt lat="48.799703707918525" lon="-121.04383802041411">
        <ele>488.00999999999999</ele>
        <time>2025-07-29T19:02:47Z</time>
      </trkpt>
      <trkpt lat="48.799707647413015" lon="-121.04382486082613">
        <ele>488.00999999999999</ele>
        <time>2025-07-29T19:02:52Z</time>
      </trkpt>
      <trkpt lat="48.799732709303498" lon="-121.04383307509124">
        <ele>488.00999999999999</ele>
        <time>2025-07-29T19:03:04Z</time>
      </trkpt>
      <trkpt lat="48.799750311300159" lon="-121.04384698905051">
        <ele>487.52999999999997</ele>
        <time>2025-07-29T19:03:26Z</time>
      </trkpt>
      <trkpt lat="48.799723908305168" lon="-121.04385402984917">
        <ele>487.52999999999997</ele>
        <time>2025-07-29T19:03:48Z</time>
      </trkpt>
      <trkpt lat="48.7997015286237" lon="-121.04387397877872">
        <ele>487.52999999999997</ele>
        <time>2025-07-29T19:04:12Z</time>
      </trkpt>
      <trkpt lat="48.799723656848073" lon="-121.04385218583047">
        <ele>487.52999999999997</ele>
        <time>2025-07-29T19:04:38Z</time>
      </trkpt>
      <trkpt lat="48.799696667119861" lon="-121.04385729879141">
        <ele>487.52999999999997</ele>
        <time>2025-07-29T19:05:04Z</time>
      </trkpt>
      <trkpt lat="48.799695326015353" lon="-121.04383617639542">
        <ele>487.52999999999997</ele>
        <time>2025-07-29T19:05:33Z</time>
      </trkpt>
      <trkpt lat="48.799697840586305" lon="-121.0438181553036">
        <ele>487.05000000000001</ele>
        <time>2025-07-29T19:05:57Z</time>
      </trkpt>
      <trkpt lat="48.79970203153789" lon="-121.04386366903782">
        <ele>487.52999999999997</ele>
        <time>2025-07-29T19:06:23Z</time>
      </trkpt>
      <trkpt lat="48.799707144498825" lon="-121.04386953637004">
        <ele>487.52999999999997</ele>
        <time>2025-07-29T19:06:41Z</time>
      </trkpt>
      <trkpt lat="48.799711167812347" lon="-121.04382016696036">
        <ele>487.52999999999997</ele>
        <time>2025-07-29T19:06:55Z</time>
      </trkpt>
      <trkpt lat="48.799706976860762" lon="-121.04383994825184">
        <ele>487.52999999999997</ele>
        <time>2025-07-29T19:07:13Z</time>
      </trkpt>
      <trkpt lat="48.799708737060428" lon="-121.04383173398674">
        <ele>487.52999999999997</ele>
        <time>2025-07-29T19:07:36Z</time>
      </trkpt>
      <trkpt lat="48.799726758152246" lon="-121.04380298405886">
        <ele>487.52999999999997</ele>
        <time>2025-07-29T19:07:53Z</time>
      </trkpt>
      <trkpt lat="48.799734804779291" lon="-121.04380801320076">
        <ele>487.05000000000001</ele>
        <time>2025-07-29T19:08:16Z</time>
      </trkpt>
      <trkpt lat="48.799770260229707" lon="-121.04383944533765">
        <ele>487.05000000000001</ele>
        <time>2025-07-29T19:08:31Z</time>
      </trkpt>
      <trkpt lat="48.799732709303498" lon="-121.04380474425852">
        <ele>487.05000000000001</ele>
        <time>2025-07-29T19:08:47Z</time>
      </trkpt>
      <trkpt lat="48.799744695425034" lon="-121.04379510506988">
        <ele>487.05000000000001</ele>
        <time>2025-07-29T19:09:01Z</time>
      </trkpt>
      <trkpt lat="48.799743857234716" lon="-121.04377121664584">
        <ele>487.52999999999997</ele>
        <time>2025-07-29T19:09:14Z</time>
      </trkpt>
      <trkpt lat="48.799734553322196" lon="-121.04378462769091">
        <ele>487.52999999999997</ele>
        <time>2025-07-29T19:09:28Z</time>
      </trkpt>
      <trkpt lat="48.79974695853889" lon="-121.04380541481078">
        <ele>487.05000000000001</ele>
        <time>2025-07-29T19:09:49Z</time>
      </trkpt>
      <trkpt lat="48.799723908305168" lon="-121.04384103789926">
        <ele>487.05000000000001</ele>
        <time>2025-07-29T19:10:01Z</time>
      </trkpt>
      <trkpt lat="48.79973279312253" lon="-121.04382854886353">
        <ele>487.05000000000001</ele>
        <time>2025-07-29T19:10:13Z</time>
      </trkpt>
      <trkpt lat="48.799749724566936" lon="-121.04377448558807">
        <ele>487.05000000000001</ele>
        <time>2025-07-29T19:10:39Z</time>
      </trkpt>
      <trkpt lat="48.799748551100492" lon="-121.04376241564751">
        <ele>487.05000000000001</ele>
        <time>2025-07-29T19:10:56Z</time>
      </trkpt>
      <trkpt lat="48.79972692579031" lon="-121.04376761242747">
        <ele>487.05000000000001</ele>
        <time>2025-07-29T19:11:18Z</time>
      </trkpt>
      <trkpt lat="48.799750143662095" lon="-121.04379259049892">
        <ele>487.05000000000001</ele>
        <time>2025-07-29T19:11:40Z</time>
      </trkpt>
      <trkpt lat="48.799741426482797" lon="-121.04378714226186">
        <ele>487.05000000000001</ele>
        <time>2025-07-29T19:12:15Z</time>
      </trkpt>
      <trkpt lat="48.799726255238056" lon="-121.04378161020577">
        <ele>487.05000000000001</ele>
        <time>2025-07-29T19:12:33Z</time>
      </trkpt>
      <trkpt lat="48.799732038751245" lon="-121.04377448558807">
        <ele>487.05000000000001</ele>
        <time>2025-07-29T19:12:53Z</time>
      </trkpt>
      <trkpt lat="48.79972985945642" lon="-121.04379317723215">
        <ele>487.05000000000001</ele>
        <time>2025-07-29T19:13:19Z</time>
      </trkpt>
      <trkpt lat="48.799741677939892" lon="-121.04381362907588">
        <ele>487.05000000000001</ele>
        <time>2025-07-29T19:13:34Z</time>
      </trkpt>
      <trkpt lat="48.799727512523532" lon="-121.0438179038465">
        <ele>486.56</ele>
        <time>2025-07-29T19:13:56Z</time>
      </trkpt>
      <trkpt lat="48.799719884991646" lon="-121.04383131489158">
        <ele>486.56</ele>
        <time>2025-07-29T19:14:15Z</time>
      </trkpt>
      <trkpt lat="48.799724662676454" lon="-121.04385210201144">
        <ele>486.56</ele>
        <time>2025-07-29T19:14:39Z</time>
      </trkpt>
      <trkpt lat="48.799733379855752" lon="-121.04380558244884">
        <ele>486.56</ele>
        <time>2025-07-29T19:14:59Z</time>
      </trkpt>
      <trkpt lat="48.799738995730877" lon="-121.04380667209625">
        <ele>486.56</ele>
        <time>2025-07-29T19:15:20Z</time>
      </trkpt>
      <trkpt lat="48.799750143662095" lon="-121.04380005039275">
        <ele>486.56</ele>
        <time>2025-07-29T19:15:41Z</time>
      </trkpt>
      <trkpt lat="48.799737235531211" lon="-121.04380005039275">
        <ele>486.07999999999998</ele>
        <time>2025-07-29T19:16:04Z</time>
      </trkpt>
      <trkpt lat="48.799742599949241" lon="-121.0438282135874">
        <ele>486.56</ele>
        <time>2025-07-29T19:16:35Z</time>
      </trkpt>
      <trkpt lat="48.79973036237061" lon="-121.04382444173098">
        <ele>486.56</ele>
        <time>2025-07-29T19:16:55Z</time>
      </trkpt>
      <trkpt lat="48.799735475331545" lon="-121.04380373843014">
        <ele>486.56</ele>
        <time>2025-07-29T19:17:17Z</time>
      </trkpt>
      <trkpt lat="48.799757435917854" lon="-121.04368664324284">
        <ele>486.56</ele>
        <time>2025-07-29T19:17:50Z</time>
      </trkpt>
      <trkpt lat="48.799715945497155" lon="-121.04372955858707">
        <ele>486.56</ele>
        <time>2025-07-29T19:18:14Z</time>
      </trkpt>
      <trkpt lat="48.799714269116521" lon="-121.04376719333231">
        <ele>486.56</ele>
        <time>2025-07-29T19:18:46Z</time>
      </trkpt>
      <trkpt lat="48.799707060679793" lon="-121.04376501403749">
        <ele>486.56</ele>
        <time>2025-07-29T19:19:15Z</time>
      </trkpt>
      <trkpt lat="48.799732457846403" lon="-121.04374565184116">
        <ele>486.56</ele>
        <time>2025-07-29T19:19:48Z</time>
      </trkpt>
      <trkpt lat="48.799708234146237" lon="-121.04382737539709">
        <ele>486.56</ele>
        <time>2025-07-29T19:20:05Z</time>
      </trkpt>
      <trkpt lat="48.799692308530211" lon="-121.04384187608957">
        <ele>486.07999999999998</ele>
        <time>2025-07-29T19:20:37Z</time>
      </trkpt>
      <trkpt lat="48.799702115356922" lon="-121.04383600875735">
        <ele>486.07999999999998</ele>
        <time>2025-07-29T19:21:03Z</time>
      </trkpt>
      <trkpt lat="48.79971569404006" lon="-121.04382628574967">
        <ele>486.07999999999998</ele>
        <time>2025-07-29T19:21:23Z</time>
      </trkpt>
      <trkpt lat="48.79970639012754" lon="-121.04383273981512">
        <ele>486.07999999999998</ele>
        <time>2025-07-29T19:21:49Z</time>
      </trkpt>
      <trkpt lat="48.799711000174284" lon="-121.04381647892296">
        <ele>486.56</ele>
        <time>2025-07-29T19:22:16Z</time>
      </trkpt>
      <trkpt lat="48.799730781465769" lon="-121.04380357079208">
        <ele>486.56</ele>
        <time>2025-07-29T19:22:26Z</time>
      </trkpt>
      <trkpt lat="48.799737906083465" lon="-121.04380927048624">
        <ele>486.56</ele>
        <time>2025-07-29T19:22:57Z</time>
      </trkpt>
      <trkpt lat="48.799725919961929" lon="-121.04380608536303">
        <ele>486.56</ele>
        <time>2025-07-29T19:23:23Z</time>
      </trkpt>
      <trkpt lat="48.799710078164935" lon="-121.04380876757205">
        <ele>486.56</ele>
        <time>2025-07-29T19:23:43Z</time>
      </trkpt>
      <trkpt lat="48.799731116741896" lon="-121.04380700737238">
        <ele>486.56</ele>
        <time>2025-07-29T19:23:58Z</time>
      </trkpt>
      <trkpt lat="48.799720723181963" lon="-121.04379259049892">
        <ele>486.56</ele>
        <time>2025-07-29T19:24:22Z</time>
      </trkpt>
      <trkpt lat="48.799698930233717" lon="-121.04381865821779">
        <ele>486.56</ele>
        <time>2025-07-29T19:24:45Z</time>
      </trkpt>
      <trkpt lat="48.79972156137228" lon="-121.04382896795869">
        <ele>486.56</ele>
        <time>2025-07-29T19:25:00Z</time>
      </trkpt>
      <trkpt lat="48.799702869728208" lon="-121.04387196712196">
        <ele>487.05000000000001</ele>
        <time>2025-07-29T19:25:18Z</time>
      </trkpt>
      <trkpt lat="48.799704294651747" lon="-121.04386618360877">
        <ele>487.05000000000001</ele>
        <time>2025-07-29T19:25:44Z</time>
      </trkpt>
      <trkpt lat="48.799703791737556" lon="-121.04387758299708">
        <ele>487.05000000000001</ele>
        <time>2025-07-29T19:26:18Z</time>
      </trkpt>
      <trkpt lat="48.799709156155586" lon="-121.04387104511261">
        <ele>487.05000000000001</ele>
        <time>2025-07-29T19:26:41Z</time>
      </trkpt>
      <trkpt lat="48.799707060679793" lon="-121.04383047670126">
        <ele>487.05000000000001</ele>
        <time>2025-07-29T19:26:53Z</time>
      </trkpt>
      <trkpt lat="48.799706138670444" lon="-121.04381295852363">
        <ele>487.05000000000001</ele>
        <time>2025-07-29T19:27:09Z</time>
      </trkpt>
      <trkpt lat="48.799731284379959" lon="-121.04380331933498">
        <ele>487.05000000000001</ele>
        <time>2025-07-29T19:27:33Z</time>
      </trkpt>
      <trkpt lat="48.799703707918525" lon="-121.04381396435201">
        <ele>487.05000000000001</ele>
        <time>2025-07-29T19:28:04Z</time>
      </trkpt>
      <trkpt lat="48.799701780080795" lon="-121.04382301680744">
        <ele>487.05000000000001</ele>
        <time>2025-07-29T19:28:22Z</time>
      </trkpt>
      <trkpt lat="48.799714855849743" lon="-121.04381438344717">
        <ele>487.52999999999997</ele>
        <time>2025-07-29T19:28:41Z</time>
      </trkpt>
      <trkpt lat="48.799702785909176" lon="-121.04379267431796">
        <ele>487.05000000000001</ele>
        <time>2025-07-29T19:28:58Z</time>
      </trkpt>
      <trkpt lat="48.799698343500495" lon="-121.04379778727889">
        <ele>487.05000000000001</ele>
        <time>2025-07-29T19:29:24Z</time>
      </trkpt>
      <trkpt lat="48.799697840586305" lon="-121.04382184334099">
        <ele>487.05000000000001</ele>
        <time>2025-07-29T19:29:53Z</time>
      </trkpt>
      <trkpt lat="48.799699014052749" lon="-121.0438110306859">
        <ele>487.05000000000001</ele>
        <time>2025-07-29T19:30:14Z</time>
      </trkpt>
      <trkpt lat="48.799703037366271" lon="-121.04381086304784">
        <ele>487.05000000000001</ele>
        <time>2025-07-29T19:30:42Z</time>
      </trkpt>
      <trkpt lat="48.799688620492816" lon="-121.0437681991607">
        <ele>487.05000000000001</ele>
        <time>2025-07-29T19:31:16Z</time>
      </trkpt>
      <trkpt lat="48.799665067344904" lon="-121.04374799877405">
        <ele>487.05000000000001</ele>
        <time>2025-07-29T19:32:06Z</time>
      </trkpt>
      <trkpt lat="48.799676969647408" lon="-121.04372846893966">
        <ele>487.52999999999997</ele>
        <time>2025-07-29T19:32:48Z</time>
      </trkpt>
      <trkpt lat="48.79967805929482" lon="-121.04371882975101">
        <ele>487.52999999999997</ele>
        <time>2025-07-29T19:33:11Z</time>
      </trkpt>
      <trkpt lat="48.799692979082465" lon="-121.0437975358218">
        <ele>487.52999999999997</ele>
        <time>2025-07-29T19:33:40Z</time>
      </trkpt>
      <trkpt lat="48.799685854464769" lon="-121.04379493743181">
        <ele>487.52999999999997</ele>
        <time>2025-07-29T19:34:12Z</time>
      </trkpt>
      <trkpt lat="48.799694068729877" lon="-121.04377171956003">
        <ele>487.52999999999997</ele>
        <time>2025-07-29T19:34:50Z</time>
      </trkpt>
      <trkpt lat="48.799695745110512" lon="-121.04380700737238">
        <ele>487.52999999999997</ele>
        <time>2025-07-29T19:35:06Z</time>
      </trkpt>
      <trkpt lat="48.799714855849743" lon="-121.04382276535034">
        <ele>487.52999999999997</ele>
        <time>2025-07-29T19:35:38Z</time>
      </trkpt>
      <trkpt lat="48.799714772030711" lon="-121.04382125660777">
        <ele>487.52999999999997</ele>
        <time>2025-07-29T19:36:16Z</time>
      </trkpt>
      <trkpt lat="48.799708485603333" lon="-121.04380818083882">
        <ele>487.52999999999997</ele>
        <time>2025-07-29T19:36:44Z</time>
      </trkpt>
      <trkpt lat="48.799691973254085" lon="-121.04380876757205">
        <ele>487.52999999999997</ele>
        <time>2025-07-29T19:37:05Z</time>
      </trkpt>
      <trkpt lat="48.799698678776622" lon="-121.04381019249558">
        <ele>488.97000000000003</ele>
        <time>2025-07-29T19:37:14Z</time>
      </trkpt>
      <trkpt lat="48.799722231924534" lon="-121.043795440346">
        <ele>488.97000000000003</ele>
        <time>2025-07-29T19:37:35Z</time>
      </trkpt>
      <trkpt lat="48.799736062064767" lon="-121.04379242286086">
        <ele>487.52999999999997</ele>
        <time>2025-07-29T19:38:05Z</time>
      </trkpt>
      <trkpt lat="48.799724746495485" lon="-121.04381044395268">
        <ele>488.49000000000001</ele>
        <time>2025-07-29T19:38:18Z</time>
      </trkpt>
      <trkpt lat="48.799757352098823" lon="-121.04375671595335">
        <ele>488.97000000000003</ele>
        <time>2025-07-29T19:38:39Z</time>
      </trkpt>
      <trkpt lat="48.799749305471778" lon="-121.04377867653966">
        <ele>487.52999999999997</ele>
        <time>2025-07-29T19:39:04Z</time>
      </trkpt>
      <trkpt lat="48.799731871113181" lon="-121.04381195269525">
        <ele>487.52999999999997</ele>
        <time>2025-07-29T19:39:28Z</time>
      </trkpt>
      <trkpt lat="48.799715526401997" lon="-121.04381798766553">
        <ele>487.52999999999997</ele>
        <time>2025-07-29T19:39:55Z</time>
      </trkpt>
      <trkpt lat="48.799705635756254" lon="-121.0438422113657">
        <ele>487.52999999999997</ele>
        <time>2025-07-29T19:40:12Z</time>
      </trkpt>
      <trkpt lat="48.799679232761264" lon="-121.04382871650159">
        <ele>487.52999999999997</ele>
        <time>2025-07-29T19:40:35Z</time>
      </trkpt>
      <trkpt lat="48.799671437591314" lon="-121.04379401542246">
        <ele>487.52999999999997</ele>
        <time>2025-07-29T19:40:51Z</time>
      </trkpt>
      <trkpt lat="48.79969566129148" lon="-121.04387766681612">
        <ele>487.52999999999997</ele>
        <time>2025-07-29T19:41:15Z</time>
      </trkpt>
      <trkpt lat="48.799716951325536" lon="-121.04403792880476">
        <ele>487.52999999999997</ele>
        <time>2025-07-29T19:41:27Z</time>
      </trkpt>
      <trkpt lat="48.799862544983625" lon="-121.04425627738237">
        <ele>488.49000000000001</ele>
        <time>2025-07-29T19:41:47Z</time>
      </trkpt>
      <trkpt lat="48.800012581050396" lon="-121.04441486299038">
        <ele>488.49000000000001</ele>
        <time>2025-07-29T19:42:04Z</time>
      </trkpt>
      <trkpt lat="48.800251046195626" lon="-121.04430271312594">
        <ele>488.49000000000001</ele>
        <time>2025-07-29T19:42:26Z</time>
      </trkpt>
      <trkpt lat="48.800503509119153" lon="-121.04421931318939">
        <ele>488.49000000000001</ele>
        <time>2025-07-29T19:42:47Z</time>
      </trkpt>
      <trkpt lat="48.800725629553199" lon="-121.04418620467186">
        <ele>488.49000000000001</ele>
        <time>2025-07-29T19:43:08Z</time>
      </trkpt>
      <trkpt lat="48.800740633159876" lon="-121.04416709393263">
        <ele>488.49000000000001</ele>
        <time>2025-07-29T19:43:10Z</time>
      </trkpt>
      <trkpt lat="48.800920676440001" lon="-121.04392108507454">
        <ele>488.49000000000001</ele>
        <time>2025-07-29T19:43:31Z</time>
      </trkpt>
      <trkpt lat="48.801188981160522" lon="-121.04389912448823">
        <ele>488.49000000000001</ele>
        <time>2025-07-29T19:43:55Z</time>
      </trkpt>
      <trkpt lat="48.801492070779204" lon="-121.04382980614901">
        <ele>488.49000000000001</ele>
        <time>2025-07-29T19:44:21Z</time>
      </trkpt>
      <trkpt lat="48.801726177334785" lon="-121.04375478811562">
        <ele>488.49000000000001</ele>
        <time>2025-07-29T19:44:42Z</time>
      </trkpt>
      <trkpt lat="48.801983585581183" lon="-121.04373265989125">
        <ele>488.00999999999999</ele>
        <time>2025-07-29T19:45:05Z</time>
      </trkpt>
      <trkpt lat="48.802199671044946" lon="-121.04365001432598">
        <ele>488.00999999999999</ele>
        <time>2025-07-29T19:45:24Z</time>
      </trkpt>
      <trkpt lat="48.802314838394523" lon="-121.0437211766839">
        <ele>488.00999999999999</ele>
        <time>2025-07-29T19:45:44Z</time>
      </trkpt>
      <trkpt lat="48.80240854807198" lon="-121.04372167959809">
        <ele>488.00999999999999</ele>
        <time>2025-07-29T19:46:03Z</time>
      </trkpt>
      <trkpt lat="48.802510304376483" lon="-121.04353208094835">
        <ele>488.00999999999999</ele>
        <time>2025-07-29T19:46:24Z</time>
      </trkpt>
      <trkpt lat="48.802648102864623" lon="-121.0434553027153">
        <ele>488.00999999999999</ele>
        <time>2025-07-29T19:46:39Z</time>
      </trkpt>
      <trkpt lat="48.80285706371069" lon="-121.04345278814435">
        <ele>488.00999999999999</ele>
        <time>2025-07-29T19:47:00Z</time>
      </trkpt>
      <trkpt lat="48.803059989586473" lon="-121.04344692081213">
        <ele>488.00999999999999</ele>
        <time>2025-07-29T19:47:20Z</time>
      </trkpt>
      <trkpt lat="48.803297197446227" lon="-121.04320954531431">
        <ele>488.00999999999999</ele>
        <time>2025-07-29T19:47:41Z</time>
      </trkpt>
      <trkpt lat="48.803471624851227" lon="-121.04302480816841">
        <ele>488.00999999999999</ele>
        <time>2025-07-29T19:47:58Z</time>
      </trkpt>
      <trkpt lat="48.803539015352726" lon="-121.04276589117944">
        <ele>488.00999999999999</ele>
        <time>2025-07-29T19:48:12Z</time>
      </trkpt>
      <trkpt lat="48.803780497983098" lon="-121.04272699914873">
        <ele>488.00999999999999</ele>
        <time>2025-07-29T19:48:31Z</time>
      </trkpt>
      <trkpt lat="48.804060118272901" lon="-121.04268140159547">
        <ele>488.00999999999999</ele>
        <time>2025-07-29T19:48:51Z</time>
      </trkpt>
      <trkpt lat="48.804349126294255" lon="-121.04265097528696">
        <ele>488.00999999999999</ele>
        <time>2025-07-29T19:49:13Z</time>
      </trkpt>
      <trkpt lat="48.804584993049502" lon="-121.04246213100851">
        <ele>488.00999999999999</ele>
        <time>2025-07-29T19:49:34Z</time>
      </trkpt>
      <trkpt lat="48.804847178980708" lon="-121.04243472218513">
        <ele>488.49000000000001</ele>
        <time>2025-07-29T19:49:56Z</time>
      </trkpt>
      <trkpt lat="48.804891100153327" lon="-121.04236649349332">
        <ele>488.49000000000001</ele>
        <time>2025-07-29T19:50:03Z</time>
      </trkpt>
      <trkpt lat="48.805074663832784" lon="-121.04219910688698">
        <ele>488.49000000000001</ele>
        <time>2025-07-29T19:50:23Z</time>
      </trkpt>
      <trkpt lat="48.805376831442118" lon="-121.04209357872605">
        <ele>488.97000000000003</ele>
        <time>2025-07-29T19:50:50Z</time>
      </trkpt>
      <trkpt lat="48.805643795058131" lon="-121.0420913156122">
        <ele>488.49000000000001</ele>
        <time>2025-07-29T19:51:11Z</time>
      </trkpt>
      <trkpt lat="48.805818893015385" lon="-121.04198436252773">
        <ele>488.49000000000001</ele>
        <time>2025-07-29T19:51:29Z</time>
      </trkpt>
      <trkpt lat="48.80590757355094" lon="-121.04185603559017">
        <ele>488.49000000000001</ele>
        <time>2025-07-29T19:51:43Z</time>
      </trkpt>
      <trkpt lat="48.806176632642746" lon="-121.04173122905195">
        <ele>488.49000000000001</ele>
        <time>2025-07-29T19:52:06Z</time>
      </trkpt>
      <trkpt lat="48.806434627622366" lon="-121.04178763926029">
        <ele>488.97000000000003</ele>
        <time>2025-07-29T19:52:29Z</time>
      </trkpt>
      <trkpt lat="48.806600421667099" lon="-121.04157951660454">
        <ele>488.97000000000003</ele>
        <time>2025-07-29T19:52:47Z</time>
      </trkpt>
      <trkpt lat="48.806756073608994" lon="-121.04134096764028">
        <ele>488.97000000000003</ele>
        <time>2025-07-29T19:53:05Z</time>
      </trkpt>
      <trkpt lat="48.806971739977598" lon="-121.04133845306933">
        <ele>488.97000000000003</ele>
        <time>2025-07-29T19:53:21Z</time>
      </trkpt>
      <trkpt lat="48.80727281793952" lon="-121.04123225435615">
        <ele>488.97000000000003</ele>
        <time>2025-07-29T19:53:44Z</time>
      </trkpt>
      <trkpt lat="48.807523855939507" lon="-121.04101918637753">
        <ele>488.49000000000001</ele>
        <time>2025-07-29T19:54:06Z</time>
      </trkpt>
      <trkpt lat="48.807725608348846" lon="-121.04084685444832">
        <ele>488.49000000000001</ele>
        <time>2025-07-29T19:54:25Z</time>
      </trkpt>
      <trkpt lat="48.808005061000586" lon="-121.04073110036552">
        <ele>488.49000000000001</ele>
        <time>2025-07-29T19:54:47Z</time>
      </trkpt>
      <trkpt lat="48.808291386812925" lon="-121.04078105650842">
        <ele>488.97000000000003</ele>
        <time>2025-07-29T19:55:09Z</time>
      </trkpt>
      <trkpt lat="48.80849783308804" lon="-121.04065909981728">
        <ele>488.97000000000003</ele>
        <time>2025-07-29T19:55:27Z</time>
      </trkpt>
      <trkpt lat="48.808777704834938" lon="-121.04054116643965">
        <ele>488.97000000000003</ele>
        <time>2025-07-29T19:55:52Z</time>
      </trkpt>
      <trkpt lat="48.809010051190853" lon="-121.04043438099325">
        <ele>488.97000000000003</ele>
        <time>2025-07-29T19:56:16Z</time>
      </trkpt>
      <trkpt lat="48.809272488579154" lon="-121.04032340459526">
        <ele>488.97000000000003</ele>
        <time>2025-07-29T19:56:39Z</time>
      </trkpt>
      <trkpt lat="48.809491088613868" lon="-121.04014948010445">
        <ele>488.49000000000001</ele>
        <time>2025-07-29T19:57:00Z</time>
      </trkpt>
      <trkpt lat="48.809749083593488" lon="-121.04018594138324">
        <ele>488.49000000000001</ele>
        <time>2025-07-29T19:57:27Z</time>
      </trkpt>
      <trkpt lat="48.809964330866933" lon="-121.03995359502733">
        <ele>488.97000000000003</ele>
        <time>2025-07-29T19:57:50Z</time>
      </trkpt>
      <trkpt lat="48.810139177367091" lon="-121.03982610628009">
        <ele>488.49000000000001</ele>
        <time>2025-07-29T19:58:07Z</time>
      </trkpt>
      <trkpt lat="48.81043472327292" lon="-121.03969870135188">
        <ele>488.49000000000001</ele>
        <time>2025-07-29T19:58:31Z</time>
      </trkpt>
      <trkpt lat="48.810674864798784" lon="-121.0396353341639">
        <ele>488.49000000000001</ele>
        <time>2025-07-29T19:58:53Z</time>
      </trkpt>
      <trkpt lat="48.810919616371393" lon="-121.03959577158093">
        <ele>488.49000000000001</ele>
        <time>2025-07-29T19:59:17Z</time>
      </trkpt>
      <trkpt lat="48.811016092076898" lon="-121.03949870914221">
        <ele>488.49000000000001</ele>
        <time>2025-07-29T19:59:28Z</time>
      </trkpt>
      <trkpt lat="48.811048278585076" lon="-121.03952310048044">
        <ele>490.88999999999999</ele>
        <time>2025-07-29T19:59:30Z</time>
      </trkpt>
      <trkpt lat="48.811141150072217" lon="-121.03950692340732">
        <ele>488.00999999999999</ele>
        <time>2025-07-29T19:59:42Z</time>
      </trkpt>
      <trkpt lat="48.811329994350672" lon="-121.03952703997493">
        <ele>488.97000000000003</ele>
        <time>2025-07-29T20:00:00Z</time>
      </trkpt>
      <trkpt lat="48.811581702902913" lon="-121.03952092118561">
        <ele>488.97000000000003</ele>
        <time>2025-07-29T20:00:21Z</time>
      </trkpt>
      <trkpt lat="48.811811786144972" lon="-121.03938890621066">
        <ele>488.97000000000003</ele>
        <time>2025-07-29T20:00:41Z</time>
      </trkpt>
      <trkpt lat="48.81203155964613" lon="-121.03928941302001">
        <ele>488.97000000000003</ele>
        <time>2025-07-29T20:01:00Z</time>
      </trkpt>
      <trkpt lat="48.812305815517902" lon="-121.03921162895858">
        <ele>489.44999999999999</ele>
        <time>2025-07-29T20:01:24Z</time>
      </trkpt>
      <trkpt lat="48.812505304813385" lon="-121.03903946466744">
        <ele>489.44999999999999</ele>
        <time>2025-07-29T20:01:44Z</time>
      </trkpt>
      <trkpt lat="48.812718875706196" lon="-121.03893142193556">
        <ele>489.44999999999999</ele>
        <time>2025-07-29T20:02:03Z</time>
      </trkpt>
      <trkpt lat="48.813010985031724" lon="-121.0389016661793">
        <ele>489.44999999999999</ele>
        <time>2025-07-29T20:02:29Z</time>
      </trkpt>
      <trkpt lat="48.81326294504106" lon="-121.03874961845577">
        <ele>489.44999999999999</ele>
        <time>2025-07-29T20:02:54Z</time>
      </trkpt>
      <trkpt lat="48.813469056040049" lon="-121.03846622630954">
        <ele>489.44999999999999</ele>
        <time>2025-07-29T20:03:16Z</time>
      </trkpt>
      <trkpt lat="48.813679357990623" lon="-121.03836656548083">
        <ele>489.44999999999999</ele>
        <time>2025-07-29T20:03:35Z</time>
      </trkpt>
      <trkpt lat="48.813833249732852" lon="-121.0381381586194">
        <ele>489.44999999999999</ele>
        <time>2025-07-29T20:03:52Z</time>
      </trkpt>
      <trkpt lat="48.814054196700454" lon="-121.03805953636765">
        <ele>489.44999999999999</ele>
        <time>2025-07-29T20:04:14Z</time>
      </trkpt>
      <trkpt lat="48.814287967979908" lon="-121.0379848536104">
        <ele>489.44999999999999</ele>
        <time>2025-07-29T20:04:35Z</time>
      </trkpt>
      <trkpt lat="48.814518051221967" lon="-121.03788888081908">
        <ele>489.44999999999999</ele>
        <time>2025-07-29T20:04:58Z</time>
      </trkpt>
      <trkpt lat="48.814768334850669" lon="-121.03780053555965">
        <ele>489.44999999999999</ele>
        <time>2025-07-29T20:05:21Z</time>
      </trkpt>
      <trkpt lat="48.815012667328119" lon="-121.0375096835196">
        <ele>489.44999999999999</ele>
        <time>2025-07-29T20:05:46Z</time>
      </trkpt>
      <trkpt lat="48.815306788310409" lon="-121.03741547092795">
        <ele>489.44999999999999</ele>
        <time>2025-07-29T20:06:12Z</time>
      </trkpt>
      <trkpt lat="48.815573919564486" lon="-121.03737884201109">
        <ele>489.44999999999999</ele>
        <time>2025-07-29T20:06:36Z</time>
      </trkpt>
      <trkpt lat="48.815728817135096" lon="-121.03710517287254">
        <ele>489.44999999999999</ele>
        <time>2025-07-29T20:06:56Z</time>
      </trkpt>
      <trkpt lat="48.815953871235251" lon="-121.03697692975402">
        <ele>489.44999999999999</ele>
        <time>2025-07-29T20:07:20Z</time>
      </trkpt>
      <trkpt lat="48.816153025254607" lon="-121.03674433194101">
        <ele>489.44999999999999</ele>
        <time>2025-07-29T20:07:42Z</time>
      </trkpt>
      <trkpt lat="48.816331643611193" lon="-121.03667685762048">
        <ele>489.44999999999999</ele>
        <time>2025-07-29T20:08:02Z</time>
      </trkpt>
      <trkpt lat="48.816557703539729" lon="-121.03654241189361">
        <ele>489.44999999999999</ele>
        <time>2025-07-29T20:08:22Z</time>
      </trkpt>
      <trkpt lat="48.816806813701987" lon="-121.03650854900479">
        <ele>489.44999999999999</ele>
        <time>2025-07-29T20:08:47Z</time>
      </trkpt>
      <trkpt lat="48.817051229998469" lon="-121.036456245929">
        <ele>489.44999999999999</ele>
        <time>2025-07-29T20:09:07Z</time>
      </trkpt>
      <trkpt lat="48.817335460335016" lon="-121.03647862561047">
        <ele>489.44999999999999</ele>
        <time>2025-07-29T20:09:32Z</time>
      </trkpt>
      <trkpt lat="48.817589599639177" lon="-121.03638391010463">
        <ele>489.44999999999999</ele>
        <time>2025-07-29T20:09:55Z</time>
      </trkpt>
      <trkpt lat="48.817866453900933" lon="-121.03623948991299">
        <ele>489.44999999999999</ele>
        <time>2025-07-29T20:10:22Z</time>
      </trkpt>
      <trkpt lat="48.81809888407588" lon="-121.03616422042251">
        <ele>489.44999999999999</ele>
        <time>2025-07-29T20:10:44Z</time>
      </trkpt>
      <trkpt lat="48.818352269008756" lon="-121.03604561649263">
        <ele>489.44999999999999</ele>
        <time>2025-07-29T20:11:07Z</time>
      </trkpt>
      <trkpt lat="48.818551087751985" lon="-121.03570866398513">
        <ele>489.93000000000001</ele>
        <time>2025-07-29T20:11:32Z</time>
      </trkpt>
      <trkpt lat="48.818837748840451" lon="-121.03560288436711">
        <ele>489.93000000000001</ele>
        <time>2025-07-29T20:11:59Z</time>
      </trkpt>
      <trkpt lat="48.819065568968654" lon="-121.03556860238314">
        <ele>489.93000000000001</ele>
        <time>2025-07-29T20:12:23Z</time>
      </trkpt>
      <trkpt lat="48.819340243935585" lon="-121.03545972146094">
        <ele>489.93000000000001</ele>
        <time>2025-07-29T20:12:49Z</time>
      </trkpt>
      <trkpt lat="48.819511402398348" lon="-121.03514363989234">
        <ele>489.93000000000001</ele>
        <time>2025-07-29T20:13:11Z</time>
      </trkpt>
      <trkpt lat="48.819716088473797" lon="-121.03502729907632">
        <ele>489.93000000000001</ele>
        <time>2025-07-29T20:13:37Z</time>
      </trkpt>
      <trkpt lat="48.81991708651185" lon="-121.03501095436513">
        <ele>489.93000000000001</ele>
        <time>2025-07-29T20:13:58Z</time>
      </trkpt>
      <trkpt lat="48.820170806720853" lon="-121.03497608564794">
        <ele>489.93000000000001</ele>
        <time>2025-07-29T20:14:22Z</time>
      </trkpt>
      <trkpt lat="48.820441039279103" lon="-121.03488413617015">
        <ele>489.93000000000001</ele>
        <time>2025-07-29T20:14:45Z</time>
      </trkpt>
      <trkpt lat="48.820658465847373" lon="-121.03488044813275">
        <ele>489.93000000000001</ele>
        <time>2025-07-29T20:15:01Z</time>
      </trkpt>
      <trkpt lat="48.820944121107459" lon="-121.0347206890583">
        <ele>489.93000000000001</ele>
        <time>2025-07-29T20:15:26Z</time>
      </trkpt>
      <trkpt lat="48.821150818839669" lon="-121.03458699770272">
        <ele>489.93000000000001</ele>
        <time>2025-07-29T20:15:46Z</time>
      </trkpt>
      <trkpt lat="48.821347542107105" lon="-121.03450066410005">
        <ele>489.93000000000001</ele>
        <time>2025-07-29T20:16:05Z</time>
      </trkpt>
      <trkpt lat="48.821617858484387" lon="-121.03446051478386">
        <ele>489.93000000000001</ele>
        <time>2025-07-29T20:16:29Z</time>
      </trkpt>
      <trkpt lat="48.821802595630288" lon="-121.03430050425231">
        <ele>489.93000000000001</ele>
        <time>2025-07-29T20:16:49Z</time>
      </trkpt>
      <trkpt lat="48.822096884250641" lon="-121.03436931967735">
        <ele>489.44999999999999</ele>
        <time>2025-07-29T20:17:16Z</time>
      </trkpt>
      <trkpt lat="48.822355549782515" lon="-121.03440226055682">
        <ele>489.93000000000001</ele>
        <time>2025-07-29T20:17:39Z</time>
      </trkpt>
      <trkpt lat="48.822657382115722" lon="-121.03433704935014">
        <ele>489.93000000000001</ele>
        <time>2025-07-29T20:18:08Z</time>
      </trkpt>
      <trkpt lat="48.822893248870969" lon="-121.03412984870374">
        <ele>489.93000000000001</ele>
        <time>2025-07-29T20:18:33Z</time>
      </trkpt>
      <trkpt lat="48.82311562076211" lon="-121.03404183872044">
        <ele>489.93000000000001</ele>
        <time>2025-07-29T20:18:57Z</time>
      </trkpt>
      <trkpt lat="48.823124840855598" lon="-121.03403647430241">
        <ele>489.93000000000001</ele>
        <time>2025-07-29T20:18:58Z</time>
      </trkpt>
      <trkpt lat="48.823305470868945" lon="-121.03393631055951">
        <ele>490.88999999999999</ele>
        <time>2025-07-29T20:19:21Z</time>
      </trkpt>
      <trkpt lat="48.82343664765358" lon="-121.03381955064833">
        <ele>490.88999999999999</ele>
        <time>2025-07-29T20:19:45Z</time>
      </trkpt>
      <trkpt lat="48.823543516919017" lon="-121.03370178490877">
        <ele>490.88999999999999</ele>
        <time>2025-07-29T20:20:09Z</time>
      </trkpt>
      <trkpt lat="48.82361208088696" lon="-121.03363028727472">
        <ele>490.88999999999999</ele>
        <time>2025-07-29T20:20:26Z</time>
      </trkpt>
      <trkpt lat="48.823709562420845" lon="-121.03358527645469">
        <ele>490.88999999999999</ele>
        <time>2025-07-29T20:20:45Z</time>
      </trkpt>
      <trkpt lat="48.823805451393127" lon="-121.03341587819159">
        <ele>490.41000000000003</ele>
        <time>2025-07-29T20:21:07Z</time>
      </trkpt>
      <trkpt lat="48.823958756402135" lon="-121.03318789042532">
        <ele>490.41000000000003</ele>
        <time>2025-07-29T20:21:27Z</time>
      </trkpt>
      <trkpt lat="48.824051963165402" lon="-121.03295135311782">
        <ele>490.41000000000003</ele>
        <time>2025-07-29T20:21:47Z</time>
      </trkpt>
      <trkpt lat="48.824140727519989" lon="-121.03273409418762">
        <ele>490.41000000000003</ele>
        <time>2025-07-29T20:22:07Z</time>
      </trkpt>
      <trkpt lat="48.82411583326757" lon="-121.03263284079731">
        <ele>490.41000000000003</ele>
        <time>2025-07-29T20:22:21Z</time>
      </trkpt>
      <trkpt lat="48.824044251814485" lon="-121.0324605088681">
        <ele>490.41000000000003</ele>
        <time>2025-07-29T20:22:42Z</time>
      </trkpt>
      <trkpt lat="48.824014328420162" lon="-121.03238666430116">
        <ele>490.41000000000003</ele>
        <time>2025-07-29T20:23:01Z</time>
      </trkpt>
      <trkpt lat="48.824009718373418" lon="-121.03235280141234">
        <ele>491.37</ele>
        <time>2025-07-29T20:23:22Z</time>
      </trkpt>
      <trkpt lat="48.82402203977108" lon="-121.03232530876994">
        <ele>491.37</ele>
        <time>2025-07-29T20:23:42Z</time>
      </trkpt>
      <trkpt lat="48.823993373662233" lon="-121.03223067708313">
        <ele>491.37</ele>
        <time>2025-07-29T20:24:14Z</time>
      </trkpt>
      <trkpt lat="48.823959259316325" lon="-121.0321306809783">
        <ele>491.85000000000002</ele>
        <time>2025-07-29T20:24:45Z</time>
      </trkpt>
      <trkpt lat="48.823933191597462" lon="-121.03206873871386">
        <ele>491.85000000000002</ele>
        <time>2025-07-29T20:25:10Z</time>
      </trkpt>
      <trkpt lat="48.823900083079934" lon="-121.03200386278331">
        <ele>491.85000000000002</ele>
        <time>2025-07-29T20:25:33Z</time>
      </trkpt>
      <trkpt lat="48.823920199647546" lon="-121.03196865878999">
        <ele>492.32999999999998</ele>
        <time>2025-07-29T20:25:59Z</time>
      </trkpt>
      <trkpt lat="48.823934448882937" lon="-121.03193244896829">
        <ele>492.32999999999998</ele>
        <time>2025-07-29T20:26:23Z</time>
      </trkpt>
      <trkpt lat="48.823918607085943" lon="-121.03194946423173">
        <ele>492.32999999999998</ele>
        <time>2025-07-29T20:26:52Z</time>
      </trkpt>
      <trkpt lat="48.82389061152935" lon="-121.03192792274058">
        <ele>492.32999999999998</ele>
        <time>2025-07-29T20:27:19Z</time>
      </trkpt>
      <trkpt lat="48.823815593495965" lon="-121.03181443177164">
        <ele>492.81</ele>
        <time>2025-07-29T20:27:42Z</time>
      </trkpt>
      <trkpt lat="48.823817186057568" lon="-121.03181166574359">
        <ele>492.81</ele>
        <time>2025-07-29T20:28:00Z</time>
      </trkpt>
      <trkpt lat="48.823820622637868" lon="-121.03187662549317">
        <ele>493.29000000000002</ele>
        <time>2025-07-29T20:28:18Z</time>
      </trkpt>
      <trkpt lat="48.823835123330355" lon="-121.03190822526813">
        <ele>493.29000000000002</ele>
        <time>2025-07-29T20:28:42Z</time>
      </trkpt>
      <trkpt lat="48.823772929608822" lon="-121.03190520778298">
        <ele>493.29000000000002</ele>
        <time>2025-07-29T20:29:08Z</time>
      </trkpt>
      <trkpt lat="48.823770247399807" lon="-121.03191082365811">
        <ele>493.29000000000002</ele>
        <time>2025-07-29T20:29:33Z</time>
      </trkpt>
      <trkpt lat="48.82380067370832" lon="-121.0319253243506">
        <ele>493.76999999999998</ele>
        <time>2025-07-29T20:29:49Z</time>
      </trkpt>
      <trkpt lat="48.823808049783111" lon="-121.03190998546779">
        <ele>493.76999999999998</ele>
        <time>2025-07-29T20:30:07Z</time>
      </trkpt>
      <trkpt lat="48.823811737820506" lon="-121.03196036070585">
        <ele>493.76999999999998</ele>
        <time>2025-07-29T20:30:27Z</time>
      </trkpt>
      <trkpt lat="48.823841493576765" lon="-121.03200025856495">
        <ele>493.76999999999998</ele>
        <time>2025-07-29T20:30:47Z</time>
      </trkpt>
      <trkpt lat="48.823961187154055" lon="-121.03194611147046">
        <ele>493.76999999999998</ele>
        <time>2025-07-29T20:31:21Z</time>
      </trkpt>
      <trkpt lat="48.823985494673252" lon="-121.03188509121537">
        <ele>493.76999999999998</ele>
        <time>2025-07-29T20:31:49Z</time>
      </trkpt>
      <trkpt lat="48.823924893513322" lon="-121.03188609704375">
        <ele>493.76999999999998</ele>
        <time>2025-07-29T20:32:20Z</time>
      </trkpt>
      <trkpt lat="48.823966467753053" lon="-121.03188601322472">
        <ele>494.25999999999999</ele>
        <time>2025-07-29T20:32:47Z</time>
      </trkpt>
      <trkpt lat="48.824011981487274" lon="-121.03192255832255">
        <ele>494.25999999999999</ele>
        <time>2025-07-29T20:33:10Z</time>
      </trkpt>
      <trkpt lat="48.823994630947709" lon="-121.03189372457564">
        <ele>494.25999999999999</ele>
        <time>2025-07-29T20:33:33Z</time>
      </trkpt>
      <trkpt lat="48.823973424732685" lon="-121.03190118446946">
        <ele>494.74000000000001</ele>
        <time>2025-07-29T20:34:00Z</time>
      </trkpt>
      <trkpt lat="48.823926653712988" lon="-121.03192633017898">
        <ele>494.74000000000001</ele>
        <time>2025-07-29T20:34:23Z</time>
      </trkpt>
      <trkpt lat="48.823887845501304" lon="-121.03191719390452">
        <ele>494.74000000000001</ele>
        <time>2025-07-29T20:34:46Z</time>
      </trkpt>
      <trkpt lat="48.823847360908985" lon="-121.03191752918065">
        <ele>494.74000000000001</ele>
        <time>2025-07-29T20:35:07Z</time>
      </trkpt>
      <trkpt lat="48.823818443343043" lon="-121.03190738707781">
        <ele>494.74000000000001</ele>
        <time>2025-07-29T20:35:31Z</time>
      </trkpt>
      <trkpt lat="48.823870243504643" lon="-121.03184787556529">
        <ele>495.22000000000003</ele>
        <time>2025-07-29T20:36:01Z</time>
      </trkpt>
      <trkpt lat="48.823897819966078" lon="-121.03178794495761">
        <ele>495.22000000000003</ele>
        <time>2025-07-29T20:36:32Z</time>
      </trkpt>
      <trkpt lat="48.823924055323005" lon="-121.03182340040803">
        <ele>495.22000000000003</ele>
        <time>2025-07-29T20:36:55Z</time>
      </trkpt>
      <trkpt lat="48.823916930705309" lon="-121.03182725608349">
        <ele>495.69999999999999</ele>
        <time>2025-07-29T20:37:25Z</time>
      </trkpt>
      <trkpt lat="48.824016759172082" lon="-121.03182457387447">
        <ele>496.18000000000001</ele>
        <time>2025-07-29T20:37:54Z</time>
      </trkpt>
      <trkpt lat="48.823969904333353" lon="-121.03186313062906">
        <ele>496.66000000000003</ele>
        <time>2025-07-29T20:38:21Z</time>
      </trkpt>
      <trkpt lat="48.823989434167743" lon="-121.03190621361136">
        <ele>496.66000000000003</ele>
        <time>2025-07-29T20:38:44Z</time>
      </trkpt>
      <trkpt lat="48.823988763615489" lon="-121.03188869543374">
        <ele>497.13999999999999</ele>
        <time>2025-07-29T20:39:15Z</time>
      </trkpt>
      <trkpt lat="48.823984321206808" lon="-121.03186849504709">
        <ele>498.10000000000002</ele>
        <time>2025-07-29T20:39:48Z</time>
      </trkpt>
      <trkpt lat="48.824023967608809" lon="-121.03187972679734">
        <ele>498.57999999999998</ele>
        <time>2025-07-29T20:40:11Z</time>
      </trkpt>
      <trkpt lat="48.824036121368408" lon="-121.03189255110919">
        <ele>499.06</ele>
        <time>2025-07-29T20:40:34Z</time>
      </trkpt>
      <trkpt lat="48.824041653424501" lon="-121.03190512396395">
        <ele>499.06</ele>
        <time>2025-07-29T20:40:53Z</time>
      </trkpt>
      <trkpt lat="48.82405280135572" lon="-121.03191551752388">
        <ele>499.54000000000002</ele>
        <time>2025-07-29T20:41:15Z</time>
      </trkpt>
      <trkpt lat="48.824095129966736" lon="-121.03187402710319">
        <ele>500.5</ele>
        <time>2025-07-29T20:41:41Z</time>
      </trkpt>
      <trkpt lat="48.82409093901515" lon="-121.0318436846137">
        <ele>500.5</ele>
        <time>2025-07-29T20:42:06Z</time>
      </trkpt>
      <trkpt lat="48.824001839384437" lon="-121.03193295188248">
        <ele>500.98000000000002</ele>
        <time>2025-07-29T20:42:34Z</time>
      </trkpt>
      <trkpt lat="48.823960432782769" lon="-121.03190897963941">
        <ele>501.45999999999998</ele>
        <time>2025-07-29T20:43:01Z</time>
      </trkpt>
      <trkpt lat="48.823977615684271" lon="-121.03188081644475">
        <ele>501.45999999999998</ele>
        <time>2025-07-29T20:43:26Z</time>
      </trkpt>
      <trkpt lat="48.823942579329014" lon="-121.03181686252356">
        <ele>501.94999999999999</ele>
        <time>2025-07-29T20:43:54Z</time>
      </trkpt>
      <trkpt lat="48.823983650654554" lon="-121.03179917670786">
        <ele>501.94999999999999</ele>
        <time>2025-07-29T20:44:23Z</time>
      </trkpt>
      <trkpt lat="48.823990104719996" lon="-121.03182038292289">
        <ele>502.43000000000001</ele>
        <time>2025-07-29T20:44:49Z</time>
      </trkpt>
      <trkpt lat="48.824091358110309" lon="-121.031783670187">
        <ele>502.91000000000003</ele>
        <time>2025-07-29T20:45:13Z</time>
      </trkpt>
      <trkpt lat="48.824131088331342" lon="-121.03177403099835">
        <ele>503.38999999999999</ele>
        <time>2025-07-29T20:45:40Z</time>
      </trkpt>
      <trkpt lat="48.824118850752711" lon="-121.03183999657631">
        <ele>504.35000000000002</ele>
        <time>2025-07-29T20:46:07Z</time>
      </trkpt>
      <trkpt lat="48.824092699214816" lon="-121.03186564520001">
        <ele>504.82999999999998</ele>
        <time>2025-07-29T20:46:30Z</time>
      </trkpt>
      <trkpt lat="48.824231084436178" lon="-121.03173782117665">
        <ele>505.31</ele>
        <time>2025-07-29T20:46:58Z</time>
      </trkpt>
      <trkpt lat="48.824249943718314" lon="-121.0317765455693">
        <ele>506.26999999999998</ele>
        <time>2025-07-29T20:47:22Z</time>
      </trkpt>
      <trkpt lat="48.824231754988432" lon="-121.03180814534426">
        <ele>506.75</ele>
        <time>2025-07-29T20:47:51Z</time>
      </trkpt>
      <trkpt lat="48.824176518246531" lon="-121.03182239457965">
        <ele>507.23000000000002</ele>
        <time>2025-07-29T20:48:12Z</time>
      </trkpt>
      <trkpt lat="48.824166879057884" lon="-121.0318217240274">
        <ele>508.19</ele>
        <time>2025-07-29T20:48:39Z</time>
      </trkpt>
      <trkpt lat="48.824152546003461" lon="-121.03182080201805">
        <ele>508.67000000000002</ele>
        <time>2025-07-29T20:49:00Z</time>
      </trkpt>
      <trkpt lat="48.824168052524328" lon="-121.03179121389985">
        <ele>509.16000000000003</ele>
        <time>2025-07-29T20:49:28Z</time>
      </trkpt>
      <trkpt lat="48.824177104979753" lon="-121.03181359358132">
        <ele>509.63999999999999</ele>
        <time>2025-07-29T20:49:53Z</time>
      </trkpt>
      <trkpt lat="48.824249105527997" lon="-121.03177218697965">
        <ele>510.12</ele>
        <time>2025-07-29T20:50:13Z</time>
      </trkpt>
      <trkpt lat="48.824223624542356" lon="-121.03182373568416">
        <ele>510.60000000000002</ele>
        <time>2025-07-29T20:50:33Z</time>
      </trkpt>
      <trkpt lat="48.824271485209465" lon="-121.03181065991521">
        <ele>511.56</ele>
        <time>2025-07-29T20:50:54Z</time>
      </trkpt>
      <trkpt lat="48.824304509907961" lon="-121.0318404994905">
        <ele>511.56</ele>
        <time>2025-07-29T20:51:08Z</time>
      </trkpt>
      <trkpt lat="48.824071912094951" lon="-121.03201827965677">
        <ele>512.03999999999996</ele>
        <time>2025-07-29T20:51:27Z</time>
      </trkpt>
      <trkpt lat="48.82416034117341" lon="-121.03198290802538">
        <ele>512.03999999999996</ele>
        <time>2025-07-29T20:51:47Z</time>
      </trkpt>
      <trkpt lat="48.824222618713975" lon="-121.03197921998799">
        <ele>512.51999999999998</ele>
        <time>2025-07-29T20:52:06Z</time>
      </trkpt>
      <trkpt lat="48.82426243275404" lon="-121.03201920166612">
        <ele>512.51999999999998</ele>
        <time>2025-07-29T20:52:23Z</time>
      </trkpt>
      <trkpt lat="48.824318591505289" lon="-121.03201752528548">
        <ele>513</ele>
        <time>2025-07-29T20:52:45Z</time>
      </trkpt>
      <trkpt lat="48.82423653267324" lon="-121.03204510174692">
        <ele>513</ele>
        <time>2025-07-29T20:53:07Z</time>
      </trkpt>
      <trkpt lat="48.824212644249201" lon="-121.03204233571887">
        <ele>512.51999999999998</ele>
        <time>2025-07-29T20:53:22Z</time>
      </trkpt>
      <trkpt lat="48.824227815493941" lon="-121.03204417973757">
        <ele>514.44000000000005</ele>
        <time>2025-07-29T20:53:24Z</time>
      </trkpt>
      <trkpt lat="48.824232928454876" lon="-121.03206127882004">
        <ele>513</ele>
        <time>2025-07-29T20:53:36Z</time>
      </trkpt>
      <trkpt lat="48.824262013658881" lon="-121.03203060105443">
        <ele>513.48000000000002</ele>
        <time>2025-07-29T20:53:52Z</time>
      </trkpt>
      <trkpt lat="48.824213230982423" lon="-121.03200151585042">
        <ele>513.96000000000004</ele>
        <time>2025-07-29T20:54:18Z</time>
      </trkpt>
      <trkpt lat="48.824213985353708" lon="-121.03200562298298">
        <ele>513.96000000000004</ele>
        <time>2025-07-29T20:54:36Z</time>
      </trkpt>
      <trkpt lat="48.824225217103958" lon="-121.03198232129216">
        <ele>513.96000000000004</ele>
        <time>2025-07-29T20:55:01Z</time>
      </trkpt>
      <trkpt lat="48.824202753603458" lon="-121.03197544813156">
        <ele>513.96000000000004</ele>
        <time>2025-07-29T20:55:19Z</time>
      </trkpt>
      <trkpt lat="48.824148522689939" lon="-121.0319699998945">
        <ele>514.44000000000005</ele>
        <time>2025-07-29T20:55:49Z</time>
      </trkpt>
      <trkpt lat="48.82416763342917" lon="-121.03201350197196">
        <ele>514.44000000000005</ele>
        <time>2025-07-29T20:56:11Z</time>
      </trkpt>
      <trkpt lat="48.824316244572401" lon="-121.03199112229049">
        <ele>514.44000000000005</ele>
        <time>2025-07-29T20:56:37Z</time>
      </trkpt>
      <trkpt lat="48.824340300634503" lon="-121.03198173455894">
        <ele>514.44000000000005</ele>
        <time>2025-07-29T20:57:00Z</time>
      </trkpt>
      <trkpt lat="48.824361506849527" lon="-121.03194477036595">
        <ele>515.39999999999998</ele>
        <time>2025-07-29T20:57:19Z</time>
      </trkpt>
      <trkpt lat="48.824415570124984" lon="-121.03191954083741">
        <ele>515.39999999999998</ele>
        <time>2025-07-29T20:57:41Z</time>
      </trkpt>
      <trkpt lat="48.824326638132334" lon="-121.03197033517063">
        <ele>515.88</ele>
        <time>2025-07-29T20:58:06Z</time>
      </trkpt>
      <trkpt lat="48.824221780523658" lon="-121.03197586722672">
        <ele>515.88</ele>
        <time>2025-07-29T20:58:44Z</time>
      </trkpt>
      <trkpt lat="48.824085993692279" lon="-121.03198408149183">
        <ele>515.88</ele>
        <time>2025-07-29T20:59:12Z</time>
      </trkpt>
      <trkpt lat="48.824175093322992" lon="-121.03196245618165">
        <ele>515.88</ele>
        <time>2025-07-29T20:59:30Z</time>
      </trkpt>
      <trkpt lat="48.824169561266899" lon="-121.03196639567614">
        <ele>515.88</ele>
        <time>2025-07-29T20:59:45Z</time>
      </trkpt>
      <trkpt lat="48.82413393817842" lon="-121.03191928938031">
        <ele>515.88</ele>
        <time>2025-07-29T21:00:03Z</time>
      </trkpt>
      <trkpt lat="48.82417157292366" lon="-121.03193647228181">
        <ele>515.88</ele>
        <time>2025-07-29T21:00:22Z</time>
      </trkpt>
      <trkpt lat="48.82424483075738" lon="-121.03205247782171">
        <ele>515.88</ele>
        <time>2025-07-29T21:00:47Z</time>
      </trkpt>
      <trkpt lat="48.824258493259549" lon="-121.03212531656027">
        <ele>515.88</ele>
        <time>2025-07-29T21:01:02Z</time>
      </trkpt>
      <trkpt lat="48.824278945103288" lon="-121.03221852332354">
        <ele>515.88</ele>
        <time>2025-07-29T21:01:13Z</time>
      </trkpt>
      <trkpt lat="48.824318591505289" lon="-121.03236168622971">
        <ele>515.88</ele>
        <time>2025-07-29T21:01:24Z</time>
      </trkpt>
      <trkpt lat="48.824444571509957" lon="-121.03260115720332">
        <ele>515.39999999999998</ele>
        <time>2025-07-29T21:01:44Z</time>
      </trkpt>
      <trkpt lat="48.82452436722815" lon="-121.03290986269712">
        <ele>515.39999999999998</ele>
        <time>2025-07-29T21:02:05Z</time>
      </trkpt>
      <trkpt lat="48.824608772993088" lon="-121.03295118547976">
        <ele>514.91999999999996</ele>
        <time>2025-07-29T21:02:22Z</time>
      </trkpt>
      <trkpt lat="48.824827037751675" lon="-121.0328299831599">
        <ele>514.44000000000005</ele>
        <time>2025-07-29T21:02:44Z</time>
      </trkpt>
      <trkpt lat="48.82502325810492" lon="-121.0326640214771">
        <ele>514.44000000000005</ele>
        <time>2025-07-29T21:03:05Z</time>
      </trkpt>
      <trkpt lat="48.825274631381035" lon="-121.03255069814622">
        <ele>513.96000000000004</ele>
        <time>2025-07-29T21:03:30Z</time>
      </trkpt>
      <trkpt lat="48.825505301356316" lon="-121.03245371952653">
        <ele>513.48000000000002</ele>
        <time>2025-07-29T21:03:55Z</time>
      </trkpt>
      <trkpt lat="48.825531033799052" lon="-121.03243594989181">
        <ele>513.48000000000002</ele>
        <time>2025-07-29T21:03:58Z</time>
      </trkpt>
      <trkpt lat="48.825643686577678" lon="-121.03217694908381">
        <ele>513.48000000000002</ele>
        <time>2025-07-29T21:04:21Z</time>
      </trkpt>
      <trkpt lat="48.825800092890859" lon="-121.03201861493289">
        <ele>513</ele>
        <time>2025-07-29T21:04:42Z</time>
      </trkpt>
      <trkpt lat="48.826013496145606" lon="-121.0318835824728">
        <ele>512.51999999999998</ele>
        <time>2025-07-29T21:05:04Z</time>
      </trkpt>
      <trkpt lat="48.826222373172641" lon="-121.0317627992481">
        <ele>512.03999999999996</ele>
        <time>2025-07-29T21:05:25Z</time>
      </trkpt>
      <trkpt lat="48.826462430879474" lon="-121.03164008818567">
        <ele>512.03999999999996</ele>
        <time>2025-07-29T21:05:46Z</time>
      </trkpt>
      <trkpt lat="48.826677929610014" lon="-121.03148535825312">
        <ele>512.03999999999996</ele>
        <time>2025-07-29T21:06:05Z</time>
      </trkpt>
      <trkpt lat="48.826910359784961" lon="-121.03124630637467">
        <ele>511.56</ele>
        <time>2025-07-29T21:06:26Z</time>
      </trkpt>
      <trkpt lat="48.827125774696469" lon="-121.03133004158735">
        <ele>511.56</ele>
        <time>2025-07-29T21:06:46Z</time>
      </trkpt>
      <trkpt lat="48.82716340944171" lon="-121.03133490309119">
        <ele>511.56</ele>
        <time>2025-07-29T21:06:50Z</time>
      </trkpt>
      <trkpt lat="48.827422158792615" lon="-121.0311840288341">
        <ele>511.07999999999998</ele>
        <time>2025-07-29T21:07:12Z</time>
      </trkpt>
      <trkpt lat="48.827701276168227" lon="-121.03106995113194">
        <ele>510.60000000000002</ele>
        <time>2025-07-29T21:07:35Z</time>
      </trkpt>
      <trkpt lat="48.827958600595593" lon="-121.03094162419438">
        <ele>510.60000000000002</ele>
        <time>2025-07-29T21:07:55Z</time>
      </trkpt>
      <trkpt lat="48.828231012448668" lon="-121.03075386956334">
        <ele>510.12</ele>
        <time>2025-07-29T21:08:19Z</time>
      </trkpt>
      <trkpt lat="48.828404936939478" lon="-121.030517751351">
        <ele>510.12</ele>
        <time>2025-07-29T21:08:40Z</time>
      </trkpt>
      <trkpt lat="48.828595206141472" lon="-121.03031977079809">
        <ele>509.63999999999999</ele>
        <time>2025-07-29T21:08:59Z</time>
      </trkpt>
      <trkpt lat="48.828858062624931" lon="-121.03018834255636">
        <ele>509.63999999999999</ele>
        <time>2025-07-29T21:09:21Z</time>
      </trkpt>
      <trkpt lat="48.829092755913734" lon="-121.03004090487957">
        <ele>509.63999999999999</ele>
        <time>2025-07-29T21:09:43Z</time>
      </trkpt>
      <trkpt lat="48.829348152503371" lon="-121.02993319742382">
        <ele>509.16000000000003</ele>
        <time>2025-07-29T21:10:05Z</time>
      </trkpt>
      <trkpt lat="48.829542528837919" lon="-121.02972901426256">
        <ele>509.16000000000003</ele>
        <time>2025-07-29T21:10:26Z</time>
      </trkpt>
      <trkpt lat="48.829636909067631" lon="-121.02957629598677">
        <ele>508.67000000000002</ele>
        <time>2025-07-29T21:10:40Z</time>
      </trkpt>
      <trkpt lat="48.829922564327717" lon="-121.02945920079947">
        <ele>508.67000000000002</ele>
        <time>2025-07-29T21:11:08Z</time>
      </trkpt>
      <trkpt lat="48.830190282315016" lon="-121.02927203290164">
        <ele>508.19</ele>
        <time>2025-07-29T21:11:32Z</time>
      </trkpt>
      <trkpt lat="48.830465879291296" lon="-121.02917765267193">
        <ele>508.19</ele>
        <time>2025-07-29T21:11:56Z</time>
      </trkpt>
      <trkpt lat="48.830728735774755" lon="-121.02895863354206">
        <ele>507.70999999999998</ele>
        <time>2025-07-29T21:12:20Z</time>
      </trkpt>
      <trkpt lat="48.830970637500286" lon="-121.02880482561886">
        <ele>507.23000000000002</ele>
        <time>2025-07-29T21:12:41Z</time>
      </trkpt>
      <trkpt lat="48.831200134009123" lon="-121.02867783978581">
        <ele>507.23000000000002</ele>
        <time>2025-07-29T21:13:02Z</time>
      </trkpt>
      <trkpt lat="48.831442622467875" lon="-121.02850626222789">
        <ele>507.23000000000002</ele>
        <time>2025-07-29T21:13:25Z</time>
      </trkpt>
      <trkpt lat="48.831761470064521" lon="-121.02826218120754">
        <ele>507.23000000000002</ele>
        <time>2025-07-29T21:13:55Z</time>
      </trkpt>
      <trkpt lat="48.832042682915926" lon="-121.02814466692507">
        <ele>506.75</ele>
        <time>2025-07-29T21:14:21Z</time>
      </trkpt>
      <trkpt lat="48.832215601578355" lon="-121.02790620177984">
        <ele>506.26999999999998</ele>
        <time>2025-07-29T21:14:41Z</time>
      </trkpt>
      <trkpt lat="48.83244308643043" lon="-121.02771903388202">
        <ele>506.26999999999998</ele>
        <time>2025-07-29T21:15:03Z</time>
      </trkpt>
      <trkpt lat="48.832672163844109" lon="-121.02758509106934">
        <ele>505.79000000000002</ele>
        <time>2025-07-29T21:15:24Z</time>
      </trkpt>
      <trkpt lat="48.832824463024735" lon="-121.02745466865599">
        <ele>505.79000000000002</ele>
        <time>2025-07-29T21:15:40Z</time>
      </trkpt>
      <trkpt lat="48.833058821037412" lon="-121.02736498229206">
        <ele>505.79000000000002</ele>
        <time>2025-07-29T21:16:01Z</time>
      </trkpt>
      <trkpt lat="48.833277672529221" lon="-121.02715820074081">
        <ele>505.31</ele>
        <time>2025-07-29T21:16:23Z</time>
      </trkpt>
      <trkpt lat="48.833500631153584" lon="-121.02700003422797">
        <ele>505.31</ele>
        <time>2025-07-29T21:16:45Z</time>
      </trkpt>
      <trkpt lat="48.833651589229703" lon="-121.02673675864935">
        <ele>505.31</ele>
        <time>2025-07-29T21:17:07Z</time>
      </trkpt>
      <trkpt lat="48.833870273083448" lon="-121.02658923715353">
        <ele>504.82999999999998</ele>
        <time>2025-07-29T21:17:32Z</time>
      </trkpt>
      <trkpt lat="48.834183001890779" lon="-121.02642646059394">
        <ele>504.82999999999998</ele>
        <time>2025-07-29T21:18:00Z</time>
      </trkpt>
      <trkpt lat="48.834388190880418" lon="-121.02631280198693">
        <ele>504.35000000000002</ele>
        <time>2025-07-29T21:18:20Z</time>
      </trkpt>
      <trkpt lat="48.834612909704447" lon="-121.02616159245372">
        <ele>504.35000000000002</ele>
        <time>2025-07-29T21:18:43Z</time>
      </trkpt>
      <trkpt lat="48.834794629365206" lon="-121.02600661106408">
        <ele>504.35000000000002</ele>
        <time>2025-07-29T21:19:01Z</time>
      </trkpt>
      <trkpt lat="48.835085649043322" lon="-121.02588121779263">
        <ele>503.87</ele>
        <time>2025-07-29T21:19:28Z</time>
      </trkpt>
      <trkpt lat="48.835289077833295" lon="-121.02567410096526">
        <ele>503.87</ele>
        <time>2025-07-29T21:19:51Z</time>
      </trkpt>
      <trkpt lat="48.835580516606569" lon="-121.02553320117295">
        <ele>503.38999999999999</ele>
        <time>2025-07-29T21:20:19Z</time>
      </trkpt>
      <trkpt lat="48.835781430825591" lon="-121.02537369355559">
        <ele>503.38999999999999</ele>
        <time>2025-07-29T21:20:40Z</time>
      </trkpt>
      <trkpt lat="48.835987122729421" lon="-121.02516582235694">
        <ele>502.91000000000003</ele>
        <time>2025-07-29T21:21:01Z</time>
      </trkpt>
      <trkpt lat="48.83621871471405" lon="-121.02504537440836">
        <ele>502.91000000000003</ele>
        <time>2025-07-29T21:21:23Z</time>
      </trkpt>
      <trkpt lat="48.836405128240585" lon="-121.02491972967982">
        <ele>502.91000000000003</ele>
        <time>2025-07-29T21:21:41Z</time>
      </trkpt>
      <trkpt lat="48.836644347757101" lon="-121.02477313019335">
        <ele>502.43000000000001</ele>
        <time>2025-07-29T21:22:04Z</time>
      </trkpt>
      <trkpt lat="48.836904522031546" lon="-121.02463616989553">
        <ele>502.91000000000003</ele>
        <time>2025-07-29T21:22:29Z</time>
      </trkpt>
      <trkpt lat="48.837102083489299" lon="-121.02449954487383">
        <ele>502.43000000000001</ele>
        <time>2025-07-29T21:22:48Z</time>
      </trkpt>
      <trkpt lat="48.837342895567417" lon="-121.02436484768987">
        <ele>502.43000000000001</ele>
        <time>2025-07-29T21:23:10Z</time>
      </trkpt>
      <trkpt lat="48.837685380131006" lon="-121.02425001561642">
        <ele>501.94999999999999</ele>
        <time>2025-07-29T21:23:40Z</time>
      </trkpt>
      <trkpt lat="48.837924432009459" lon="-121.02412043139338">
        <ele>501.94999999999999</ele>
        <time>2025-07-29T21:24:02Z</time>
      </trkpt>
      <trkpt lat="48.838176308199763" lon="-121.02399964816868">
        <ele>501.45999999999998</ele>
        <time>2025-07-29T21:24:26Z</time>
      </trkpt>
      <trkpt lat="48.83838870562613" lon="-121.02390468120575">
        <ele>501.45999999999998</ele>
        <time>2025-07-29T21:24:45Z</time>
      </trkpt>
      <trkpt lat="48.838654914870858" lon="-121.02379018440843">
        <ele>501.45999999999998</ele>
        <time>2025-07-29T21:25:09Z</time>
      </trkpt>
      <trkpt lat="48.838840909302235" lon="-121.02369605563581">
        <ele>500.98000000000002</ele>
        <time>2025-07-29T21:25:27Z</time>
      </trkpt>
      <trkpt lat="48.839038973674178" lon="-121.02358742617071">
        <ele>500.98000000000002</ele>
        <time>2025-07-29T21:25:46Z</time>
      </trkpt>
      <trkpt lat="48.839241564273834" lon="-121.02345247752964">
        <ele>500.98000000000002</ele>
        <time>2025-07-29T21:26:04Z</time>
      </trkpt>
      <trkpt lat="48.839415740221739" lon="-121.02329741232097">
        <ele>500.5</ele>
        <time>2025-07-29T21:26:24Z</time>
      </trkpt>
      <trkpt lat="48.839645991101861" lon="-121.02318232879043">
        <ele>500.5</ele>
        <time>2025-07-29T21:26:44Z</time>
      </trkpt>
      <trkpt lat="48.839958384633064" lon="-121.02296900935471">
        <ele>500.01999999999998</ele>
        <time>2025-07-29T21:27:10Z</time>
      </trkpt>
      <trkpt lat="48.840143540874124" lon="-121.02282743901014">
        <ele>500.5</ele>
        <time>2025-07-29T21:27:26Z</time>
      </trkpt>
      <trkpt lat="48.84038326330483" lon="-121.02269785478711">
        <ele>500.01999999999998</ele>
        <time>2025-07-29T21:27:48Z</time>
      </trkpt>
      <trkpt lat="48.84062415920198" lon="-121.0225289594382">
        <ele>500.01999999999998</ele>
        <time>2025-07-29T21:28:09Z</time>
      </trkpt>
      <trkpt lat="48.840738488361239" lon="-121.02242862805724">
        <ele>500.01999999999998</ele>
        <time>2025-07-29T21:28:27Z</time>
      </trkpt>
      <trkpt lat="48.840869078412652" lon="-121.02239317260683">
        <ele>499.54000000000002</ele>
        <time>2025-07-29T21:28:48Z</time>
      </trkpt>
      <trkpt lat="48.841080386191607" lon="-121.02235260419548">
        <ele>500.01999999999998</ele>
        <time>2025-07-29T21:29:09Z</time>
      </trkpt>
      <trkpt lat="48.841281970962882" lon="-121.02231597527862">
        <ele>500.01999999999998</ele>
        <time>2025-07-29T21:29:31Z</time>
      </trkpt>
      <trkpt lat="48.841431671753526" lon="-121.02230784483254">
        <ele>499.54000000000002</ele>
        <time>2025-07-29T21:29:48Z</time>
      </trkpt>
      <trkpt lat="48.841660413891077" lon="-121.02209385484457">
        <ele>500.01999999999998</ele>
        <time>2025-07-29T21:30:10Z</time>
      </trkpt>
      <trkpt lat="48.841736940667033" lon="-121.02209318429232">
        <ele>500.01999999999998</ele>
        <time>2025-07-29T21:30:19Z</time>
      </trkpt>
      <trkpt lat="48.841990074142814" lon="-121.02212185040116">
        <ele>500.01999999999998</ele>
        <time>2025-07-29T21:30:41Z</time>
      </trkpt>
      <trkpt lat="48.842224180698395" lon="-121.02211221121252">
        <ele>500.01999999999998</ele>
        <time>2025-07-29T21:30:59Z</time>
      </trkpt>
      <trkpt lat="48.842460131272674" lon="-121.02202629670501">
        <ele>499.54000000000002</ele>
        <time>2025-07-29T21:31:17Z</time>
      </trkpt>
      <trkpt lat="48.842753162607551" lon="-121.02207164280117">
        <ele>499.54000000000002</ele>
        <time>2025-07-29T21:31:41Z</time>
      </trkpt>
      <trkpt lat="48.843018617480993" lon="-121.02207977324724">
        <ele>499.54000000000002</ele>
        <time>2025-07-29T21:32:05Z</time>
      </trkpt>
      <trkpt lat="48.843249790370464" lon="-121.02197533473372">
        <ele>499.06</ele>
        <time>2025-07-29T21:32:24Z</time>
      </trkpt>
      <trkpt lat="48.843560004606843" lon="-121.02189805358648">
        <ele>499.06</ele>
        <time>2025-07-29T21:32:49Z</time>
      </trkpt>
      <trkpt lat="48.843837948516011" lon="-121.02192353457212">
        <ele>499.06</ele>
        <time>2025-07-29T21:33:11Z</time>
      </trkpt>
      <trkpt lat="48.844060907140374" lon="-121.02183552458882">
        <ele>499.06</ele>
        <time>2025-07-29T21:33:31Z</time>
      </trkpt>
      <trkpt lat="48.844314543530345" lon="-121.02174927480519">
        <ele>498.57999999999998</ele>
        <time>2025-07-29T21:33:51Z</time>
      </trkpt>
      <trkpt lat="48.844609167426825" lon="-121.0216570738703">
        <ele>498.57999999999998</ele>
        <time>2025-07-29T21:34:14Z</time>
      </trkpt>
      <trkpt lat="48.844875125214458" lon="-121.02155489847064">
        <ele>498.57999999999998</ele>
        <time>2025-07-29T21:34:35Z</time>
      </trkpt>
      <trkpt lat="48.845101101323962" lon="-121.02145180106163">
        <ele>498.57999999999998</ele>
        <time>2025-07-29T21:34:52Z</time>
      </trkpt>
      <trkpt lat="48.845433946698904" lon="-121.02142833173275">
        <ele>498.10000000000002</ele>
        <time>2025-07-29T21:35:19Z</time>
      </trkpt>
      <trkpt lat="48.845709543675184" lon="-121.02136798202991">
        <ele>498.10000000000002</ele>
        <time>2025-07-29T21:35:41Z</time>
      </trkpt>
      <trkpt lat="48.846006011590362" lon="-121.0213084705174">
        <ele>498.10000000000002</ele>
        <time>2025-07-29T21:36:05Z</time>
      </trkpt>
      <trkpt lat="48.846219163388014" lon="-121.02124309167266">
        <ele>498.10000000000002</ele>
        <time>2025-07-29T21:36:22Z</time>
      </trkpt>
      <trkpt lat="48.846490234136581" lon="-121.02113412693143">
        <ele>497.62</ele>
        <time>2025-07-29T21:36:43Z</time>
      </trkpt>
      <trkpt lat="48.84677798487246" lon="-121.02107805199921">
        <ele>497.62</ele>
        <time>2025-07-29T21:37:07Z</time>
      </trkpt>
      <trkpt lat="48.847022820264101" lon="-121.02094913832843">
        <ele>497.62</ele>
        <time>2025-07-29T21:37:28Z</time>
      </trkpt>
      <trkpt lat="48.847267404198647" lon="-121.02091024629772">
        <ele>497.13999999999999</ele>
        <time>2025-07-29T21:37:48Z</time>
      </trkpt>
      <trkpt lat="48.847518106922507" lon="-121.0208504833281">
        <ele>497.13999999999999</ele>
        <time>2025-07-29T21:38:08Z</time>
      </trkpt>
      <trkpt lat="48.847730671986938" lon="-121.02072961628437">
        <ele>497.13999999999999</ele>
        <time>2025-07-29T21:38:27Z</time>
      </trkpt>
      <trkpt lat="48.848029151558876" lon="-121.02064420469105">
        <ele>496.66000000000003</ele>
        <time>2025-07-29T21:38:51Z</time>
      </trkpt>
      <trkpt lat="48.848314052447677" lon="-121.02056943811476">
        <ele>496.66000000000003</ele>
        <time>2025-07-29T21:39:14Z</time>
      </trkpt>
      <trkpt lat="48.848604988306761" lon="-121.02051512338221">
        <ele>497.13999999999999</ele>
        <time>2025-07-29T21:39:38Z</time>
      </trkpt>
      <trkpt lat="48.848806824535131" lon="-121.02042342536151">
        <ele>496.66000000000003</ele>
        <time>2025-07-29T21:39:57Z</time>
      </trkpt>
      <trkpt lat="48.849054677411914" lon="-121.02037749253213">
        <ele>496.66000000000003</ele>
        <time>2025-07-29T21:40:21Z</time>
      </trkpt>
      <trkpt lat="48.849177556112409" lon="-121.02027162909508">
        <ele>496.66000000000003</ele>
        <time>2025-07-29T21:40:34Z</time>
      </trkpt>
      <trkpt lat="48.849524902179837" lon="-121.02007985115051">
        <ele>496.66000000000003</ele>
        <time>2025-07-29T21:41:04Z</time>
      </trkpt>
      <trkpt lat="48.849803265184164" lon="-121.0200272127986">
        <ele>496.66000000000003</ele>
        <time>2025-07-29T21:41:26Z</time>
      </trkpt>
      <trkpt lat="48.850078023970127" lon="-121.01985010318458">
        <ele>496.18000000000001</ele>
        <time>2025-07-29T21:41:50Z</time>
      </trkpt>
      <trkpt lat="48.850391423329711" lon="-121.0198268853128">
        <ele>496.18000000000001</ele>
        <time>2025-07-29T21:42:15Z</time>
      </trkpt>
      <trkpt lat="48.850702475756407" lon="-121.0198007337749">
        <ele>496.18000000000001</ele>
        <time>2025-07-29T21:42:41Z</time>
      </trkpt>
      <trkpt lat="48.850988885387778" lon="-121.01973711512983">
        <ele>495.69999999999999</ele>
        <time>2025-07-29T21:43:07Z</time>
      </trkpt>
      <trkpt lat="48.851171275600791" lon="-121.01974843069911">
        <ele>495.69999999999999</ele>
        <time>2025-07-29T21:43:33Z</time>
      </trkpt>
      <trkpt lat="48.851438658311963" lon="-121.01974759250879">
        <ele>495.69999999999999</ele>
        <time>2025-07-29T21:43:57Z</time>
      </trkpt>
      <trkpt lat="48.851726492866874" lon="-121.01971230469644">
        <ele>495.69999999999999</ele>
        <time>2025-07-29T21:44:23Z</time>
      </trkpt>
      <trkpt lat="48.852025307714939" lon="-121.0196141526103">
        <ele>495.22000000000003</ele>
        <time>2025-07-29T21:44:48Z</time>
      </trkpt>
      <trkpt lat="48.852378353476524" lon="-121.01949797943234">
        <ele>495.22000000000003</ele>
        <time>2025-07-29T21:45:16Z</time>
      </trkpt>
      <trkpt lat="48.852694351226091" lon="-121.01947316899896">
        <ele>496.18000000000001</ele>
        <time>2025-07-29T21:45:40Z</time>
      </trkpt>
      <trkpt lat="48.853010097518563" lon="-121.01943838410079">
        <ele>495.69999999999999</ele>
        <time>2025-07-29T21:46:04Z</time>
      </trkpt>
      <trkpt lat="48.853311175480485" lon="-121.01949328556657">
        <ele>495.69999999999999</ele>
        <time>2025-07-29T21:46:29Z</time>
      </trkpt>
      <trkpt lat="48.853608565405011" lon="-121.0195073671639">
        <ele>494.25999999999999</ele>
        <time>2025-07-29T21:46:52Z</time>
      </trkpt>
      <trkpt lat="48.853901848196983" lon="-121.01949395611882">
        <ele>495.22000000000003</ele>
        <time>2025-07-29T21:47:15Z</time>
      </trkpt>
      <trkpt lat="48.85416068136692" lon="-121.01963971741498">
        <ele>495.22000000000003</ele>
        <time>2025-07-29T21:47:39Z</time>
      </trkpt>
      <trkpt lat="48.854390932247043" lon="-121.01980685256422">
        <ele>495.22000000000003</ele>
        <time>2025-07-29T21:48:02Z</time>
      </trkpt>
      <trkpt lat="48.854702990502119" lon="-121.01983174681664">
        <ele>495.22000000000003</ele>
        <time>2025-07-29T21:48:27Z</time>
      </trkpt>
      <trkpt lat="48.855041535571218" lon="-121.01983912289143">
        <ele>494.74000000000001</ele>
        <time>2025-07-29T21:48:53Z</time>
      </trkpt>
      <trkpt lat="48.85536759160459" lon="-121.01989888586104">
        <ele>494.74000000000001</ele>
        <time>2025-07-29T21:49:20Z</time>
      </trkpt>
      <trkpt lat="48.855624329298735" lon="-121.0196921043098">
        <ele>494.74000000000001</ele>
        <time>2025-07-29T21:49:47Z</time>
      </trkpt>
      <trkpt lat="48.855833541601896" lon="-121.01975899189711">
        <ele>494.25999999999999</ele>
        <time>2025-07-29T21:50:13Z</time>
      </trkpt>
      <trkpt lat="48.856004113331437" lon="-121.01960459724069">
        <ele>494.25999999999999</ele>
        <time>2025-07-29T21:50:45Z</time>
      </trkpt>
      <trkpt lat="48.856018362566829" lon="-121.0195520427078">
        <ele>494.74000000000001</ele>
        <time>2025-07-29T21:51:04Z</time>
      </trkpt>
      <trkpt lat="48.856014339253306" lon="-121.01953662000597">
        <ele>493.76999999999998</ele>
        <time>2025-07-29T21:51:30Z</time>
      </trkpt>
      <trkpt lat="48.856009896844625" lon="-121.01954760029912">
        <ele>493.76999999999998</ele>
        <time>2025-07-29T21:51:56Z</time>
      </trkpt>
      <trkpt lat="48.856010735034943" lon="-121.01954986341298">
        <ele>493.29000000000002</ele>
        <time>2025-07-29T21:52:32Z</time>
      </trkpt>
      <trkpt lat="48.856010902673006" lon="-121.0195557307452">
        <ele>494.74000000000001</ele>
        <time>2025-07-29T21:53:01Z</time>
      </trkpt>
      <trkpt lat="48.856010902673006" lon="-121.01956444792449">
        <ele>494.74000000000001</ele>
        <time>2025-07-29T21:53:36Z</time>
      </trkpt>
      <trkpt lat="48.856012411415577" lon="-121.01956771686673">
        <ele>494.74000000000001</ele>
        <time>2025-07-29T21:53:48Z</time>
      </trkpt>
      <trkpt lat="48.856009729206562" lon="-121.01952312514186">
        <ele>494.74000000000001</ele>
        <time>2025-07-29T21:54:18Z</time>
      </trkpt>
      <trkpt lat="48.855997743085027" lon="-121.01955941878259">
        <ele>494.74000000000001</ele>
        <time>2025-07-29T21:54:47Z</time>
      </trkpt>
      <trkpt lat="48.856032276526093" lon="-121.01957718841732">
        <ele>493.76999999999998</ele>
        <time>2025-07-29T21:55:24Z</time>
      </trkpt>
      <trkpt lat="48.856038982048631" lon="-121.01955715566874">
        <ele>493.76999999999998</ele>
        <time>2025-07-29T21:55:48Z</time>
      </trkpt>
      <trkpt lat="48.855698928236961" lon="-121.01975178346038">
        <ele>508.58203125</ele>
      </trkpt>
    </trkseg>
  </trk>

  <trk>
    <name>Day 3 - Day Tour</name>
    <extensions>
      <gpxx:TrackExtension>
        <gpxx:DisplayColor>Yellow</gpxx:DisplayColor>
      </gpxx:TrackExtension>
    </extensions>
    <trkseg>
      <trkpt lat="48.856005370616913" lon="-121.01964181289077">
        <ele>491.37</ele>
        <time>2025-07-30T17:58:53Z</time>
      </trkpt>
      <trkpt lat="48.855987014248967" lon="-121.01963837631047">
        <ele>491.37</ele>
        <time>2025-07-30T17:59:24Z</time>
      </trkpt>
      <trkpt lat="48.855979302898049" lon="-121.01963913068175">
        <ele>491.37</ele>
        <time>2025-07-30T17:59:38Z</time>
      </trkpt>
      <trkpt lat="48.855931106954813" lon="-121.01974658668041">
        <ele>490.88999999999999</ele>
        <time>2025-07-30T18:00:00Z</time>
      </trkpt>
      <trkpt lat="48.85603990405798" lon="-121.01991858333349">
        <ele>490.88999999999999</ele>
        <time>2025-07-30T18:00:19Z</time>
      </trkpt>
      <trkpt lat="48.856271244585514" lon="-121.0201805178076">
        <ele>490.88999999999999</ele>
        <time>2025-07-30T18:00:42Z</time>
      </trkpt>
      <trkpt lat="48.856475511565804" lon="-121.02045494131744">
        <ele>491.37</ele>
        <time>2025-07-30T18:01:04Z</time>
      </trkpt>
      <trkpt lat="48.856688914820552" lon="-121.02079792879522">
        <ele>491.37</ele>
        <time>2025-07-30T18:01:29Z</time>
      </trkpt>
      <trkpt lat="48.856950094923377" lon="-121.02105583995581">
        <ele>491.37</ele>
        <time>2025-07-30T18:01:52Z</time>
      </trkpt>
      <trkpt lat="48.857158720493317" lon="-121.0213930439204">
        <ele>491.37</ele>
        <time>2025-07-30T18:02:15Z</time>
      </trkpt>
      <trkpt lat="48.857358628883958" lon="-121.02165481075644">
        <ele>491.37</ele>
        <time>2025-07-30T18:02:34Z</time>
      </trkpt>
      <trkpt lat="48.857606984674931" lon="-121.02193493396044">
        <ele>491.37</ele>
        <time>2025-07-30T18:02:58Z</time>
      </trkpt>
      <trkpt lat="48.857818460091949" lon="-121.02222193032503">
        <ele>491.37</ele>
        <time>2025-07-30T18:03:20Z</time>
      </trkpt>
      <trkpt lat="48.857981655746698" lon="-121.02240700274706">
        <ele>491.37</ele>
        <time>2025-07-30T18:03:36Z</time>
      </trkpt>
      <trkpt lat="48.858230598270893" lon="-121.02266793139279">
        <ele>491.37</ele>
        <time>2025-07-30T18:03:58Z</time>
      </trkpt>
      <trkpt lat="48.858539219945669" lon="-121.02289390750229">
        <ele>491.37</ele>
        <time>2025-07-30T18:04:22Z</time>
      </trkpt>
      <trkpt lat="48.858830155804753" lon="-121.02300882339478">
        <ele>491.37</ele>
        <time>2025-07-30T18:04:45Z</time>
      </trkpt>
      <trkpt lat="48.859076835215092" lon="-121.02316430769861">
        <ele>491.37</ele>
        <time>2025-07-30T18:05:08Z</time>
      </trkpt>
      <trkpt lat="48.859355701133609" lon="-121.02312407456338">
        <ele>491.37</ele>
        <time>2025-07-30T18:05:30Z</time>
      </trkpt>
      <trkpt lat="48.859653426334262" lon="-121.02307453751564">
        <ele>490.88999999999999</ele>
        <time>2025-07-30T18:05:52Z</time>
      </trkpt>
      <trkpt lat="48.859949223697186" lon="-121.02311284281313">
        <ele>490.88999999999999</ele>
        <time>2025-07-30T18:06:13Z</time>
      </trkpt>
      <trkpt lat="48.86027880012989" lon="-121.02302206680179">
        <ele>490.88999999999999</ele>
        <time>2025-07-30T18:06:39Z</time>
      </trkpt>
      <trkpt lat="48.860607203096151" lon="-121.02292475290596">
        <ele>490.88999999999999</ele>
        <time>2025-07-30T18:07:05Z</time>
      </trkpt>
      <trkpt lat="48.860861342400312" lon="-121.02285786531866">
        <ele>490.88999999999999</ele>
        <time>2025-07-30T18:07:25Z</time>
      </trkpt>
      <trkpt lat="48.86115001514554" lon="-121.02276935242116">
        <ele>490.88999999999999</ele>
        <time>2025-07-30T18:07:46Z</time>
      </trkpt>
      <trkpt lat="48.861439609900117" lon="-121.02268285118043">
        <ele>490.88999999999999</ele>
        <time>2025-07-30T18:08:08Z</time>
      </trkpt>
      <trkpt lat="48.861725935712457" lon="-121.02260984480381">
        <ele>490.88999999999999</ele>
        <time>2025-07-30T18:08:29Z</time>
      </trkpt>
      <trkpt lat="48.862023409456015" lon="-121.02252376265824">
        <ele>490.88999999999999</ele>
        <time>2025-07-30T18:08:52Z</time>
      </trkpt>
      <trkpt lat="48.862318703904748" lon="-121.02251554839313">
        <ele>490.88999999999999</ele>
        <time>2025-07-30T18:09:15Z</time>
      </trkpt>
      <trkpt lat="48.862601593136787" lon="-121.02242225781083">
        <ele>491.37</ele>
        <time>2025-07-30T18:09:38Z</time>
      </trkpt>
      <trkpt lat="48.862886661663651" lon="-121.02225705049932">
        <ele>491.37</ele>
        <time>2025-07-30T18:10:02Z</time>
      </trkpt>
      <trkpt lat="48.863162761554122" lon="-121.02223844267428">
        <ele>491.37</ele>
        <time>2025-07-30T18:10:24Z</time>
      </trkpt>
      <trkpt lat="48.863456966355443" lon="-121.02219301275909">
        <ele>491.37</ele>
        <time>2025-07-30T18:10:45Z</time>
      </trkpt>
      <trkpt lat="48.863744046539068" lon="-121.02211967110634">
        <ele>490.88999999999999</ele>
        <time>2025-07-30T18:11:08Z</time>
      </trkpt>
      <trkpt lat="48.863963149487972" lon="-121.02200509048998">
        <ele>490.88999999999999</ele>
        <time>2025-07-30T18:11:28Z</time>
      </trkpt>
      <trkpt lat="48.864290630444884" lon="-121.02195479907095">
        <ele>491.37</ele>
        <time>2025-07-30T18:11:53Z</time>
      </trkpt>
      <trkpt lat="48.864581817761064" lon="-121.02184507995844">
        <ele>491.37</ele>
        <time>2025-07-30T18:12:14Z</time>
      </trkpt>
      <trkpt lat="48.864913741126657" lon="-121.02176511660218">
        <ele>491.37</ele>
        <time>2025-07-30T18:12:37Z</time>
      </trkpt>
      <trkpt lat="48.865191852673888" lon="-121.02177836000919">
        <ele>491.37</ele>
        <time>2025-07-30T18:12:56Z</time>
      </trkpt>
      <trkpt lat="48.865429144352674" lon="-121.0217432398349">
        <ele>491.37</ele>
        <time>2025-07-30T18:13:13Z</time>
      </trkpt>
      <trkpt lat="48.865713961422443" lon="-121.021648356691">
        <ele>491.37</ele>
        <time>2025-07-30T18:13:33Z</time>
      </trkpt>
      <trkpt lat="48.865970363840461" lon="-121.02162069641054">
        <ele>491.37</ele>
        <time>2025-07-30T18:13:52Z</time>
      </trkpt>
      <trkpt lat="48.866267669945955" lon="-121.02155473083258">
        <ele>491.37</ele>
        <time>2025-07-30T18:14:16Z</time>
      </trkpt>
      <trkpt lat="48.866590792313218" lon="-121.02148155681789">
        <ele>491.37</ele>
        <time>2025-07-30T18:14:40Z</time>
      </trkpt>
      <trkpt lat="48.866834286600351" lon="-121.02137678302824">
        <ele>491.37</ele>
        <time>2025-07-30T18:14:59Z</time>
      </trkpt>
      <trkpt lat="48.867123797535896" lon="-121.0213169362396">
        <ele>491.37</ele>
        <time>2025-07-30T18:15:20Z</time>
      </trkpt>
      <trkpt lat="48.867395957931876" lon="-121.02121601812541">
        <ele>491.37</ele>
        <time>2025-07-30T18:15:40Z</time>
      </trkpt>
      <trkpt lat="48.867764007300138" lon="-121.02113605476916">
        <ele>491.37</ele>
        <time>2025-07-30T18:16:06Z</time>
      </trkpt>
      <trkpt lat="48.868081597611308" lon="-121.02105315774679">
        <ele>491.37</ele>
        <time>2025-07-30T18:16:30Z</time>
      </trkpt>
      <trkpt lat="48.868387788534164" lon="-121.02097470313311">
        <ele>491.85000000000002</ele>
        <time>2025-07-30T18:16:53Z</time>
      </trkpt>
      <trkpt lat="48.868693979457021" lon="-121.02088334038854">
        <ele>491.85000000000002</ele>
        <time>2025-07-30T18:17:17Z</time>
      </trkpt>
      <trkpt lat="48.868995727971196" lon="-121.0208229906857">
        <ele>491.85000000000002</ele>
        <time>2025-07-30T18:17:38Z</time>
      </trkpt>
      <trkpt lat="48.869280042126775" lon="-121.02064051665366">
        <ele>491.37</ele>
        <time>2025-07-30T18:18:02Z</time>
      </trkpt>
      <trkpt lat="48.869576845318079" lon="-121.0205589607358">
        <ele>491.37</ele>
        <time>2025-07-30T18:18:24Z</time>
      </trkpt>
      <trkpt lat="48.869856549426913" lon="-121.02046550251544">
        <ele>491.37</ele>
        <time>2025-07-30T18:18:46Z</time>
      </trkpt>
      <trkpt lat="48.870107252150774" lon="-121.02044312283397">
        <ele>491.37</ele>
        <time>2025-07-30T18:19:04Z</time>
      </trkpt>
      <trkpt lat="48.870363906025887" lon="-121.02035796269774">
        <ele>491.37</ele>
        <time>2025-07-30T18:19:24Z</time>
      </trkpt>
      <trkpt lat="48.870646627619863" lon="-121.02031077258289">
        <ele>491.37</ele>
        <time>2025-07-30T18:19:45Z</time>
      </trkpt>
      <trkpt lat="48.870940497145057" lon="-121.02018311619759">
        <ele>491.37</ele>
        <time>2025-07-30T18:20:08Z</time>
      </trkpt>
      <trkpt lat="48.871199246495962" lon="-121.02027079090476">
        <ele>491.37</ele>
        <time>2025-07-30T18:20:29Z</time>
      </trkpt>
      <trkpt lat="48.871483895927668" lon="-121.02021739818156">
        <ele>491.37</ele>
        <time>2025-07-30T18:20:50Z</time>
      </trkpt>
      <trkpt lat="48.8717723172158" lon="-121.02012519724667">
        <ele>491.37</ele>
        <time>2025-07-30T18:21:11Z</time>
      </trkpt>
      <trkpt lat="48.872078508138657" lon="-121.02001547813416">
        <ele>491.37</ele>
        <time>2025-07-30T18:21:34Z</time>
      </trkpt>
      <trkpt lat="48.872304651886225" lon="-121.01993375457823">
        <ele>491.37</ele>
        <time>2025-07-30T18:21:53Z</time>
      </trkpt>
      <trkpt lat="48.872567089274526" lon="-121.01979486644268">
        <ele>490.88999999999999</ele>
        <time>2025-07-30T18:22:14Z</time>
      </trkpt>
      <trkpt lat="48.872826173901558" lon="-121.01955262944102">
        <ele>490.88999999999999</ele>
        <time>2025-07-30T18:22:37Z</time>
      </trkpt>
      <trkpt lat="48.873043349012733" lon="-121.01947199553251">
        <ele>490.88999999999999</ele>
        <time>2025-07-30T18:22:55Z</time>
      </trkpt>
      <trkpt lat="48.873255327343941" lon="-121.01931458339095">
        <ele>490.88999999999999</ele>
        <time>2025-07-30T18:23:13Z</time>
      </trkpt>
      <trkpt lat="48.87355238199234" lon="-121.01908131502569">
        <ele>491.37</ele>
        <time>2025-07-30T18:23:38Z</time>
      </trkpt>
      <trkpt lat="48.873799229040742" lon="-121.01884972304106">
        <ele>491.37</ele>
        <time>2025-07-30T18:24:01Z</time>
      </trkpt>
      <trkpt lat="48.874003998935223" lon="-121.01869138889015">
        <ele>491.37</ele>
        <time>2025-07-30T18:24:25Z</time>
      </trkpt>
      <trkpt lat="48.874071054160595" lon="-121.01861787959933">
        <ele>491.37</ele>
        <time>2025-07-30T18:24:34Z</time>
      </trkpt>
      <trkpt lat="48.87423986569047" lon="-121.01838880218565">
        <ele>490.88999999999999</ele>
        <time>2025-07-30T18:25:01Z</time>
      </trkpt>
      <trkpt lat="48.874379089102149" lon="-121.01824756711721">
        <ele>490.88999999999999</ele>
        <time>2025-07-30T18:25:28Z</time>
      </trkpt>
      <trkpt lat="48.874455615878105" lon="-121.01814396679401">
        <ele>490.88999999999999</ele>
        <time>2025-07-30T18:25:54Z</time>
      </trkpt>
      <trkpt lat="48.874469613656402" lon="-121.0181135404855">
        <ele>490.88999999999999</ele>
        <time>2025-07-30T18:26:23Z</time>
      </trkpt>
      <trkpt lat="48.874470535665751" lon="-121.01807498373091">
        <ele>491.37</ele>
        <time>2025-07-30T18:26:54Z</time>
      </trkpt>
      <trkpt lat="48.874481851235032" lon="-121.01800549775362">
        <ele>490.88999999999999</ele>
        <time>2025-07-30T18:27:22Z</time>
      </trkpt>
      <trkpt lat="48.874510684981942" lon="-121.01799502037466">
        <ele>490.88999999999999</ele>
        <time>2025-07-30T18:27:48Z</time>
      </trkpt>
      <trkpt lat="48.87453499250114" lon="-121.01799921132624">
        <ele>490.88999999999999</ele>
        <time>2025-07-30T18:28:15Z</time>
      </trkpt>
      <trkpt lat="48.874571872875094" lon="-121.0180133767426">
        <ele>490.88999999999999</ele>
        <time>2025-07-30T18:28:40Z</time>
      </trkpt>
      <trkpt lat="48.874580254778266" lon="-121.01801404729486">
        <ele>492.32999999999998</ele>
        <time>2025-07-30T18:28:42Z</time>
      </trkpt>
      <trkpt lat="48.874623086303473" lon="-121.0180046595633">
        <ele>488.97000000000003</ele>
        <time>2025-07-30T18:29:08Z</time>
      </trkpt>
      <trkpt lat="48.874624175950885" lon="-121.01800507865846">
        <ele>488.97000000000003</ele>
        <time>2025-07-30T18:29:09Z</time>
      </trkpt>
      <trkpt lat="48.874624762684107" lon="-121.01799384690821">
        <ele>491.85000000000002</ele>
        <time>2025-07-30T18:29:14Z</time>
      </trkpt>
      <trkpt lat="48.874629708006978" lon="-121.01799124851823">
        <ele>488.97000000000003</ele>
        <time>2025-07-30T18:29:16Z</time>
      </trkpt>
      <trkpt lat="48.874631216749549" lon="-121.01798915304244">
        <ele>492.81</ele>
        <time>2025-07-30T18:29:17Z</time>
      </trkpt>
      <trkpt lat="48.874633396044374" lon="-121.01798722520471">
        <ele>489.44999999999999</ele>
        <time>2025-07-30T18:29:18Z</time>
      </trkpt>
      <trkpt lat="48.874638173729181" lon="-121.0179808549583">
        <ele>492.81</ele>
        <time>2025-07-30T18:29:20Z</time>
      </trkpt>
      <trkpt lat="48.874643538147211" lon="-121.01796710863709">
        <ele>490.88999999999999</ele>
        <time>2025-07-30T18:29:23Z</time>
      </trkpt>
      <trkpt lat="48.87463616207242" lon="-121.01800608448684">
        <ele>490.88999999999999</ele>
        <time>2025-07-30T18:29:48Z</time>
      </trkpt>
      <trkpt lat="48.874657787382603" lon="-121.01814136840403">
        <ele>490.88999999999999</ele>
        <time>2025-07-30T18:30:16Z</time>
      </trkpt>
      <trkpt lat="48.874663738533854" lon="-121.01819199509919">
        <ele>490.88999999999999</ele>
        <time>2025-07-30T18:30:43Z</time>
      </trkpt>
      <trkpt lat="48.874709252268076" lon="-121.01818042807281">
        <ele>490.88999999999999</ele>
        <time>2025-07-30T18:31:15Z</time>
      </trkpt>
      <trkpt lat="48.874709587544203" lon="-121.01809434592724">
        <ele>490.88999999999999</ele>
        <time>2025-07-30T18:31:39Z</time>
      </trkpt>
      <trkpt lat="48.874687375500798" lon="-121.01799485273659">
        <ele>490.88999999999999</ele>
        <time>2025-07-30T18:32:05Z</time>
      </trkpt>
      <trkpt lat="48.874696847051382" lon="-121.01790575310588">
        <ele>490.88999999999999</ele>
        <time>2025-07-30T18:32:30Z</time>
      </trkpt>
      <trkpt lat="48.874683519825339" lon="-121.01780097931623">
        <ele>490.41000000000003</ele>
        <time>2025-07-30T18:32:59Z</time>
      </trkpt>
      <trkpt lat="48.874705228954554" lon="-121.01765647530556">
        <ele>490.41000000000003</ele>
        <time>2025-07-30T18:33:27Z</time>
      </trkpt>
      <trkpt lat="48.874772619456053" lon="-121.01762135513127">
        <ele>490.41000000000003</ele>
        <time>2025-07-30T18:33:53Z</time>
      </trkpt>
      <trkpt lat="48.874827437102795" lon="-121.0176526196301">
        <ele>490.41000000000003</ele>
        <time>2025-07-30T18:34:20Z</time>
      </trkpt>
      <trkpt lat="48.874874208122492" lon="-121.01774306036532">
        <ele>491.37</ele>
        <time>2025-07-30T18:34:44Z</time>
      </trkpt>
      <trkpt lat="48.874872364103794" lon="-121.01790265180171">
        <ele>491.37</ele>
        <time>2025-07-30T18:35:07Z</time>
      </trkpt>
      <trkpt lat="48.874867670238018" lon="-121.0179946012795">
        <ele>490.88999999999999</ele>
        <time>2025-07-30T18:35:30Z</time>
      </trkpt>
      <trkpt lat="48.874800866469741" lon="-121.01809493266046">
        <ele>490.88999999999999</ele>
        <time>2025-07-30T18:35:56Z</time>
      </trkpt>
      <trkpt lat="48.874757532030344" lon="-121.01819266565144">
        <ele>490.88999999999999</ele>
        <time>2025-07-30T18:36:25Z</time>
      </trkpt>
      <trkpt lat="48.874763147905469" lon="-121.0182036459446">
        <ele>490.88999999999999</ele>
        <time>2025-07-30T18:36:51Z</time>
      </trkpt>
      <trkpt lat="48.874786198139191" lon="-121.01817280054092">
        <ele>490.41000000000003</ele>
        <time>2025-07-30T18:37:16Z</time>
      </trkpt>
      <trkpt lat="48.874691314995289" lon="-121.01825687102973">
        <ele>490.41000000000003</ele>
        <time>2025-07-30T18:37:45Z</time>
      </trkpt>
      <trkpt lat="48.87465912848711" lon="-121.01828570477664">
        <ele>490.41000000000003</ele>
        <time>2025-07-30T18:38:13Z</time>
      </trkpt>
      <trkpt lat="48.874671785160899" lon="-121.01827329955995">
        <ele>490.88999999999999</ele>
        <time>2025-07-30T18:38:38Z</time>
      </trkpt>
      <trkpt lat="48.87466692365706" lon="-121.01816928014159">
        <ele>490.88999999999999</ele>
        <time>2025-07-30T18:39:04Z</time>
      </trkpt>
      <trkpt lat="48.874653428792953" lon="-121.01810918189585">
        <ele>490.41000000000003</ele>
        <time>2025-07-30T18:39:30Z</time>
      </trkpt>
      <trkpt lat="48.874706234782934" lon="-121.01814715191722">
        <ele>490.41000000000003</ele>
        <time>2025-07-30T18:39:53Z</time>
      </trkpt>
      <trkpt lat="48.874720735475421" lon="-121.01813323795795">
        <ele>490.41000000000003</ele>
        <time>2025-07-30T18:40:20Z</time>
      </trkpt>
      <trkpt lat="48.874751329421997" lon="-121.01811781525612">
        <ele>489.93000000000001</ele>
        <time>2025-07-30T18:40:46Z</time>
      </trkpt>
      <trkpt lat="48.874775134027004" lon="-121.0181410331279">
        <ele>489.93000000000001</ele>
        <time>2025-07-30T18:41:14Z</time>
      </trkpt>
      <trkpt lat="48.874694583937526" lon="-121.01819752715528">
        <ele>489.93000000000001</ele>
        <time>2025-07-30T18:41:42Z</time>
      </trkpt>
      <trkpt lat="48.87468452565372" lon="-121.01823256351054">
        <ele>489.93000000000001</ele>
        <time>2025-07-30T18:42:05Z</time>
      </trkpt>
      <trkpt lat="48.874728279188275" lon="-121.01817891933024">
        <ele>489.44999999999999</ele>
        <time>2025-07-30T18:42:26Z</time>
      </trkpt>
      <trkpt lat="48.874716544523835" lon="-121.01819442585111">
        <ele>489.44999999999999</ele>
        <time>2025-07-30T18:42:54Z</time>
      </trkpt>
      <trkpt lat="48.87471335940063" lon="-121.01823046803474">
        <ele>489.44999999999999</ele>
        <time>2025-07-30T18:43:18Z</time>
      </trkpt>
      <trkpt lat="48.874731883406639" lon="-121.01823390461504">
        <ele>489.93000000000001</ele>
        <time>2025-07-30T18:43:42Z</time>
      </trkpt>
      <trkpt lat="48.874732637777925" lon="-121.01821001619101">
        <ele>489.93000000000001</ele>
        <time>2025-07-30T18:44:08Z</time>
      </trkpt>
      <trkpt lat="48.874749401584268" lon="-121.01818319410086">
        <ele>489.44999999999999</ele>
        <time>2025-07-30T18:44:34Z</time>
      </trkpt>
      <trkpt lat="48.874761220067739" lon="-121.01818587630987">
        <ele>489.44999999999999</ele>
        <time>2025-07-30T18:44:56Z</time>
      </trkpt>
      <trkpt lat="48.874771865084767" lon="-121.018106918782">
        <ele>489.44999999999999</ele>
        <time>2025-07-30T18:45:23Z</time>
      </trkpt>
      <trkpt lat="48.87482819147408" lon="-121.01803835481405">
        <ele>489.93000000000001</ele>
        <time>2025-07-30T18:45:50Z</time>
      </trkpt>
      <trkpt lat="48.874803297221661" lon="-121.01810314692557">
        <ele>489.93000000000001</ele>
        <time>2025-07-30T18:46:15Z</time>
      </trkpt>
      <trkpt lat="48.874752419069409" lon="-121.01815218105912">
        <ele>489.44999999999999</ele>
        <time>2025-07-30T18:46:37Z</time>
      </trkpt>
      <trkpt lat="48.874765243381262" lon="-121.01811018772423">
        <ele>489.44999999999999</ele>
        <time>2025-07-30T18:47:01Z</time>
      </trkpt>
      <trkpt lat="48.874802459031343" lon="-121.01804656907916">
        <ele>489.44999999999999</ele>
        <time>2025-07-30T18:47:28Z</time>
      </trkpt>
      <trkpt lat="48.874795753508806" lon="-121.01812292821705">
        <ele>489.44999999999999</ele>
        <time>2025-07-30T18:47:54Z</time>
      </trkpt>
      <trkpt lat="48.874750239774585" lon="-121.01821680553257">
        <ele>489.93000000000001</ele>
        <time>2025-07-30T18:48:18Z</time>
      </trkpt>
      <trkpt lat="48.874730374664068" lon="-121.01817305199802">
        <ele>489.93000000000001</ele>
        <time>2025-07-30T18:48:41Z</time>
      </trkpt>
      <trkpt lat="48.874678825959563" lon="-121.01813424378633">
        <ele>489.44999999999999</ele>
        <time>2025-07-30T18:49:06Z</time>
      </trkpt>
      <trkpt lat="48.874723166227341" lon="-121.01817573420703">
        <ele>489.44999999999999</ele>
        <time>2025-07-30T18:49:31Z</time>
      </trkpt>
      <trkpt lat="48.874725177884102" lon="-121.01820699870586">
        <ele>489.44999999999999</ele>
        <time>2025-07-30T18:49:51Z</time>
      </trkpt>
      <trkpt lat="48.874719813466072" lon="-121.0181949287653">
        <ele>489.44999999999999</ele>
        <time>2025-07-30T18:50:15Z</time>
      </trkpt>
      <trkpt lat="48.874726435169578" lon="-121.01820247247815">
        <ele>489.44999999999999</ele>
        <time>2025-07-30T18:50:36Z</time>
      </trkpt>
      <trkpt lat="48.87476515956223" lon="-121.01818218827248">
        <ele>488.97000000000003</ele>
        <time>2025-07-30T18:51:00Z</time>
      </trkpt>
      <trkpt lat="48.874760884791613" lon="-121.01819559931755">
        <ele>488.97000000000003</ele>
        <time>2025-07-30T18:51:27Z</time>
      </trkpt>
      <trkpt lat="48.874787371605635" lon="-121.01815972477198">
        <ele>488.97000000000003</ele>
        <time>2025-07-30T18:51:55Z</time>
      </trkpt>
      <trkpt lat="48.87481939047575" lon="-121.01812695153058">
        <ele>488.97000000000003</ele>
        <time>2025-07-30T18:52:17Z</time>
      </trkpt>
      <trkpt lat="48.874814361333847" lon="-121.01815930567682">
        <ele>488.97000000000003</ele>
        <time>2025-07-30T18:52:40Z</time>
      </trkpt>
      <trkpt lat="48.874842440709472" lon="-121.0182274505496">
        <ele>489.44999999999999</ele>
        <time>2025-07-30T18:53:04Z</time>
      </trkpt>
      <trkpt lat="48.87477396056056" lon="-121.01817741058767">
        <ele>489.44999999999999</ele>
        <time>2025-07-30T18:53:26Z</time>
      </trkpt>
      <trkpt lat="48.874760884791613" lon="-121.01813835091889">
        <ele>489.44999999999999</ele>
        <time>2025-07-30T18:53:50Z</time>
      </trkpt>
      <trkpt lat="48.874767506495118" lon="-121.01809828542173">
        <ele>488.97000000000003</ele>
        <time>2025-07-30T18:54:22Z</time>
      </trkpt>
      <trkpt lat="48.874801620841026" lon="-121.01806190796196">
        <ele>488.97000000000003</ele>
        <time>2025-07-30T18:54:47Z</time>
      </trkpt>
      <trkpt lat="48.874850822612643" lon="-121.01809183135629">
        <ele>488.97000000000003</ele>
        <time>2025-07-30T18:55:15Z</time>
      </trkpt>
      <trkpt lat="48.874849816784263" lon="-121.01812024600804">
        <ele>489.44999999999999</ele>
        <time>2025-07-30T18:55:46Z</time>
      </trkpt>
      <trkpt lat="48.87484772130847" lon="-121.01814572699368">
        <ele>488.97000000000003</ele>
        <time>2025-07-30T18:56:14Z</time>
      </trkpt>
      <trkpt lat="48.874907568097115" lon="-121.01817296817899">
        <ele>488.97000000000003</ele>
        <time>2025-07-30T18:56:40Z</time>
      </trkpt>
      <trkpt lat="48.874908071011305" lon="-121.01816257461905">
        <ele>488.97000000000003</ele>
        <time>2025-07-30T18:57:00Z</time>
      </trkpt>
      <trkpt lat="48.874898767098784" lon="-121.01815804839134">
        <ele>488.97000000000003</ele>
        <time>2025-07-30T18:57:30Z</time>
      </trkpt>
      <trkpt lat="48.874945035204291" lon="-121.01818956434727">
        <ele>488.97000000000003</ele>
        <time>2025-07-30T18:57:54Z</time>
      </trkpt>
      <trkpt lat="48.874875130131841" lon="-121.01818830706179">
        <ele>488.97000000000003</ele>
        <time>2025-07-30T18:58:19Z</time>
      </trkpt>
      <trkpt lat="48.874849900603294" lon="-121.01821647025645">
        <ele>488.97000000000003</ele>
        <time>2025-07-30T18:58:45Z</time>
      </trkpt>
      <trkpt lat="48.8748047221452" lon="-121.01818554103374">
        <ele>488.97000000000003</ele>
        <time>2025-07-30T18:59:12Z</time>
      </trkpt>
      <trkpt lat="48.874792316928506" lon="-121.01820414885879">
        <ele>489.44999999999999</ele>
        <time>2025-07-30T18:59:36Z</time>
      </trkpt>
      <trkpt lat="48.874785108491778" lon="-121.0181690286845">
        <ele>489.44999999999999</ele>
        <time>2025-07-30T19:00:05Z</time>
      </trkpt>
      <trkpt lat="48.874809667468071" lon="-121.0182068310678">
        <ele>489.44999999999999</ele>
        <time>2025-07-30T19:00:38Z</time>
      </trkpt>
      <trkpt lat="48.87480229139328" lon="-121.01818864233792">
        <ele>489.44999999999999</ele>
        <time>2025-07-30T19:00:54Z</time>
      </trkpt>
      <trkpt lat="48.87478712014854" lon="-121.01817389018834">
        <ele>489.44999999999999</ele>
        <time>2025-07-30T19:01:10Z</time>
      </trkpt>
      <trkpt lat="48.874790221452713" lon="-121.01815352216363">
        <ele>488.00999999999999</ele>
        <time>2025-07-30T19:01:19Z</time>
      </trkpt>
      <trkpt lat="48.874823749065399" lon="-121.01811546832323">
        <ele>488.97000000000003</ele>
        <time>2025-07-30T19:01:44Z</time>
      </trkpt>
      <trkpt lat="48.874824251979589" lon="-121.01810717023909">
        <ele>489.93000000000001</ele>
        <time>2025-07-30T19:01:58Z</time>
      </trkpt>
      <trkpt lat="48.874823497608304" lon="-121.01810197345912">
        <ele>488.49000000000001</ele>
        <time>2025-07-30T19:01:59Z</time>
      </trkpt>
      <trkpt lat="48.874819725751877" lon="-121.01801346056163">
        <ele>490.41000000000003</ele>
        <time>2025-07-30T19:02:17Z</time>
      </trkpt>
      <trkpt lat="48.874815199524164" lon="-121.01801287382841">
        <ele>488.49000000000001</ele>
        <time>2025-07-30T19:02:19Z</time>
      </trkpt>
      <trkpt lat="48.874818636104465" lon="-121.01800692267716">
        <ele>488.49000000000001</ele>
        <time>2025-07-30T19:02:23Z</time>
      </trkpt>
      <trkpt lat="48.874811679124832" lon="-121.01801329292357">
        <ele>489.44999999999999</ele>
        <time>2025-07-30T19:02:28Z</time>
      </trkpt>
      <trkpt lat="48.8748081587255" lon="-121.01799745112658">
        <ele>488.49000000000001</ele>
        <time>2025-07-30T19:02:35Z</time>
      </trkpt>
      <trkpt lat="48.874808074906468" lon="-121.01798839867115">
        <ele>489.93000000000001</ele>
        <time>2025-07-30T19:02:39Z</time>
      </trkpt>
      <trkpt lat="48.874806314706802" lon="-121.01796677336097">
        <ele>488.00999999999999</ele>
        <time>2025-07-30T19:02:44Z</time>
      </trkpt>
      <trkpt lat="48.874803464859724" lon="-121.01796090602875">
        <ele>489.93000000000001</ele>
        <time>2025-07-30T19:02:46Z</time>
      </trkpt>
      <trkpt lat="48.874801620841026" lon="-121.01793735288084">
        <ele>489.44999999999999</ele>
        <time>2025-07-30T19:02:50Z</time>
      </trkpt>
      <trkpt lat="48.874815618619323" lon="-121.01790843531489">
        <ele>492.81</ele>
        <time>2025-07-30T19:02:56Z</time>
      </trkpt>
      <trkpt lat="48.874813690781593" lon="-121.01790675893426">
        <ele>492.81</ele>
        <time>2025-07-30T19:02:57Z</time>
      </trkpt>
      <trkpt lat="48.87481352314353" lon="-121.01790600456297">
        <ele>489.44999999999999</ele>
        <time>2025-07-30T19:02:58Z</time>
      </trkpt>
      <trkpt lat="48.874821485951543" lon="-121.01789879612625">
        <ele>489.44999999999999</ele>
        <time>2025-07-30T19:03:22Z</time>
      </trkpt>
      <trkpt lat="48.87486775405705" lon="-121.01790801621974">
        <ele>489.44999999999999</ele>
        <time>2025-07-30T19:03:52Z</time>
      </trkpt>
      <trkpt lat="48.874851576983929" lon="-121.0178735665977">
        <ele>489.44999999999999</ele>
        <time>2025-07-30T19:04:16Z</time>
      </trkpt>
      <trkpt lat="48.874835902824998" lon="-121.01782470010221">
        <ele>489.44999999999999</ele>
        <time>2025-07-30T19:04:41Z</time>
      </trkpt>
      <trkpt lat="48.874834226444364" lon="-121.01779360324144">
        <ele>489.44999999999999</ele>
        <time>2025-07-30T19:05:06Z</time>
      </trkpt>
      <trkpt lat="48.874859623610973" lon="-121.01775353774428">
        <ele>489.44999999999999</ele>
        <time>2025-07-30T19:05:27Z</time>
      </trkpt>
      <trkpt lat="48.874880662187934" lon="-121.017742222175">
        <ele>489.44999999999999</ele>
        <time>2025-07-30T19:05:55Z</time>
      </trkpt>
      <trkpt lat="48.874887702986598" lon="-121.01768991909921">
        <ele>489.44999999999999</ele>
        <time>2025-07-30T19:06:22Z</time>
      </trkpt>
      <trkpt lat="48.874953584745526" lon="-121.01762655191123">
        <ele>489.44999999999999</ele>
        <time>2025-07-30T19:06:45Z</time>
      </trkpt>
      <trkpt lat="48.874973282217979" lon="-121.01745648309588">
        <ele>489.44999999999999</ele>
        <time>2025-07-30T19:07:05Z</time>
      </trkpt>
      <trkpt lat="48.874977389350533" lon="-121.01742873899639">
        <ele>489.44999999999999</ele>
        <time>2025-07-30T19:07:07Z</time>
      </trkpt>
      <trkpt lat="48.875104878097773" lon="-121.01709907874465">
        <ele>490.41000000000003</ele>
        <time>2025-07-30T19:07:26Z</time>
      </trkpt>
      <trkpt lat="48.875180566683412" lon="-121.01697863079607">
        <ele>490.41000000000003</ele>
        <time>2025-07-30T19:07:32Z</time>
      </trkpt>
      <trkpt lat="48.875312162563205" lon="-121.01668442599475">
        <ele>490.41000000000003</ele>
        <time>2025-07-30T19:07:47Z</time>
      </trkpt>
      <trkpt lat="48.87547854334116" lon="-121.01634353399277">
        <ele>490.41000000000003</ele>
        <time>2025-07-30T19:08:05Z</time>
      </trkpt>
      <trkpt lat="48.875623550266027" lon="-121.01605804637074">
        <ele>490.41000000000003</ele>
        <time>2025-07-30T19:08:21Z</time>
      </trkpt>
      <trkpt lat="48.875653054565191" lon="-121.01600758731365">
        <ele>490.41000000000003</ele>
        <time>2025-07-30T19:08:24Z</time>
      </trkpt>
      <trkpt lat="48.875729246065021" lon="-121.01569142192602">
        <ele>490.41000000000003</ele>
        <time>2025-07-30T19:08:38Z</time>
      </trkpt>
      <trkpt lat="48.875799905508757" lon="-121.01539428345859">
        <ele>490.41000000000003</ele>
        <time>2025-07-30T19:08:52Z</time>
      </trkpt>
      <trkpt lat="48.87584357522428" lon="-121.01494710892439">
        <ele>490.88999999999999</ele>
        <time>2025-07-30T19:09:11Z</time>
      </trkpt>
      <trkpt lat="48.875869056209922" lon="-121.01478902623057">
        <ele>490.88999999999999</ele>
        <time>2025-07-30T19:09:18Z</time>
      </trkpt>
      <trkpt lat="48.875954551622272" lon="-121.01448694244027">
        <ele>490.88999999999999</ele>
        <time>2025-07-30T19:09:33Z</time>
      </trkpt>
      <trkpt lat="48.875964609906077" lon="-121.01435626856983">
        <ele>490.88999999999999</ele>
        <time>2025-07-30T19:09:41Z</time>
      </trkpt>
      <trkpt lat="48.875961676239967" lon="-121.01429239846766">
        <ele>490.41000000000003</ele>
        <time>2025-07-30T19:09:45Z</time>
      </trkpt>
      <trkpt lat="48.875999646261334" lon="-121.0142145305872">
        <ele>490.41000000000003</ele>
        <time>2025-07-30T19:09:50Z</time>
      </trkpt>
      <trkpt lat="48.87610693462193" lon="-121.01394002325833">
        <ele>490.41000000000003</ele>
        <time>2025-07-30T19:10:06Z</time>
      </trkpt>
      <trkpt lat="48.876157561317086" lon="-121.01354121230543">
        <ele>490.41000000000003</ele>
        <time>2025-07-30T19:10:21Z</time>
      </trkpt>
      <trkpt lat="48.87620416469872" lon="-121.01342344656587">
        <ele>490.41000000000003</ele>
        <time>2025-07-30T19:10:27Z</time>
      </trkpt>
      <trkpt lat="48.87628136202693" lon="-121.01300929673016">
        <ele>490.88999999999999</ele>
        <time>2025-07-30T19:10:44Z</time>
      </trkpt>
      <trkpt lat="48.876294856891036" lon="-121.0128571651876">
        <ele>490.88999999999999</ele>
        <time>2025-07-30T19:10:50Z</time>
      </trkpt>
      <trkpt lat="48.876336431130767" lon="-121.01276161149144">
        <ele>490.88999999999999</ele>
        <time>2025-07-30T19:10:56Z</time>
      </trkpt>
      <trkpt lat="48.876410610973835" lon="-121.01241812109947">
        <ele>490.88999999999999</ele>
        <time>2025-07-30T19:11:14Z</time>
      </trkpt>
      <trkpt lat="48.876451766118407" lon="-121.01226733066142">
        <ele>490.41000000000003</ele>
        <time>2025-07-30T19:11:26Z</time>
      </trkpt>
      <trkpt lat="48.876473726704717" lon="-121.01196357049048">
        <ele>490.41000000000003</ele>
        <time>2025-07-30T19:11:46Z</time>
      </trkpt>
      <trkpt lat="48.876449670642614" lon="-121.01166618056595">
        <ele>490.41000000000003</ele>
        <time>2025-07-30T19:12:01Z</time>
      </trkpt>
      <trkpt lat="48.876400971785188" lon="-121.01154623553157">
        <ele>490.41000000000003</ele>
        <time>2025-07-30T19:12:20Z</time>
      </trkpt>
      <trkpt lat="48.876396780833602" lon="-121.01148219779134">
        <ele>490.88999999999999</ele>
        <time>2025-07-30T19:12:41Z</time>
      </trkpt>
      <trkpt lat="48.876394769176841" lon="-121.01139846257865">
        <ele>490.88999999999999</ele>
        <time>2025-07-30T19:13:04Z</time>
      </trkpt>
      <trkpt lat="48.876443468034267" lon="-121.01137415505946">
        <ele>490.88999999999999</ele>
        <time>2025-07-30T19:13:38Z</time>
      </trkpt>
      <trkpt lat="48.876456376165152" lon="-121.01138169877231">
        <ele>490.88999999999999</ele>
        <time>2025-07-30T19:14:15Z</time>
      </trkpt>
      <trkpt lat="48.876454951241612" lon="-121.01136853918433">
        <ele>490.88999999999999</ele>
        <time>2025-07-30T19:14:53Z</time>
      </trkpt>
      <trkpt lat="48.876480013132095" lon="-121.01139477454126">
        <ele>491.85000000000002</ele>
        <time>2025-07-30T19:15:23Z</time>
      </trkpt>
      <trkpt lat="48.876466099172831" lon="-121.01131397299469">
        <ele>491.37</ele>
        <time>2025-07-30T19:15:53Z</time>
      </trkpt>
      <trkpt lat="48.87647096067667" lon="-121.01136979646981">
        <ele>491.37</ele>
        <time>2025-07-30T19:16:24Z</time>
      </trkpt>
      <trkpt lat="48.87649099342525" lon="-121.01139477454126">
        <ele>491.37</ele>
        <time>2025-07-30T19:16:55Z</time>
      </trkpt>
      <trkpt lat="48.87645436450839" lon="-121.01133509539068">
        <ele>491.37</ele>
        <time>2025-07-30T19:17:29Z</time>
      </trkpt>
      <trkpt lat="48.876477917656302" lon="-121.01133794523776">
        <ele>491.37</ele>
        <time>2025-07-30T19:18:00Z</time>
      </trkpt>
      <trkpt lat="48.876509601250291" lon="-121.01131900213659">
        <ele>491.37</ele>
        <time>2025-07-30T19:18:34Z</time>
      </trkpt>
      <trkpt lat="48.87649929150939" lon="-121.01130282506347">
        <ele>491.85000000000002</ele>
        <time>2025-07-30T19:19:09Z</time>
      </trkpt>
      <trkpt lat="48.876363420858979" lon="-121.01130299270153">
        <ele>491.85000000000002</ele>
        <time>2025-07-30T19:19:45Z</time>
      </trkpt>
      <trkpt lat="48.87638496235013" lon="-121.01129997521639">
        <ele>492.32999999999998</ele>
        <time>2025-07-30T19:20:21Z</time>
      </trkpt>
      <trkpt lat="48.876355206593871" lon="-121.01131749339402">
        <ele>492.32999999999998</ele>
        <time>2025-07-30T19:20:54Z</time>
      </trkpt>
      <trkpt lat="48.876410443335772" lon="-121.01133174262941">
        <ele>492.32999999999998</ele>
        <time>2025-07-30T19:21:28Z</time>
      </trkpt>
      <trkpt lat="48.876361744478345" lon="-121.01134297437966">
        <ele>492.32999999999998</ele>
        <time>2025-07-30T19:21:56Z</time>
      </trkpt>
      <trkpt lat="48.876325786113739" lon="-121.01134314201772">
        <ele>492.32999999999998</ele>
        <time>2025-07-30T19:22:24Z</time>
      </trkpt>
      <trkpt lat="48.876270465552807" lon="-121.01138228550553">
        <ele>492.81</ele>
        <time>2025-07-30T19:22:51Z</time>
      </trkpt>
      <trkpt lat="48.876296700909734" lon="-121.01138454861939">
        <ele>492.81</ele>
        <time>2025-07-30T19:23:21Z</time>
      </trkpt>
      <trkpt lat="48.876299802213907" lon="-121.01118237711489">
        <ele>492.81</ele>
        <time>2025-07-30T19:23:56Z</time>
      </trkpt>
      <trkpt lat="48.87638253159821" lon="-121.01138521917164">
        <ele>492.32999999999998</ele>
        <time>2025-07-30T19:24:26Z</time>
      </trkpt>
      <trkpt lat="48.876402983441949" lon="-121.01148848421872">
        <ele>492.32999999999998</ele>
        <time>2025-07-30T19:24:48Z</time>
      </trkpt>
      <trkpt lat="48.876532986760139" lon="-121.01149317808449">
        <ele>491.85000000000002</ele>
        <time>2025-07-30T19:25:08Z</time>
      </trkpt>
      <trkpt lat="48.876623259857297" lon="-121.01159007288516">
        <ele>492.32999999999998</ele>
        <time>2025-07-30T19:25:26Z</time>
      </trkpt>
      <trkpt lat="48.876684950664639" lon="-121.01172518916428">
        <ele>492.32999999999998</ele>
        <time>2025-07-30T19:25:46Z</time>
      </trkpt>
      <trkpt lat="48.876688219606876" lon="-121.0117313079536">
        <ele>492.32999999999998</ele>
        <time>2025-07-30T19:25:47Z</time>
      </trkpt>
      <trkpt lat="48.876689225435257" lon="-121.01186709478498">
        <ele>492.32999999999998</ele>
        <time>2025-07-30T19:26:00Z</time>
      </trkpt>
      <trkpt lat="48.876708252355456" lon="-121.0119538474828">
        <ele>492.32999999999998</ele>
        <time>2025-07-30T19:26:08Z</time>
      </trkpt>
      <trkpt lat="48.876738511025906" lon="-121.01209516637027">
        <ele>492.32999999999998</ele>
        <time>2025-07-30T19:26:20Z</time>
      </trkpt>
      <trkpt lat="48.876681849360466" lon="-121.01224897429347">
        <ele>492.32999999999998</ele>
        <time>2025-07-30T19:26:40Z</time>
      </trkpt>
      <trkpt lat="48.876597443595529" lon="-121.01229549385607">
        <ele>491.85000000000002</ele>
        <time>2025-07-30T19:27:00Z</time>
      </trkpt>
      <trkpt lat="48.876551510766149" lon="-121.01238241419196">
        <ele>491.85000000000002</ele>
        <time>2025-07-30T19:27:20Z</time>
      </trkpt>
      <trkpt lat="48.876557964831591" lon="-121.01255273446441">
        <ele>491.85000000000002</ele>
        <time>2025-07-30T19:27:34Z</time>
      </trkpt>
      <trkpt lat="48.876555617898703" lon="-121.01266270503402">
        <ele>491.85000000000002</ele>
        <time>2025-07-30T19:27:42Z</time>
      </trkpt>
      <trkpt lat="48.876550421118736" lon="-121.01292908191681">
        <ele>491.85000000000002</ele>
        <time>2025-07-30T19:28:00Z</time>
      </trkpt>
      <trkpt lat="48.876477666199207" lon="-121.01318137720227">
        <ele>491.85000000000002</ele>
        <time>2025-07-30T19:28:18Z</time>
      </trkpt>
      <trkpt lat="48.876478085294366" lon="-121.01337122730911">
        <ele>491.37</ele>
        <time>2025-07-30T19:28:34Z</time>
      </trkpt>
      <trkpt lat="48.876418909057975" lon="-121.01358806714416">
        <ele>491.37</ele>
        <time>2025-07-30T19:28:53Z</time>
      </trkpt>
      <trkpt lat="48.8763986248523" lon="-121.0137427970767">
        <ele>491.37</ele>
        <time>2025-07-30T19:29:08Z</time>
      </trkpt>
      <trkpt lat="48.876383369788527" lon="-121.01383122615516">
        <ele>491.37</ele>
        <time>2025-07-30T19:29:16Z</time>
      </trkpt>
      <trkpt lat="48.876387728378177" lon="-121.01399408653378">
        <ele>491.37</ele>
        <time>2025-07-30T19:29:27Z</time>
      </trkpt>
      <trkpt lat="48.876351770013571" lon="-121.01410078816116">
        <ele>491.37</ele>
        <time>2025-07-30T19:29:34Z</time>
      </trkpt>
      <trkpt lat="48.876225119456649" lon="-121.01433229632676">
        <ele>491.37</ele>
        <time>2025-07-30T19:29:49Z</time>
      </trkpt>
      <trkpt lat="48.87618706561625" lon="-121.01459196768701">
        <ele>490.88999999999999</ele>
        <time>2025-07-30T19:30:09Z</time>
      </trkpt>
      <trkpt lat="48.87619880028069" lon="-121.01473010145128">
        <ele>490.88999999999999</ele>
        <time>2025-07-30T19:30:18Z</time>
      </trkpt>
      <trkpt lat="48.876161333173513" lon="-121.01497057825327">
        <ele>491.37</ele>
        <time>2025-07-30T19:30:36Z</time>
      </trkpt>
      <trkpt lat="48.876124285161495" lon="-121.01506755687296">
        <ele>491.37</ele>
        <time>2025-07-30T19:30:43Z</time>
      </trkpt>
      <trkpt lat="48.87603996321559" lon="-121.01535170339048">
        <ele>490.88999999999999</ele>
        <time>2025-07-30T19:31:00Z</time>
      </trkpt>
      <trkpt lat="48.876043064519763" lon="-121.01542454212904">
        <ele>490.88999999999999</ele>
        <time>2025-07-30T19:31:04Z</time>
      </trkpt>
      <trkpt lat="48.875880287960172" lon="-121.0157307330519">
        <ele>490.88999999999999</ele>
        <time>2025-07-30T19:31:24Z</time>
      </trkpt>
      <trkpt lat="48.875763025134802" lon="-121.01596827618778">
        <ele>491.37</ele>
        <time>2025-07-30T19:31:46Z</time>
      </trkpt>
      <trkpt lat="48.875688426196575" lon="-121.01618763059378">
        <ele>491.37</ele>
        <time>2025-07-30T19:32:07Z</time>
      </trkpt>
      <trkpt lat="48.875612318515778" lon="-121.01644797250628">
        <ele>491.37</ele>
        <time>2025-07-30T19:32:26Z</time>
      </trkpt>
      <trkpt lat="48.875532019883394" lon="-121.01672985590994">
        <ele>491.37</ele>
        <time>2025-07-30T19:32:48Z</time>
      </trkpt>
      <trkpt lat="48.87542674317956" lon="-121.01689573377371">
        <ele>491.85000000000002</ele>
        <time>2025-07-30T19:33:03Z</time>
      </trkpt>
      <trkpt lat="48.875341499224305" lon="-121.01711089722812">
        <ele>491.85000000000002</ele>
        <time>2025-07-30T19:33:20Z</time>
      </trkpt>
      <trkpt lat="48.875223565846682" lon="-121.01727526634932">
        <ele>491.85000000000002</ele>
        <time>2025-07-30T19:33:39Z</time>
      </trkpt>
      <trkpt lat="48.875137232244015" lon="-121.01748154498637">
        <ele>491.85000000000002</ele>
        <time>2025-07-30T19:34:00Z</time>
      </trkpt>
      <trkpt lat="48.87502365745604" lon="-121.01765437982976">
        <ele>491.85000000000002</ele>
        <time>2025-07-30T19:34:19Z</time>
      </trkpt>
      <trkpt lat="48.874907400459051" lon="-121.01778404787183">
        <ele>491.85000000000002</ele>
        <time>2025-07-30T19:34:43Z</time>
      </trkpt>
      <trkpt lat="48.874815283343196" lon="-121.01792553439736">
        <ele>491.85000000000002</ele>
        <time>2025-07-30T19:35:01Z</time>
      </trkpt>
      <trkpt lat="48.874663235619664" lon="-121.01812611334026">
        <ele>491.85000000000002</ele>
        <time>2025-07-30T19:35:24Z</time>
      </trkpt>
      <trkpt lat="48.874548487365246" lon="-121.01832803338766">
        <ele>491.85000000000002</ele>
        <time>2025-07-30T19:35:45Z</time>
      </trkpt>
      <trkpt lat="48.874443043023348" lon="-121.01855962537229">
        <ele>491.85000000000002</ele>
        <time>2025-07-30T19:36:07Z</time>
      </trkpt>
      <trkpt lat="48.874340197071433" lon="-121.01859399117529">
        <ele>491.85000000000002</ele>
        <time>2025-07-30T19:36:31Z</time>
      </trkpt>
      <trkpt lat="48.874282613396645" lon="-121.0185884591192">
        <ele>491.85000000000002</ele>
        <time>2025-07-30T19:36:54Z</time>
      </trkpt>
      <trkpt lat="48.87429409660399" lon="-121.01861653849483">
        <ele>491.85000000000002</ele>
        <time>2025-07-30T19:37:31Z</time>
      </trkpt>
      <trkpt lat="48.874316560104489" lon="-121.0186143592">
        <ele>491.85000000000002</ele>
        <time>2025-07-30T19:38:00Z</time>
      </trkpt>
      <trkpt lat="48.874324858188629" lon="-121.01859365589917">
        <ele>491.37</ele>
        <time>2025-07-30T19:38:25Z</time>
      </trkpt>
      <trkpt lat="48.874363163486123" lon="-121.01855761371553">
        <ele>491.37</ele>
        <time>2025-07-30T19:38:59Z</time>
      </trkpt>
      <trkpt lat="48.874397026374936" lon="-121.0185126028955">
        <ele>491.37</ele>
        <time>2025-07-30T19:39:35Z</time>
      </trkpt>
      <trkpt lat="48.874414209276438" lon="-121.01845325902104">
        <ele>491.37</ele>
        <time>2025-07-30T19:40:05Z</time>
      </trkpt>
      <trkpt lat="48.874464416876435" lon="-121.01839064620435">
        <ele>491.37</ele>
        <time>2025-07-30T19:40:48Z</time>
      </trkpt>
      <trkpt lat="48.874480593949556" lon="-121.01855090819299">
        <ele>491.37</ele>
        <time>2025-07-30T19:41:17Z</time>
      </trkpt>
      <trkpt lat="48.874382609501481" lon="-121.01859818212688">
        <ele>491.37</ele>
        <time>2025-07-30T19:41:46Z</time>
      </trkpt>
      <trkpt lat="48.874288564547896" lon="-121.0187509842217">
        <ele>493.76999999999998</ele>
        <time>2025-07-30T19:42:09Z</time>
      </trkpt>
      <trkpt lat="48.874129392206669" lon="-121.01876917295158">
        <ele>491.37</ele>
        <time>2025-07-30T19:42:34Z</time>
      </trkpt>
      <trkpt lat="48.873991258442402" lon="-121.01874855346978">
        <ele>491.37</ele>
        <time>2025-07-30T19:43:00Z</time>
      </trkpt>
      <trkpt lat="48.87390810996294" lon="-121.0188907943666">
        <ele>491.37</ele>
        <time>2025-07-30T19:43:25Z</time>
      </trkpt>
      <trkpt lat="48.873805096372962" lon="-121.0191154293716">
        <ele>491.37</ele>
        <time>2025-07-30T19:43:56Z</time>
      </trkpt>
      <trkpt lat="48.873732844367623" lon="-121.01932279765606">
        <ele>491.37</ele>
        <time>2025-07-30T19:44:15Z</time>
      </trkpt>
      <trkpt lat="48.873699232935905" lon="-121.01976133882999">
        <ele>491.37</ele>
        <time>2025-07-30T19:44:37Z</time>
      </trkpt>
      <trkpt lat="48.87366771697998" lon="-121.02021530270576">
        <ele>490.88999999999999</ele>
        <time>2025-07-30T19:44:57Z</time>
      </trkpt>
      <trkpt lat="48.873608121648431" lon="-121.02070606313646">
        <ele>490.88999999999999</ele>
        <time>2025-07-30T19:45:18Z</time>
      </trkpt>
      <trkpt lat="48.873543245717883" lon="-121.02115935645998">
        <ele>490.88999999999999</ele>
        <time>2025-07-30T19:45:38Z</time>
      </trkpt>
      <trkpt lat="48.87345707975328" lon="-121.02151282131672">
        <ele>490.88999999999999</ele>
        <time>2025-07-30T19:45:55Z</time>
      </trkpt>
      <trkpt lat="48.873377870768309" lon="-121.02194432169199">
        <ele>490.88999999999999</ele>
        <time>2025-07-30T19:46:15Z</time>
      </trkpt>
      <trkpt lat="48.87328902259469" lon="-121.02236291393638">
        <ele>490.88999999999999</ele>
        <time>2025-07-30T19:46:37Z</time>
      </trkpt>
      <trkpt lat="48.873220039531589" lon="-121.02277547121048">
        <ele>490.88999999999999</ele>
        <time>2025-07-30T19:46:57Z</time>
      </trkpt>
      <trkpt lat="48.873150050640106" lon="-121.02322633378208">
        <ele>490.88999999999999</ele>
        <time>2025-07-30T19:47:19Z</time>
      </trkpt>
      <trkpt lat="48.873094897717237" lon="-121.02371726185083">
        <ele>490.88999999999999</ele>
        <time>2025-07-30T19:47:42Z</time>
      </trkpt>
      <trkpt lat="48.872973527759314" lon="-121.024135267362">
        <ele>490.88999999999999</ele>
        <time>2025-07-30T19:48:04Z</time>
      </trkpt>
      <trkpt lat="48.872932037338614" lon="-121.02450524456799">
        <ele>490.41000000000003</ele>
        <time>2025-07-30T19:48:22Z</time>
      </trkpt>
      <trkpt lat="48.872864730656147" lon="-121.02498167194426">
        <ele>490.41000000000003</ele>
        <time>2025-07-30T19:48:45Z</time>
      </trkpt>
      <trkpt lat="48.872778061777353" lon="-121.0253734420985">
        <ele>490.41000000000003</ele>
        <time>2025-07-30T19:49:04Z</time>
      </trkpt>
      <trkpt lat="48.872732631862164" lon="-121.02576202712953">
        <ele>490.41000000000003</ele>
        <time>2025-07-30T19:49:22Z</time>
      </trkpt>
      <trkpt lat="48.872655602172017" lon="-121.02613896131516">
        <ele>490.41000000000003</ele>
        <time>2025-07-30T19:49:39Z</time>
      </trkpt>
      <trkpt lat="48.872544625774026" lon="-121.02653215639293">
        <ele>490.41000000000003</ele>
        <time>2025-07-30T19:49:58Z</time>
      </trkpt>
      <trkpt lat="48.872482934966683" lon="-121.02696969173849">
        <ele>491.37</ele>
        <time>2025-07-30T19:50:19Z</time>
      </trkpt>
      <trkpt lat="48.872454604133964" lon="-121.02745307609439">
        <ele>491.37</ele>
        <time>2025-07-30T19:50:41Z</time>
      </trkpt>
      <trkpt lat="48.872354105114937" lon="-121.02788323536515">
        <ele>491.37</ele>
        <time>2025-07-30T19:51:02Z</time>
      </trkpt>
      <trkpt lat="48.872236926108599" lon="-121.02826276794076">
        <ele>491.37</ele>
        <time>2025-07-30T19:51:25Z</time>
      </trkpt>
      <trkpt lat="48.872175486758351" lon="-121.02860491722822">
        <ele>491.37</ele>
        <time>2025-07-30T19:51:45Z</time>
      </trkpt>
      <trkpt lat="48.872071970254183" lon="-121.0288929194212">
        <ele>490.88999999999999</ele>
        <time>2025-07-30T19:52:11Z</time>
      </trkpt>
      <trkpt lat="48.872008267790079" lon="-121.02916273288429">
        <ele>490.88999999999999</ele>
        <time>2025-07-30T19:52:37Z</time>
      </trkpt>
      <trkpt lat="48.871955461800098" lon="-121.02952189743519">
        <ele>490.88999999999999</ele>
        <time>2025-07-30T19:52:58Z</time>
      </trkpt>
      <trkpt lat="48.871927801519632" lon="-121.02991576306522">
        <ele>490.88999999999999</ele>
        <time>2025-07-30T19:53:19Z</time>
      </trkpt>
      <trkpt lat="48.871830822899938" lon="-121.03033997118473">
        <ele>490.88999999999999</ele>
        <time>2025-07-30T19:53:43Z</time>
      </trkpt>
      <trkpt lat="48.871718840673566" lon="-121.03076954372227">
        <ele>490.88999999999999</ele>
        <time>2025-07-30T19:54:04Z</time>
      </trkpt>
      <trkpt lat="48.871628399938345" lon="-121.03120506741107">
        <ele>490.88999999999999</ele>
        <time>2025-07-30T19:54:22Z</time>
      </trkpt>
      <trkpt lat="48.87152454815805" lon="-121.03168199770153">
        <ele>490.88999999999999</ele>
        <time>2025-07-30T19:54:41Z</time>
      </trkpt>
      <trkpt lat="48.871444333344698" lon="-121.03216135874391">
        <ele>490.88999999999999</ele>
        <time>2025-07-30T19:54:59Z</time>
      </trkpt>
      <trkpt lat="48.871392868459225" lon="-121.03258908726275">
        <ele>490.88999999999999</ele>
        <time>2025-07-30T19:55:17Z</time>
      </trkpt>
      <trkpt lat="48.871289100497961" lon="-121.03301430121064">
        <ele>490.88999999999999</ele>
        <time>2025-07-30T19:55:38Z</time>
      </trkpt>
      <trkpt lat="48.871177369728684" lon="-121.0334344021976">
        <ele>490.88999999999999</ele>
        <time>2025-07-30T19:56:02Z</time>
      </trkpt>
      <trkpt lat="48.871101848781109" lon="-121.03383866138756">
        <ele>490.41000000000003</ele>
        <time>2025-07-30T19:56:23Z</time>
      </trkpt>
      <trkpt lat="48.871019789949059" lon="-121.03430067189038">
        <ele>490.88999999999999</ele>
        <time>2025-07-30T19:56:44Z</time>
      </trkpt>
      <trkpt lat="48.87090252712369" lon="-121.03468121029437">
        <ele>490.88999999999999</ele>
        <time>2025-07-30T19:57:05Z</time>
      </trkpt>
      <trkpt lat="48.870898084715009" lon="-121.03474432602525">
        <ele>490.88999999999999</ele>
        <time>2025-07-30T19:57:10Z</time>
      </trkpt>
      <trkpt lat="48.870876962319016" lon="-121.03503953665495">
        <ele>490.88999999999999</ele>
        <time>2025-07-30T19:57:30Z</time>
      </trkpt>
      <trkpt lat="48.870737571269274" lon="-121.03548084385693">
        <ele>490.88999999999999</ele>
        <time>2025-07-30T19:57:55Z</time>
      </trkpt>
      <trkpt lat="48.870722651481628" lon="-121.03597663342953">
        <ele>490.41000000000003</ele>
        <time>2025-07-30T19:58:18Z</time>
      </trkpt>
      <trkpt lat="48.870694320648909" lon="-121.03645951487124">
        <ele>490.41000000000003</ele>
        <time>2025-07-30T19:58:37Z</time>
      </trkpt>
      <trkpt lat="48.870636653155088" lon="-121.03695832192898">
        <ele>490.41000000000003</ele>
        <time>2025-07-30T19:58:58Z</time>
      </trkpt>
      <trkpt lat="48.870598096400499" lon="-121.03740440681577">
        <ele>490.41000000000003</ele>
        <time>2025-07-30T19:59:21Z</time>
      </trkpt>
      <trkpt lat="48.870543530210853" lon="-121.0378397628665">
        <ele>490.41000000000003</ele>
        <time>2025-07-30T19:59:41Z</time>
      </trkpt>
      <trkpt lat="48.870529113337398" lon="-121.03831040672958">
        <ele>490.41000000000003</ele>
        <time>2025-07-30T20:00:03Z</time>
      </trkpt>
      <trkpt lat="48.870467254891992" lon="-121.03875875473022">
        <ele>489.93000000000001</ele>
        <time>2025-07-30T20:00:24Z</time>
      </trkpt>
      <trkpt lat="48.870413862168789" lon="-121.0392003133893">
        <ele>490.41000000000003</ele>
        <time>2025-07-30T20:00:45Z</time>
      </trkpt>
      <trkpt lat="48.870385363698006" lon="-121.03961521759629">
        <ele>490.41000000000003</ele>
        <time>2025-07-30T20:01:12Z</time>
      </trkpt>
      <trkpt lat="48.870296012610197" lon="-121.04002333246171">
        <ele>490.41000000000003</ele>
        <time>2025-07-30T20:01:34Z</time>
      </trkpt>
      <trkpt lat="48.870234908536077" lon="-121.04042926803231">
        <ele>490.41000000000003</ele>
        <time>2025-07-30T20:01:56Z</time>
      </trkpt>
      <trkpt lat="48.870331551879644" lon="-121.04078608565032">
        <ele>489.93000000000001</ele>
        <time>2025-07-30T20:02:20Z</time>
      </trkpt>
      <trkpt lat="48.87021261267364" lon="-121.04093017056584">
        <ele>490.41000000000003</ele>
        <time>2025-07-30T20:02:44Z</time>
      </trkpt>
      <trkpt lat="48.870195178315043" lon="-121.04094886220992">
        <ele>490.41000000000003</ele>
        <time>2025-07-30T20:02:46Z</time>
      </trkpt>
      <trkpt lat="48.870062073692679" lon="-121.04106335900724">
        <ele>490.41000000000003</ele>
        <time>2025-07-30T20:03:10Z</time>
      </trkpt>
      <trkpt lat="48.870014883577824" lon="-121.04100569151342">
        <ele>490.41000000000003</ele>
        <time>2025-07-30T20:03:30Z</time>
      </trkpt>
      <trkpt lat="48.869995437562466" lon="-121.04088557884097">
        <ele>490.41000000000003</ele>
        <time>2025-07-30T20:03:46Z</time>
      </trkpt>
      <trkpt lat="48.869828972965479" lon="-121.0407786257565">
        <ele>490.41000000000003</ele>
        <time>2025-07-30T20:04:07Z</time>
      </trkpt>
      <trkpt lat="48.869779519736767" lon="-121.0407458525151">
        <ele>490.41000000000003</ele>
        <time>2025-07-30T20:04:13Z</time>
      </trkpt>
      <trkpt lat="48.869704753160477" lon="-121.04071014560759">
        <ele>490.41000000000003</ele>
        <time>2025-07-30T20:04:20Z</time>
      </trkpt>
      <trkpt lat="48.869598554447293" lon="-121.04054703377187">
        <ele>490.41000000000003</ele>
        <time>2025-07-30T20:04:38Z</time>
      </trkpt>
      <trkpt lat="48.869591262191534" lon="-121.04036665521562">
        <ele>490.41000000000003</ele>
        <time>2025-07-30T20:04:56Z</time>
      </trkpt>
      <trkpt lat="48.869635602459311" lon="-121.0402003582567">
        <ele>489.93000000000001</ele>
        <time>2025-07-30T20:05:20Z</time>
      </trkpt>
      <trkpt lat="48.869651947170496" lon="-121.04030203074217">
        <ele>489.93000000000001</ele>
        <time>2025-07-30T20:05:40Z</time>
      </trkpt>
      <trkpt lat="48.869494115933776" lon="-121.0403023660183">
        <ele>490.41000000000003</ele>
        <time>2025-07-30T20:06:05Z</time>
      </trkpt>
      <trkpt lat="48.869478022679687" lon="-121.04029976762831">
        <ele>490.41000000000003</ele>
        <time>2025-07-30T20:06:07Z</time>
      </trkpt>
      <trkpt lat="48.869288926944137" lon="-121.04029012843966">
        <ele>490.41000000000003</ele>
        <time>2025-07-30T20:06:30Z</time>
      </trkpt>
      <trkpt lat="48.869188679382205" lon="-121.04029641486704">
        <ele>490.41000000000003</ele>
        <time>2025-07-30T20:06:55Z</time>
      </trkpt>
      <trkpt lat="48.869133945554495" lon="-121.04028442874551">
        <ele>490.41000000000003</ele>
        <time>2025-07-30T20:07:19Z</time>
      </trkpt>
      <trkpt lat="48.869152804836631" lon="-121.040254002437">
        <ele>490.41000000000003</ele>
        <time>2025-07-30T20:07:45Z</time>
      </trkpt>
      <trkpt lat="48.869147943332791" lon="-121.04025266133249">
        <ele>490.41000000000003</ele>
        <time>2025-07-30T20:08:19Z</time>
      </trkpt>
      <trkpt lat="48.869132017716765" lon="-121.04022826999426">
        <ele>490.41000000000003</ele>
        <time>2025-07-30T20:08:50Z</time>
      </trkpt>
      <trkpt lat="48.869105698540807" lon="-121.04027043096721">
        <ele>490.88999999999999</ele>
        <time>2025-07-30T20:09:25Z</time>
      </trkpt>
      <trkpt lat="48.86912053450942" lon="-121.04025685228407">
        <ele>490.88999999999999</ele>
        <time>2025-07-30T20:09:50Z</time>
      </trkpt>
      <trkpt lat="48.869149703532457" lon="-121.04021351784468">
        <ele>490.41000000000003</ele>
        <time>2025-07-30T20:10:24Z</time>
      </trkpt>
      <trkpt lat="48.869119947776198" lon="-121.04026204906404">
        <ele>490.41000000000003</ele>
        <time>2025-07-30T20:10:58Z</time>
      </trkpt>
      <trkpt lat="48.869095724076033" lon="-121.04024888947606">
        <ele>490.41000000000003</ele>
        <time>2025-07-30T20:11:31Z</time>
      </trkpt>
      <trkpt lat="48.869123049080372" lon="-121.04024101048708">
        <ele>490.41000000000003</ele>
        <time>2025-07-30T20:12:08Z</time>
      </trkpt>
      <trkpt lat="48.869198150932789" lon="-121.04023338295519">
        <ele>490.41000000000003</ele>
        <time>2025-07-30T20:12:37Z</time>
      </trkpt>
      <trkpt lat="48.869158672168851" lon="-121.04024905711412">
        <ele>490.88999999999999</ele>
        <time>2025-07-30T20:13:09Z</time>
      </trkpt>
      <trkpt lat="48.869149619713426" lon="-121.04021770879626">
        <ele>490.88999999999999</ele>
        <time>2025-07-30T20:13:37Z</time>
      </trkpt>
      <trkpt lat="48.86916353367269" lon="-121.04023572988808">
        <ele>490.88999999999999</ele>
        <time>2025-07-30T20:14:15Z</time>
      </trkpt>
      <trkpt lat="48.869151212275028" lon="-121.04020806960762">
        <ele>491.37</ele>
        <time>2025-07-30T20:14:51Z</time>
      </trkpt>
      <trkpt lat="48.869156157597899" lon="-121.04018610902131">
        <ele>490.88999999999999</ele>
        <time>2025-07-30T20:15:20Z</time>
      </trkpt>
      <trkpt lat="48.869173843413591" lon="-121.04017621837556">
        <ele>490.88999999999999</ele>
        <time>2025-07-30T20:15:49Z</time>
      </trkpt>
      <trkpt lat="48.86919186450541" lon="-121.04017546400428">
        <ele>491.37</ele>
        <time>2025-07-30T20:16:26Z</time>
      </trkpt>
      <trkpt lat="48.869166048243642" lon="-121.04020647704601">
        <ele>490.88999999999999</ele>
        <time>2025-07-30T20:16:51Z</time>
      </trkpt>
      <trkpt lat="48.869178202003241" lon="-121.04022148065269">
        <ele>490.88999999999999</ele>
        <time>2025-07-30T20:17:15Z</time>
      </trkpt>
      <trkpt lat="48.869165210053325" lon="-121.04023832827806">
        <ele>490.88999999999999</ele>
        <time>2025-07-30T20:17:40Z</time>
      </trkpt>
      <trkpt lat="48.869141070172191" lon="-121.04027319699526">
        <ele>490.88999999999999</ele>
        <time>2025-07-30T20:18:03Z</time>
      </trkpt>
      <trkpt lat="48.869142327457666" lon="-121.04026121087372">
        <ele>490.88999999999999</ele>
        <time>2025-07-30T20:18:28Z</time>
      </trkpt>
      <trkpt lat="48.869149284437299" lon="-121.04030018672347">
        <ele>490.41000000000003</ele>
        <time>2025-07-30T20:19:01Z</time>
      </trkpt>
      <trkpt lat="48.869146183133125" lon="-121.04028644040227">
        <ele>490.41000000000003</ele>
        <time>2025-07-30T20:19:35Z</time>
      </trkpt>
      <trkpt lat="48.869156409054995" lon="-121.04025182314217">
        <ele>490.88999999999999</ele>
        <time>2025-07-30T20:20:04Z</time>
      </trkpt>
      <trkpt lat="48.869176860898733" lon="-121.04025064967573">
        <ele>490.88999999999999</ele>
        <time>2025-07-30T20:20:32Z</time>
      </trkpt>
      <trkpt lat="48.869175855070353" lon="-121.04024738073349">
        <ele>490.88999999999999</ele>
        <time>2025-07-30T20:21:02Z</time>
      </trkpt>
      <trkpt lat="48.869182225316763" lon="-121.04026037268341">
        <ele>490.88999999999999</ele>
        <time>2025-07-30T20:21:31Z</time>
      </trkpt>
      <trkpt lat="48.86916202493012" lon="-121.04034578427672">
        <ele>490.88999999999999</ele>
        <time>2025-07-30T20:22:04Z</time>
      </trkpt>
      <trkpt lat="48.869149032980204" lon="-121.04035366326571">
        <ele>490.88999999999999</ele>
        <time>2025-07-30T20:22:29Z</time>
      </trkpt>
      <trkpt lat="48.869159007444978" lon="-121.04031619615853">
        <ele>490.88999999999999</ele>
        <time>2025-07-30T20:22:53Z</time>
      </trkpt>
      <trkpt lat="48.869159342721105" lon="-121.04028300382197">
        <ele>490.88999999999999</ele>
        <time>2025-07-30T20:23:20Z</time>
      </trkpt>
      <trkpt lat="48.869156325235963" lon="-121.04027571156621">
        <ele>490.88999999999999</ele>
        <time>2025-07-30T20:23:41Z</time>
      </trkpt>
      <trkpt lat="48.869127994403243" lon="-121.04030286893249">
        <ele>490.88999999999999</ele>
        <time>2025-07-30T20:24:02Z</time>
      </trkpt>
      <trkpt lat="48.869133945554495" lon="-121.0402970854193">
        <ele>490.88999999999999</ele>
        <time>2025-07-30T20:24:26Z</time>
      </trkpt>
      <trkpt lat="48.869125228375196" lon="-121.04026758112013">
        <ele>491.37</ele>
        <time>2025-07-30T20:24:53Z</time>
      </trkpt>
      <trkpt lat="48.869109218940139" lon="-121.04025593027472">
        <ele>491.37</ele>
        <time>2025-07-30T20:25:24Z</time>
      </trkpt>
      <trkpt lat="48.869142159819603" lon="-121.04026439599693">
        <ele>491.37</ele>
        <time>2025-07-30T20:25:57Z</time>
      </trkpt>
      <trkpt lat="48.869144339114428" lon="-121.04028736241162">
        <ele>491.37</ele>
        <time>2025-07-30T20:26:24Z</time>
      </trkpt>
      <trkpt lat="48.869161019101739" lon="-121.04028769768775">
        <ele>491.85000000000002</ele>
        <time>2025-07-30T20:26:50Z</time>
      </trkpt>
      <trkpt lat="48.869135538116097" lon="-121.04026146233082">
        <ele>491.37</ele>
        <time>2025-07-30T20:27:15Z</time>
      </trkpt>
      <trkpt lat="48.869148697704077" lon="-121.04029037989676">
        <ele>491.37</ele>
        <time>2025-07-30T20:27:48Z</time>
      </trkpt>
      <trkpt lat="48.869111649692059" lon="-121.04027286171913">
        <ele>491.37</ele>
        <time>2025-07-30T20:28:14Z</time>
      </trkpt>
      <trkpt lat="48.869093377143145" lon="-121.0403161123395">
        <ele>491.85000000000002</ele>
        <time>2025-07-30T20:28:42Z</time>
      </trkpt>
      <trkpt lat="48.869092538952827" lon="-121.0402624681592">
        <ele>491.37</ele>
        <time>2025-07-30T20:29:13Z</time>
      </trkpt>
      <trkpt lat="48.8691112305969" lon="-121.04024017229676">
        <ele>491.37</ele>
        <time>2025-07-30T20:29:42Z</time>
      </trkpt>
      <trkpt lat="48.869106452912092" lon="-121.04021368548274">
        <ele>491.37</ele>
        <time>2025-07-30T20:30:10Z</time>
      </trkpt>
      <trkpt lat="48.869088934734464" lon="-121.04022768326104">
        <ele>491.37</ele>
        <time>2025-07-30T20:30:29Z</time>
      </trkpt>
      <trkpt lat="48.869083067402244" lon="-121.04022583924234">
        <ele>491.37</ele>
        <time>2025-07-30T20:30:58Z</time>
      </trkpt>
      <trkpt lat="48.869077116250992" lon="-121.04020144790411">
        <ele>491.37</ele>
        <time>2025-07-30T20:31:23Z</time>
      </trkpt>
      <trkpt lat="48.86905892752111" lon="-121.04019675403833">
        <ele>490.88999999999999</ele>
        <time>2025-07-30T20:31:45Z</time>
      </trkpt>
      <trkpt lat="48.869082313030958" lon="-121.0402207262814">
        <ele>490.88999999999999</ele>
        <time>2025-07-30T20:32:05Z</time>
      </trkpt>
      <trkpt lat="48.869087509810925" lon="-121.04023095220327">
        <ele>491.37</ele>
        <time>2025-07-30T20:32:29Z</time>
      </trkpt>
      <trkpt lat="48.869100837036967" lon="-121.04025492444634">
        <ele>491.37</ele>
        <time>2025-07-30T20:32:59Z</time>
      </trkpt>
      <trkpt lat="48.869126820936799" lon="-121.04029959999025">
        <ele>491.37</ele>
        <time>2025-07-30T20:33:25Z</time>
      </trkpt>
      <trkpt lat="48.869139896705747" lon="-121.04030421003699">
        <ele>491.37</ele>
        <time>2025-07-30T20:33:49Z</time>
      </trkpt>
      <trkpt lat="48.869153307750821" lon="-121.04031812399626">
        <ele>490.88999999999999</ele>
        <time>2025-07-30T20:34:18Z</time>
      </trkpt>
      <trkpt lat="48.869156911969185" lon="-121.04033086448908">
        <ele>490.88999999999999</ele>
        <time>2025-07-30T20:34:51Z</time>
      </trkpt>
      <trkpt lat="48.869147943332791" lon="-121.0403433535248">
        <ele>490.88999999999999</ele>
        <time>2025-07-30T20:35:23Z</time>
      </trkpt>
      <trkpt lat="48.869189517572522" lon="-121.04036774486303">
        <ele>490.88999999999999</ele>
        <time>2025-07-30T20:35:49Z</time>
      </trkpt>
      <trkpt lat="48.869180297479033" lon="-121.04021477513015">
        <ele>490.41000000000003</ele>
        <time>2025-07-30T20:36:11Z</time>
      </trkpt>
      <trkpt lat="48.869117181748152" lon="-121.04001872241497">
        <ele>490.41000000000003</ele>
        <time>2025-07-30T20:36:33Z</time>
      </trkpt>
      <trkpt lat="48.869032356888056" lon="-121.03974966332316">
        <ele>490.41000000000003</ele>
        <time>2025-07-30T20:36:55Z</time>
      </trkpt>
      <trkpt lat="48.868911238387227" lon="-121.03949619457126">
        <ele>490.41000000000003</ele>
        <time>2025-07-30T20:37:18Z</time>
      </trkpt>
      <trkpt lat="48.868752149865031" lon="-121.0392692964524">
        <ele>490.41000000000003</ele>
        <time>2025-07-30T20:37:40Z</time>
      </trkpt>
      <trkpt lat="48.868637820705771" lon="-121.03904072195292">
        <ele>489.93000000000001</ele>
        <time>2025-07-30T20:38:05Z</time>
      </trkpt>
      <trkpt lat="48.86846867389977" lon="-121.03881164453924">
        <ele>490.41000000000003</ele>
        <time>2025-07-30T20:38:32Z</time>
      </trkpt>
      <trkpt lat="48.868300532922149" lon="-121.03860050439835">
        <ele>490.41000000000003</ele>
        <time>2025-07-30T20:39:02Z</time>
      </trkpt>
      <trkpt lat="48.868168434128165" lon="-121.03849086910486">
        <ele>490.41000000000003</ele>
        <time>2025-07-30T20:39:31Z</time>
      </trkpt>
      <trkpt lat="48.868038346990943" lon="-121.03838785551488">
        <ele>490.41000000000003</ele>
        <time>2025-07-30T20:39:58Z</time>
      </trkpt>
      <trkpt lat="48.867884371429682" lon="-121.03826397098601">
        <ele>490.41000000000003</ele>
        <time>2025-07-30T20:40:22Z</time>
      </trkpt>
      <trkpt lat="48.867737939581275" lon="-121.03822616860271">
        <ele>490.41000000000003</ele>
        <time>2025-07-30T20:40:44Z</time>
      </trkpt>
      <trkpt lat="48.867525206878781" lon="-121.03827897459269">
        <ele>490.41000000000003</ele>
        <time>2025-07-30T20:41:09Z</time>
      </trkpt>
      <trkpt lat="48.867371566593647" lon="-121.03826715610921">
        <ele>490.88999999999999</ele>
        <time>2025-07-30T20:41:31Z</time>
      </trkpt>
      <trkpt lat="48.867239886894822" lon="-121.03818694129586">
        <ele>490.41000000000003</ele>
        <time>2025-07-30T20:41:53Z</time>
      </trkpt>
      <trkpt lat="48.867071159183979" lon="-121.03803874924779">
        <ele>490.41000000000003</ele>
        <time>2025-07-30T20:42:17Z</time>
      </trkpt>
      <trkpt lat="48.866996308788657" lon="-121.03792307898402">
        <ele>490.41000000000003</ele>
        <time>2025-07-30T20:42:26Z</time>
      </trkpt>
      <trkpt lat="48.866840908303857" lon="-121.03763826191425">
        <ele>491.37</ele>
        <time>2025-07-30T20:42:53Z</time>
      </trkpt>
      <trkpt lat="48.866702606901526" lon="-121.03751580230892">
        <ele>491.37</ele>
        <time>2025-07-30T20:43:17Z</time>
      </trkpt>
      <trkpt lat="48.866584002971649" lon="-121.0373368486762">
        <ele>490.88999999999999</ele>
        <time>2025-07-30T20:43:34Z</time>
      </trkpt>
      <trkpt lat="48.866521390154958" lon="-121.03725386783481">
        <ele>490.88999999999999</ele>
        <time>2025-07-30T20:43:43Z</time>
      </trkpt>
      <trkpt lat="48.866416867822409" lon="-121.03720718063414">
        <ele>490.88999999999999</ele>
        <time>2025-07-30T20:44:03Z</time>
      </trkpt>
      <trkpt lat="48.86632944457233" lon="-121.03715370409191">
        <ele>490.88999999999999</ele>
        <time>2025-07-30T20:44:23Z</time>
      </trkpt>
      <trkpt lat="48.866237746551633" lon="-121.03704289533198">
        <ele>490.88999999999999</ele>
        <time>2025-07-30T20:44:40Z</time>
      </trkpt>
      <trkpt lat="48.86612132191658" lon="-121.03697215206921">
        <ele>490.88999999999999</ele>
        <time>2025-07-30T20:44:59Z</time>
      </trkpt>
      <trkpt lat="48.866059631109238" lon="-121.03691465221345">
        <ele>490.88999999999999</ele>
        <time>2025-07-30T20:45:21Z</time>
      </trkpt>
      <trkpt lat="48.866005400195718" lon="-121.0368933621794">
        <ele>490.41000000000003</ele>
        <time>2025-07-30T20:45:40Z</time>
      </trkpt>
      <trkpt lat="48.865922838449478" lon="-121.0368862375617">
        <ele>490.41000000000003</ele>
        <time>2025-07-30T20:46:05Z</time>
      </trkpt>
      <trkpt lat="48.86583055369556" lon="-121.03690124116838">
        <ele>490.41000000000003</ele>
        <time>2025-07-30T20:46:36Z</time>
      </trkpt>
      <trkpt lat="48.865798618644476" lon="-121.03691565804183">
        <ele>489.93000000000001</ele>
        <time>2025-07-30T20:46:55Z</time>
      </trkpt>
      <trkpt lat="48.865781100466847" lon="-121.03692680597305">
        <ele>490.41000000000003</ele>
        <time>2025-07-30T20:47:13Z</time>
      </trkpt>
      <trkpt lat="48.865801133215427" lon="-121.03694792836905">
        <ele>488.97000000000003</ele>
        <time>2025-07-30T20:47:41Z</time>
      </trkpt>
      <trkpt lat="48.86581689119339" lon="-121.03692462667823">
        <ele>489.93000000000001</ele>
        <time>2025-07-30T20:47:59Z</time>
      </trkpt>
      <trkpt lat="48.865861734375358" lon="-121.03696444071829">
        <ele>489.93000000000001</ele>
        <time>2025-07-30T20:48:14Z</time>
      </trkpt>
      <trkpt lat="48.865763498470187" lon="-121.0367083735764">
        <ele>489.93000000000001</ele>
        <time>2025-07-30T20:48:32Z</time>
      </trkpt>
      <trkpt lat="48.865737598389387" lon="-121.03649823926389">
        <ele>489.93000000000001</ele>
        <time>2025-07-30T20:48:47Z</time>
      </trkpt>
      <trkpt lat="48.865751177072525" lon="-121.0362178646028">
        <ele>489.44999999999999</ele>
        <time>2025-07-30T20:49:07Z</time>
      </trkpt>
      <trkpt lat="48.865748913958669" lon="-121.03621903806925">
        <ele>489.44999999999999</ele>
        <time>2025-07-30T20:49:27Z</time>
      </trkpt>
      <trkpt lat="48.86572209186852" lon="-121.03615307249129">
        <ele>488.97000000000003</ele>
        <time>2025-07-30T20:49:45Z</time>
      </trkpt>
      <trkpt lat="48.865696862339973" lon="-121.03605802170932">
        <ele>488.97000000000003</ele>
        <time>2025-07-30T20:49:53Z</time>
      </trkpt>
      <trkpt lat="48.865511706098914" lon="-121.03577177971601">
        <ele>489.44999999999999</ele>
        <time>2025-07-30T20:50:17Z</time>
      </trkpt>
      <trkpt lat="48.865481363609433" lon="-121.03569240309298">
        <ele>489.44999999999999</ele>
        <time>2025-07-30T20:50:36Z</time>
      </trkpt>
      <trkpt lat="48.865490080788732" lon="-121.03559240698814">
        <ele>489.44999999999999</ele>
        <time>2025-07-30T20:50:57Z</time>
      </trkpt>
      <trkpt lat="48.865318670868874" lon="-121.03549760766327">
        <ele>489.44999999999999</ele>
        <time>2025-07-30T20:51:15Z</time>
      </trkpt>
      <trkpt lat="48.865161091089249" lon="-121.03544203564525">
        <ele>488.97000000000003</ele>
        <time>2025-07-30T20:51:34Z</time>
      </trkpt>
      <trkpt lat="48.865071488544345" lon="-121.0354376770556">
        <ele>488.97000000000003</ele>
        <time>2025-07-30T20:51:50Z</time>
      </trkpt>
      <trkpt lat="48.864926397800446" lon="-121.03535687550902">
        <ele>488.97000000000003</ele>
        <time>2025-07-30T20:52:03Z</time>
      </trkpt>
      <trkpt lat="48.864712156355381" lon="-121.03528135456145">
        <ele>488.97000000000003</ele>
        <time>2025-07-30T20:52:25Z</time>
      </trkpt>
      <trkpt lat="48.864559018984437" lon="-121.03513215668499">
        <ele>488.49000000000001</ele>
        <time>2025-07-30T20:52:49Z</time>
      </trkpt>
      <trkpt lat="48.864507721737027" lon="-121.03506627492607">
        <ele>488.49000000000001</ele>
        <time>2025-07-30T20:53:11Z</time>
      </trkpt>
      <trkpt lat="48.864496238529682" lon="-121.03502126410604">
        <ele>488.00999999999999</ele>
        <time>2025-07-30T20:53:38Z</time>
      </trkpt>
      <trkpt lat="48.864470506086946" lon="-121.03500760160387">
        <ele>488.00999999999999</ele>
        <time>2025-07-30T20:54:06Z</time>
      </trkpt>
      <trkpt lat="48.86444041505456" lon="-121.03497734293342">
        <ele>488.00999999999999</ele>
        <time>2025-07-30T20:54:32Z</time>
      </trkpt>
      <trkpt lat="48.86442331597209" lon="-121.03498145006597">
        <ele>488.00999999999999</ele>
        <time>2025-07-30T20:54:58Z</time>
      </trkpt>
      <trkpt lat="48.86441744863987" lon="-121.03496166877449">
        <ele>487.52999999999997</ele>
        <time>2025-07-30T20:55:25Z</time>
      </trkpt>
      <trkpt lat="48.86442725546658" lon="-121.03496443480253">
        <ele>487.52999999999997</ele>
        <time>2025-07-30T20:55:55Z</time>
      </trkpt>
      <trkpt lat="48.864434380084276" lon="-121.03496267460287">
        <ele>488.00999999999999</ele>
        <time>2025-07-30T20:56:19Z</time>
      </trkpt>
      <trkpt lat="48.864421220496297" lon="-121.0349728167057">
        <ele>488.00999999999999</ele>
        <time>2025-07-30T20:56:39Z</time>
      </trkpt>
      <trkpt lat="48.864424154162407" lon="-121.03498061187565">
        <ele>488.00999999999999</ele>
        <time>2025-07-30T20:57:06Z</time>
      </trkpt>
      <trkpt lat="48.864416275173426" lon="-121.03500030934811">
        <ele>488.00999999999999</ele>
        <time>2025-07-30T20:57:33Z</time>
      </trkpt>
      <trkpt lat="48.864426920190454" lon="-121.03503392077982">
        <ele>488.00999999999999</ele>
        <time>2025-07-30T20:58:04Z</time>
      </trkpt>
      <trkpt lat="48.864431446418166" lon="-121.03507591411471">
        <ele>488.00999999999999</ele>
        <time>2025-07-30T20:58:31Z</time>
      </trkpt>
      <trkpt lat="48.864418286830187" lon="-121.03508295491338">
        <ele>487.52999999999997</ele>
        <time>2025-07-30T20:59:01Z</time>
      </trkpt>
      <trkpt lat="48.864406468346715" lon="-121.03509603068233">
        <ele>487.52999999999997</ele>
        <time>2025-07-30T20:59:28Z</time>
      </trkpt>
      <trkpt lat="48.864432871341705" lon="-121.03512528352439">
        <ele>487.52999999999997</ele>
        <time>2025-07-30T20:59:58Z</time>
      </trkpt>
      <trkpt lat="48.864382999017835" lon="-121.03510642424226">
        <ele>487.52999999999997</ele>
        <time>2025-07-30T21:00:21Z</time>
      </trkpt>
      <trkpt lat="48.864360619336367" lon="-121.03510022163391">
        <ele>487.52999999999997</ele>
        <time>2025-07-30T21:00:47Z</time>
      </trkpt>
      <trkpt lat="48.864349387586117" lon="-121.03507214225829">
        <ele>488.00999999999999</ele>
        <time>2025-07-30T21:01:16Z</time>
      </trkpt>
      <trkpt lat="48.864342598244548" lon="-121.03508203290403">
        <ele>488.00999999999999</ele>
        <time>2025-07-30T21:01:47Z</time>
      </trkpt>
      <trkpt lat="48.864376544952393" lon="-121.03503760881722">
        <ele>488.49000000000001</ele>
        <time>2025-07-30T21:02:23Z</time>
      </trkpt>
      <trkpt lat="48.8643778860569" lon="-121.03502235375345">
        <ele>488.49000000000001</ele>
        <time>2025-07-30T21:02:49Z</time>
      </trkpt>
      <trkpt lat="48.864388028159738" lon="-121.03496049530804">
        <ele>488.49000000000001</ele>
        <time>2025-07-30T21:03:14Z</time>
      </trkpt>
      <trkpt lat="48.864369755610824" lon="-121.03496108204126">
        <ele>488.49000000000001</ele>
        <time>2025-07-30T21:03:36Z</time>
      </trkpt>
      <trkpt lat="48.864353327080607" lon="-121.03502662852407">
        <ele>488.49000000000001</ele>
        <time>2025-07-30T21:04:00Z</time>
      </trkpt>
      <trkpt lat="48.864293815568089" lon="-121.03514732792974">
        <ele>488.49000000000001</ele>
        <time>2025-07-30T21:04:26Z</time>
      </trkpt>
      <trkpt lat="48.864255845546722" lon="-121.03512913919985">
        <ele>488.49000000000001</ele>
        <time>2025-07-30T21:04:46Z</time>
      </trkpt>
      <trkpt lat="48.864157190546393" lon="-121.03513701818883">
        <ele>488.97000000000003</ele>
        <time>2025-07-30T21:05:07Z</time>
      </trkpt>
      <trkpt lat="48.864143611863256" lon="-121.03517272509634">
        <ele>488.97000000000003</ele>
        <time>2025-07-30T21:05:29Z</time>
      </trkpt>
      <trkpt lat="48.864140510559082" lon="-121.03514657355845">
        <ele>488.97000000000003</ele>
        <time>2025-07-30T21:05:52Z</time>
      </trkpt>
      <trkpt lat="48.864094661548734" lon="-121.03514841757715">
        <ele>488.97000000000003</ele>
        <time>2025-07-30T21:06:18Z</time>
      </trkpt>
      <trkpt lat="48.864075215533376" lon="-121.03513944894075">
        <ele>488.97000000000003</ele>
        <time>2025-07-30T21:06:48Z</time>
      </trkpt>
      <trkpt lat="48.864073706790805" lon="-121.03512997739017">
        <ele>488.97000000000003</ele>
        <time>2025-07-30T21:07:11Z</time>
      </trkpt>
      <trkpt lat="48.864064235240221" lon="-121.03512863628566">
        <ele>488.97000000000003</ele>
        <time>2025-07-30T21:07:30Z</time>
      </trkpt>
      <trkpt lat="48.864010842517018" lon="-121.03501908481121">
        <ele>488.97000000000003</ele>
        <time>2025-07-30T21:07:56Z</time>
      </trkpt>
      <trkpt lat="48.863904811441898" lon="-121.03494683280587">
        <ele>488.97000000000003</ele>
        <time>2025-07-30T21:08:19Z</time>
      </trkpt>
      <trkpt lat="48.86375293135643" lon="-121.03488430380821">
        <ele>488.97000000000003</ele>
        <time>2025-07-30T21:08:44Z</time>
      </trkpt>
      <trkpt lat="48.863650923594832" lon="-121.0346966329962">
        <ele>488.97000000000003</ele>
        <time>2025-07-30T21:09:05Z</time>
      </trkpt>
      <trkpt lat="48.863645559176803" lon="-121.03468380868435">
        <ele>488.97000000000003</ele>
        <time>2025-07-30T21:09:06Z</time>
      </trkpt>
      <trkpt lat="48.863525781780481" lon="-121.03457987308502">
        <ele>488.97000000000003</ele>
        <time>2025-07-30T21:09:22Z</time>
      </trkpt>
      <trkpt lat="48.863293267786503" lon="-121.03447744622827">
        <ele>488.97000000000003</ele>
        <time>2025-07-30T21:09:46Z</time>
      </trkpt>
      <trkpt lat="48.863028818741441" lon="-121.03444207459688">
        <ele>488.97000000000003</ele>
        <time>2025-07-30T21:10:12Z</time>
      </trkpt>
      <trkpt lat="48.862798232585192" lon="-121.03438750840724">
        <ele>488.49000000000001</ele>
        <time>2025-07-30T21:10:38Z</time>
      </trkpt>
      <trkpt lat="48.862788761034608" lon="-121.0343908611685">
        <ele>488.49000000000001</ele>
        <time>2025-07-30T21:10:39Z</time>
      </trkpt>
      <trkpt lat="48.862537806853652" lon="-121.03437149897218">
        <ele>488.49000000000001</ele>
        <time>2025-07-30T21:11:06Z</time>
      </trkpt>
      <trkpt lat="48.862358769401908" lon="-121.03425683453679">
        <ele>488.97000000000003</ele>
        <time>2025-07-30T21:11:28Z</time>
      </trkpt>
      <trkpt lat="48.862228682264686" lon="-121.0342906974256">
        <ele>488.49000000000001</ele>
        <time>2025-07-30T21:11:52Z</time>
      </trkpt>
      <trkpt lat="48.862117873504758" lon="-121.03429103270173">
        <ele>488.49000000000001</ele>
        <time>2025-07-30T21:12:16Z</time>
      </trkpt>
      <trkpt lat="48.861980075016618" lon="-121.0342185292393">
        <ele>488.49000000000001</ele>
        <time>2025-07-30T21:12:38Z</time>
      </trkpt>
      <trkpt lat="48.861873038113117" lon="-121.03413823060691">
        <ele>488.49000000000001</ele>
        <time>2025-07-30T21:12:58Z</time>
      </trkpt>
      <trkpt lat="48.861747896298766" lon="-121.03411115705967">
        <ele>488.49000000000001</ele>
        <time>2025-07-30T21:13:18Z</time>
      </trkpt>
      <trkpt lat="48.861626358702779" lon="-121.03407025337219">
        <ele>488.49000000000001</ele>
        <time>2025-07-30T21:13:38Z</time>
      </trkpt>
      <trkpt lat="48.861496271565557" lon="-121.0340488795191">
        <ele>488.00999999999999</ele>
        <time>2025-07-30T21:14:01Z</time>
      </trkpt>
      <trkpt lat="48.861394179984927" lon="-121.03397595696151">
        <ele>488.00999999999999</ele>
        <time>2025-07-30T21:14:20Z</time>
      </trkpt>
      <trkpt lat="48.86124967597425" lon="-121.03394955396652">
        <ele>488.49000000000001</ele>
        <time>2025-07-30T21:14:44Z</time>
      </trkpt>
      <trkpt lat="48.861156385391951" lon="-121.03388761170208">
        <ele>488.00999999999999</ele>
        <time>2025-07-30T21:15:07Z</time>
      </trkpt>
      <trkpt lat="48.861033674329519" lon="-121.03392952121794">
        <ele>488.00999999999999</ele>
        <time>2025-07-30T21:15:30Z</time>
      </trkpt>
      <trkpt lat="48.860869808122516" lon="-121.03395324200392">
        <ele>488.00999999999999</ele>
        <time>2025-07-30T21:15:56Z</time>
      </trkpt>
      <trkpt lat="48.860689261928201" lon="-121.03404091671109">
        <ele>488.00999999999999</ele>
        <time>2025-07-30T21:16:22Z</time>
      </trkpt>
      <trkpt lat="48.860549032688141" lon="-121.0341130848974">
        <ele>488.00999999999999</ele>
        <time>2025-07-30T21:16:46Z</time>
      </trkpt>
      <trkpt lat="48.860390447080135" lon="-121.03414292447269">
        <ele>488.00999999999999</ele>
        <time>2025-07-30T21:17:08Z</time>
      </trkpt>
      <trkpt lat="48.860191460698843" lon="-121.03407628834248">
        <ele>488.00999999999999</ele>
        <time>2025-07-30T21:17:33Z</time>
      </trkpt>
      <trkpt lat="48.860033042728901" lon="-121.03402809239924">
        <ele>487.52999999999997</ele>
        <time>2025-07-30T21:17:54Z</time>
      </trkpt>
      <trkpt lat="48.859810587018728" lon="-121.03406648151577">
        <ele>487.52999999999997</ele>
        <time>2025-07-30T21:18:18Z</time>
      </trkpt>
      <trkpt lat="48.859643451869488" lon="-121.03407670743763">
        <ele>487.52999999999997</ele>
        <time>2025-07-30T21:18:41Z</time>
      </trkpt>
      <trkpt lat="48.859470700845122" lon="-121.03410939686">
        <ele>487.05000000000001</ele>
        <time>2025-07-30T21:19:03Z</time>
      </trkpt>
      <trkpt lat="48.859272636473179" lon="-121.03410428389907">
        <ele>487.05000000000001</ele>
        <time>2025-07-30T21:19:26Z</time>
      </trkpt>
      <trkpt lat="48.859086306765676" lon="-121.03411878459156">
        <ele>487.05000000000001</ele>
        <time>2025-07-30T21:19:48Z</time>
      </trkpt>
      <trkpt lat="48.858892768621445" lon="-121.03414460085332">
        <ele>487.05000000000001</ele>
        <time>2025-07-30T21:20:10Z</time>
      </trkpt>
      <trkpt lat="48.858725130558014" lon="-121.03415340185165">
        <ele>486.56</ele>
        <time>2025-07-30T21:20:28Z</time>
      </trkpt>
      <trkpt lat="48.858566042035818" lon="-121.03418399579823">
        <ele>486.56</ele>
        <time>2025-07-30T21:20:46Z</time>
      </trkpt>
      <trkpt lat="48.858361439779401" lon="-121.03418223559856">
        <ele>486.56</ele>
        <time>2025-07-30T21:21:07Z</time>
      </trkpt>
      <trkpt lat="48.858111659064889" lon="-121.03410730138421">
        <ele>487.05000000000001</ele>
        <time>2025-07-30T21:21:31Z</time>
      </trkpt>
      <trkpt lat="48.857892639935017" lon="-121.03407285176218">
        <ele>487.05000000000001</ele>
        <time>2025-07-30T21:21:53Z</time>
      </trkpt>
      <trkpt lat="48.85761427693069" lon="-121.03413152508438">
        <ele>487.05000000000001</ele>
        <time>2025-07-30T21:22:18Z</time>
      </trkpt>
      <trkpt lat="48.857403639703989" lon="-121.0341197066009">
        <ele>486.56</ele>
        <time>2025-07-30T21:22:39Z</time>
      </trkpt>
      <trkpt lat="48.857256956398487" lon="-121.03420402854681">
        <ele>486.56</ele>
        <time>2025-07-30T21:22:55Z</time>
      </trkpt>
      <trkpt lat="48.857123181223869" lon="-121.03427586145699">
        <ele>486.56</ele>
        <time>2025-07-30T21:23:11Z</time>
      </trkpt>
      <trkpt lat="48.856879938393831" lon="-121.03431274183095">
        <ele>486.56</ele>
        <time>2025-07-30T21:23:34Z</time>
      </trkpt>
      <trkpt lat="48.856704588979483" lon="-121.03437812067568">
        <ele>486.56</ele>
        <time>2025-07-30T21:23:52Z</time>
      </trkpt>
      <trkpt lat="48.856472996994853" lon="-121.03436227887869">
        <ele>486.56</ele>
        <time>2025-07-30T21:24:13Z</time>
      </trkpt>
      <trkpt lat="48.85624417103827" lon="-121.03432481177151">
        <ele>486.56</ele>
        <time>2025-07-30T21:24:35Z</time>
      </trkpt>
      <trkpt lat="48.855975363403559" lon="-121.03433419950306">
        <ele>486.56</ele>
        <time>2025-07-30T21:24:59Z</time>
      </trkpt>
      <trkpt lat="48.855768833309412" lon="-121.03419992141426">
        <ele>486.56</ele>
        <time>2025-07-30T21:25:20Z</time>
      </trkpt>
      <trkpt lat="48.855595076456666" lon="-121.03420310653746">
        <ele>486.56</ele>
        <time>2025-07-30T21:25:41Z</time>
      </trkpt>
      <trkpt lat="48.855585772544146" lon="-121.03420729748905">
        <ele>486.56</ele>
        <time>2025-07-30T21:25:42Z</time>
      </trkpt>
      <trkpt lat="48.855368765071034" lon="-121.03410981595516">
        <ele>487.05000000000001</ele>
        <time>2025-07-30T21:26:03Z</time>
      </trkpt>
      <trkpt lat="48.855181429535151" lon="-121.03405198082328">
        <ele>487.05000000000001</ele>
        <time>2025-07-30T21:26:23Z</time>
      </trkpt>
      <trkpt lat="48.854981269687414" lon="-121.03403337299824">
        <ele>487.52999999999997</ele>
        <time>2025-07-30T21:26:46Z</time>
      </trkpt>
      <trkpt lat="48.854841878637671" lon="-121.03407670743763">
        <ele>486.56</ele>
        <time>2025-07-30T21:27:04Z</time>
      </trkpt>
      <trkpt lat="48.854541638866067" lon="-121.03412917815149">
        <ele>486.56</ele>
        <time>2025-07-30T21:27:27Z</time>
      </trkpt>
      <trkpt lat="48.854298312216997" lon="-121.03416924364865">
        <ele>486.56</ele>
        <time>2025-07-30T21:27:49Z</time>
      </trkpt>
      <trkpt lat="48.85404828004539" lon="-121.03413747623563">
        <ele>486.56</ele>
        <time>2025-07-30T21:28:12Z</time>
      </trkpt>
      <trkpt lat="48.85377218015492" lon="-121.03409129194915">
        <ele>486.56</ele>
        <time>2025-07-30T21:28:38Z</time>
      </trkpt>
      <trkpt lat="48.853527763858438" lon="-121.0340956505388">
        <ele>486.56</ele>
        <time>2025-07-30T21:29:00Z</time>
      </trkpt>
      <trkpt lat="48.853269349783659" lon="-121.03412825614214">
        <ele>486.56</ele>
        <time>2025-07-30T21:29:23Z</time>
      </trkpt>
      <trkpt lat="48.8530133664608" lon="-121.03416555561125">
        <ele>486.56</ele>
        <time>2025-07-30T21:29:45Z</time>
      </trkpt>
      <trkpt lat="48.852795353159308" lon="-121.0342026874423">
        <ele>486.07999999999998</ele>
        <time>2025-07-30T21:30:06Z</time>
      </trkpt>
      <trkpt lat="48.852540627121925" lon="-121.03418466635048">
        <ele>486.07999999999998</ele>
        <time>2025-07-30T21:30:29Z</time>
      </trkpt>
      <trkpt lat="48.85227994993329" lon="-121.0342357121408">
        <ele>486.07999999999998</ele>
        <time>2025-07-30T21:30:52Z</time>
      </trkpt>
      <trkpt lat="48.852055901661515" lon="-121.0342063754797">
        <ele>486.07999999999998</ele>
        <time>2025-07-30T21:31:16Z</time>
      </trkpt>
      <trkpt lat="48.851904859766364" lon="-121.03431726805866">
        <ele>485.60000000000002</ele>
        <time>2025-07-30T21:31:40Z</time>
      </trkpt>
      <trkpt lat="48.85183235630393" lon="-121.03449421003461">
        <ele>485.60000000000002</ele>
        <time>2025-07-30T21:32:04Z</time>
      </trkpt>
      <trkpt lat="48.851699670776725" lon="-121.03449496440589">
        <ele>485.60000000000002</ele>
        <time>2025-07-30T21:32:25Z</time>
      </trkpt>
      <trkpt lat="48.851501941680908" lon="-121.03429798968136">
        <ele>485.60000000000002</ele>
        <time>2025-07-30T21:32:47Z</time>
      </trkpt>
      <trkpt lat="48.851477047428489" lon="-121.03421433828771">
        <ele>485.60000000000002</ele>
        <time>2025-07-30T21:33:10Z</time>
      </trkpt>
      <trkpt lat="48.851460199803114" lon="-121.03419891558588">
        <ele>485.60000000000002</ele>
        <time>2025-07-30T21:33:41Z</time>
      </trkpt>
      <trkpt lat="48.85149615816772" lon="-121.0341529827565">
        <ele>486.56</ele>
        <time>2025-07-30T21:34:11Z</time>
      </trkpt>
      <trkpt lat="48.851571176201105" lon="-121.03419539518654">
        <ele>486.56</ele>
        <time>2025-07-30T21:34:35Z</time>
      </trkpt>
      <trkpt lat="48.851584754884243" lon="-121.03448172099888">
        <ele>487.05000000000001</ele>
        <time>2025-07-30T21:35:03Z</time>
      </trkpt>
      <trkpt lat="48.851582072675228" lon="-121.03473108261824">
        <ele>486.56</ele>
        <time>2025-07-30T21:35:30Z</time>
      </trkpt>
      <trkpt lat="48.851584251970053" lon="-121.03495303541422">
        <ele>486.56</ele>
        <time>2025-07-30T21:35:56Z</time>
      </trkpt>
      <trkpt lat="48.851554412394762" lon="-121.03502796962857">
        <ele>486.07999999999998</ele>
        <time>2025-07-30T21:36:21Z</time>
      </trkpt>
      <trkpt lat="48.851516861468554" lon="-121.03501891717315">
        <ele>486.07999999999998</ele>
        <time>2025-07-30T21:36:50Z</time>
      </trkpt>
      <trkpt lat="48.85150152258575" lon="-121.03498077951372">
        <ele>486.07999999999998</ele>
        <time>2025-07-30T21:37:13Z</time>
      </trkpt>
      <trkpt lat="48.851530021056533" lon="-121.03493015281856">
        <ele>485.60000000000002</ele>
        <time>2025-07-30T21:37:38Z</time>
      </trkpt>
      <trkpt lat="48.851521387696266" lon="-121.03487986139953">
        <ele>485.60000000000002</ele>
        <time>2025-07-30T21:38:00Z</time>
      </trkpt>
      <trkpt lat="48.851459948346019" lon="-121.03490752168">
        <ele>485.60000000000002</ele>
        <time>2025-07-30T21:38:26Z</time>
      </trkpt>
      <trkpt lat="48.851467072963715" lon="-121.03495957329869">
        <ele>485.60000000000002</ele>
        <time>2025-07-30T21:38:53Z</time>
      </trkpt>
      <trkpt lat="48.851461624726653" lon="-121.03497700765729">
        <ele>485.12</ele>
        <time>2025-07-30T21:39:17Z</time>
      </trkpt>
      <trkpt lat="48.851470928639174" lon="-121.03495890274644">
        <ele>485.12</ele>
        <time>2025-07-30T21:39:45Z</time>
      </trkpt>
      <trkpt lat="48.851472940295935" lon="-121.03493166156113">
        <ele>485.12</ele>
        <time>2025-07-30T21:40:08Z</time>
      </trkpt>
      <trkpt lat="48.85146246291697" lon="-121.03496921248734">
        <ele>485.12</ele>
        <time>2025-07-30T21:40:36Z</time>
      </trkpt>
      <trkpt lat="48.85146833024919" lon="-121.03498346172273">
        <ele>485.12</ele>
        <time>2025-07-30T21:41:02Z</time>
      </trkpt>
      <trkpt lat="48.851471012458205" lon="-121.03498614393175">
        <ele>485.12</ele>
        <time>2025-07-30T21:41:28Z</time>
      </trkpt>
      <trkpt lat="48.851453326642513" lon="-121.03493300266564">
        <ele>484.63999999999999</ele>
        <time>2025-07-30T21:41:56Z</time>
      </trkpt>
      <trkpt lat="48.851426504552364" lon="-121.03491196408868">
        <ele>484.63999999999999</ele>
        <time>2025-07-30T21:42:19Z</time>
      </trkpt>
      <trkpt lat="48.851413428783417" lon="-121.03490777313709">
        <ele>484.63999999999999</ele>
        <time>2025-07-30T21:42:48Z</time>
      </trkpt>
      <trkpt lat="48.851407645270228" lon="-121.03482831269503">
        <ele>484.63999999999999</ele>
        <time>2025-07-30T21:43:14Z</time>
      </trkpt>
      <trkpt lat="48.851463887840509" lon="-121.03473560884595">
        <ele>484.63999999999999</ele>
        <time>2025-07-30T21:43:32Z</time>
      </trkpt>
      <trkpt lat="48.851513843983412" lon="-121.03462706319988">
        <ele>484.63999999999999</ele>
        <time>2025-07-30T21:43:52Z</time>
      </trkpt>
      <trkpt lat="48.851581318303943" lon="-121.03459445759654">
        <ele>484.63999999999999</ele>
        <time>2025-07-30T21:44:17Z</time>
      </trkpt>
      <trkpt lat="48.851639656350017" lon="-121.03451767936349">
        <ele>484.16000000000003</ele>
        <time>2025-07-30T21:44:29Z</time>
      </trkpt>
      <trkpt lat="48.851780723780394" lon="-121.03421391919255">
        <ele>484.16000000000003</ele>
        <time>2025-07-30T21:44:55Z</time>
      </trkpt>
      <trkpt lat="48.851879630237818" lon="-121.03390797972679">
        <ele>484.63999999999999</ele>
        <time>2025-07-30T21:45:14Z</time>
      </trkpt>
      <trkpt lat="48.851932436227798" lon="-121.03358234278858">
        <ele>485.12</ele>
        <time>2025-07-30T21:45:36Z</time>
      </trkpt>
      <trkpt lat="48.852038970217109" lon="-121.03317548520863">
        <ele>485.12</ele>
        <time>2025-07-30T21:46:01Z</time>
      </trkpt>
      <trkpt lat="48.852129746228456" lon="-121.03277516551316">
        <ele>484.63999999999999</ele>
        <time>2025-07-30T21:46:23Z</time>
      </trkpt>
      <trkpt lat="48.852176601067185" lon="-121.03230904787779">
        <ele>484.63999999999999</ele>
        <time>2025-07-30T21:46:46Z</time>
      </trkpt>
      <trkpt lat="48.852300904691219" lon="-121.03187218308449">
        <ele>484.63999999999999</ele>
        <time>2025-07-30T21:47:08Z</time>
      </trkpt>
      <trkpt lat="48.852415652945638" lon="-121.03144017979503">
        <ele>484.63999999999999</ele>
        <time>2025-07-30T21:47:31Z</time>
      </trkpt>
      <trkpt lat="48.85251640342176" lon="-121.03105461224914">
        <ele>484.16000000000003</ele>
        <time>2025-07-30T21:47:51Z</time>
      </trkpt>
      <trkpt lat="48.852593181654811" lon="-121.03063970804214">
        <ele>484.16000000000003</ele>
        <time>2025-07-30T21:48:11Z</time>
      </trkpt>
      <trkpt lat="48.85270407423377" lon="-121.03019605390728">
        <ele>484.16000000000003</ele>
        <time>2025-07-30T21:48:34Z</time>
      </trkpt>
      <trkpt lat="48.852795017883182" lon="-121.02970361709595">
        <ele>484.16000000000003</ele>
        <time>2025-07-30T21:48:58Z</time>
      </trkpt>
      <trkpt lat="48.85291856713593" lon="-121.02922149002552">
        <ele>484.16000000000003</ele>
        <time>2025-07-30T21:49:21Z</time>
      </trkpt>
      <trkpt lat="48.853011270985007" lon="-121.02875771932304">
        <ele>484.16000000000003</ele>
        <time>2025-07-30T21:49:42Z</time>
      </trkpt>
      <trkpt lat="48.853085031732917" lon="-121.02840006351471">
        <ele>484.16000000000003</ele>
        <time>2025-07-30T21:50:03Z</time>
      </trkpt>
      <trkpt lat="48.853230960667133" lon="-121.02805129252374">
        <ele>484.16000000000003</ele>
        <time>2025-07-30T21:50:25Z</time>
      </trkpt>
      <trkpt lat="48.853327687829733" lon="-121.02767175994813">
        <ele>484.16000000000003</ele>
        <time>2025-07-30T21:50:44Z</time>
      </trkpt>
      <trkpt lat="48.853455847129226" lon="-121.02721469476819">
        <ele>484.16000000000003</ele>
        <time>2025-07-30T21:51:07Z</time>
      </trkpt>
      <trkpt lat="48.853525836020708" lon="-121.02681202813983">
        <ele>484.16000000000003</ele>
        <time>2025-07-30T21:51:28Z</time>
      </trkpt>
      <trkpt lat="48.853648295626044" lon="-121.02639175951481">
        <ele>483.68000000000001</ele>
        <time>2025-07-30T21:51:49Z</time>
      </trkpt>
      <trkpt lat="48.853692803531885" lon="-121.0260383784771">
        <ele>483.68000000000001</ele>
        <time>2025-07-30T21:52:07Z</time>
      </trkpt>
      <trkpt lat="48.853760613128543" lon="-121.02566119283438">
        <ele>483.68000000000001</ele>
        <time>2025-07-30T21:52:25Z</time>
      </trkpt>
      <trkpt lat="48.8537922129035" lon="-121.02529741823673">
        <ele>483.68000000000001</ele>
        <time>2025-07-30T21:52:40Z</time>
      </trkpt>
      <trkpt lat="48.8538767863065" lon="-121.02486583404243">
        <ele>483.68000000000001</ele>
        <time>2025-07-30T21:52:59Z</time>
      </trkpt>
      <trkpt lat="48.853986756876111" lon="-121.02444254793227">
        <ele>483.68000000000001</ele>
        <time>2025-07-30T21:53:19Z</time>
      </trkpt>
      <trkpt lat="48.85409077629447" lon="-121.02399956434965">
        <ele>483.68000000000001</ele>
        <time>2025-07-30T21:53:42Z</time>
      </trkpt>
      <trkpt lat="48.854103349149227" lon="-121.02356638759375">
        <ele>483.68000000000001</ele>
        <time>2025-07-30T21:54:04Z</time>
      </trkpt>
      <trkpt lat="48.854227401316166" lon="-121.02307520806789">
        <ele>483.68000000000001</ele>
        <time>2025-07-30T21:54:29Z</time>
      </trkpt>
      <trkpt lat="48.85431214235723" lon="-121.02263507433236">
        <ele>483.68000000000001</ele>
        <time>2025-07-30T21:54:50Z</time>
      </trkpt>
      <trkpt lat="48.854402499273419" lon="-121.02199595421553">
        <ele>483.68000000000001</ele>
        <time>2025-07-30T21:55:20Z</time>
      </trkpt>
      <trkpt lat="48.854522611945868" lon="-121.02152195759118">
        <ele>483.68000000000001</ele>
        <time>2025-07-30T21:55:46Z</time>
      </trkpt>
      <trkpt lat="48.854517498984933" lon="-121.02109037339687">
        <ele>483.68000000000001</ele>
        <time>2025-07-30T21:56:05Z</time>
      </trkpt>
      <trkpt lat="48.854650352150202" lon="-121.02053574286401">
        <ele>483.68000000000001</ele>
        <time>2025-07-30T21:56:34Z</time>
      </trkpt>
      <trkpt lat="48.854744983837008" lon="-121.02004012092948">
        <ele>483.68000000000001</ele>
        <time>2025-07-30T21:56:59Z</time>
      </trkpt>
      <trkpt lat="48.854825114831328" lon="-121.01966955699027">
        <ele>483.68000000000001</ele>
        <time>2025-07-30T21:57:18Z</time>
      </trkpt>
      <trkpt lat="48.855004571378231" lon="-121.01923269219697">
        <ele>483.19999999999999</ele>
        <time>2025-07-30T21:57:43Z</time>
      </trkpt>
      <trkpt lat="48.855163659900427" lon="-121.0188818257302">
        <ele>483.19999999999999</ele>
        <time>2025-07-30T21:58:03Z</time>
      </trkpt>
      <trkpt lat="48.855367675423622" lon="-121.01846683770418">
        <ele>483.19999999999999</ele>
        <time>2025-07-30T21:58:29Z</time>
      </trkpt>
      <trkpt lat="48.855557106435299" lon="-121.01841436699033">
        <ele>483.19999999999999</ele>
        <time>2025-07-30T21:58:49Z</time>
      </trkpt>
      <trkpt lat="48.855886850506067" lon="-121.01871930062771">
        <ele>483.19999999999999</ele>
        <time>2025-07-30T21:59:16Z</time>
      </trkpt>
      <trkpt lat="48.855895400047302" lon="-121.01873480714858">
        <ele>483.68000000000001</ele>
        <time>2025-07-30T21:59:30Z</time>
      </trkpt>
      <trkpt lat="48.855888275429606" lon="-121.01873832754791">
        <ele>483.68000000000001</ele>
        <time>2025-07-30T21:59:45Z</time>
      </trkpt>
      <trkpt lat="48.855917360633612" lon="-121.01876984350383">
        <ele>484.16000000000003</ele>
        <time>2025-07-30T22:00:00Z</time>
      </trkpt>
      <trkpt lat="48.855922725051641" lon="-121.01878132671118">
        <ele>483.68000000000001</ele>
        <time>2025-07-30T22:00:17Z</time>
      </trkpt>
    </trkseg>
  </trk>

  <trk>
    <name>Day 4 - Green Point</name>
    <extensions>
      <gpxx:TrackExtension>
        <gpxx:DisplayColor>Green</gpxx:DisplayColor>
      </gpxx:TrackExtension>
    </extensions>
    <trkseg>
      <trkpt lat="48.855873523280025" lon="-121.01865392178297">
        <ele>466.86000000000001</ele>
        <time>2025-07-31T15:19:43Z</time>
      </trkpt>
      <trkpt lat="48.855871176347136" lon="-121.01865551434457">
        <ele>465.89999999999998</ele>
        <time>2025-07-31T15:19:44Z</time>
      </trkpt>
      <trkpt lat="48.855872601270676" lon="-121.01865224540234">
        <ele>469.25999999999999</ele>
        <time>2025-07-31T15:19:50Z</time>
      </trkpt>
      <trkpt lat="48.855864303186536" lon="-121.01864009164274">
        <ele>472.63</ele>
        <time>2025-07-31T15:19:56Z</time>
      </trkpt>
      <trkpt lat="48.855867572128773" lon="-121.01865358650684">
        <ele>475.50999999999999</ele>
        <time>2025-07-31T15:20:03Z</time>
      </trkpt>
      <trkpt lat="48.855856759473681" lon="-121.01863875053823">
        <ele>478.87</ele>
        <time>2025-07-31T15:20:13Z</time>
      </trkpt>
      <trkpt lat="48.855834463611245" lon="-121.01858929730952">
        <ele>481.75999999999999</ele>
        <time>2025-07-31T15:20:29Z</time>
      </trkpt>
      <trkpt lat="48.855783334001899" lon="-121.01853615604341">
        <ele>485.12</ele>
        <time>2025-07-31T15:20:43Z</time>
      </trkpt>
      <trkpt lat="48.855731198564172" lon="-121.0185260977596">
        <ele>488.00999999999999</ele>
        <time>2025-07-31T15:21:00Z</time>
      </trkpt>
      <trkpt lat="48.855578061193228" lon="-121.01856674998999">
        <ele>490.41000000000003</ele>
        <time>2025-07-31T15:21:22Z</time>
      </trkpt>
      <trkpt lat="48.855488961562514" lon="-121.01862098090351">
        <ele>490.41000000000003</ele>
        <time>2025-07-31T15:21:33Z</time>
      </trkpt>
      <trkpt lat="48.855351079255342" lon="-121.01874243468046">
        <ele>490.41000000000003</ele>
        <time>2025-07-31T15:21:48Z</time>
      </trkpt>
      <trkpt lat="48.855215711519122" lon="-121.01893513463438">
        <ele>490.41000000000003</ele>
        <time>2025-07-31T15:22:03Z</time>
      </trkpt>
      <trkpt lat="48.854978755116463" lon="-121.0189357213676">
        <ele>490.41000000000003</ele>
        <time>2025-07-31T15:22:23Z</time>
      </trkpt>
      <trkpt lat="48.854806004092097" lon="-121.01912154816091">
        <ele>490.41000000000003</ele>
        <time>2025-07-31T15:22:38Z</time>
      </trkpt>
      <trkpt lat="48.85456326417625" lon="-121.01913495920599">
        <ele>490.41000000000003</ele>
        <time>2025-07-31T15:22:56Z</time>
      </trkpt>
      <trkpt lat="48.854434937238693" lon="-121.01907293312252">
        <ele>490.41000000000003</ele>
        <time>2025-07-31T15:23:10Z</time>
      </trkpt>
      <trkpt lat="48.854269981384277" lon="-121.01926320232451">
        <ele>490.41000000000003</ele>
        <time>2025-07-31T15:23:29Z</time>
      </trkpt>
      <trkpt lat="48.85407610796392" lon="-121.01920193061233">
        <ele>490.41000000000003</ele>
        <time>2025-07-31T15:23:50Z</time>
      </trkpt>
      <trkpt lat="48.854072587564588" lon="-121.01910889148712">
        <ele>490.41000000000003</ele>
        <time>2025-07-31T15:24:11Z</time>
      </trkpt>
      <trkpt lat="48.854002011939883" lon="-121.01909480988979">
        <ele>489.93000000000001</ele>
        <time>2025-07-31T15:24:29Z</time>
      </trkpt>
      <trkpt lat="48.853952642530203" lon="-121.01915750652552">
        <ele>489.93000000000001</ele>
        <time>2025-07-31T15:24:37Z</time>
      </trkpt>
      <trkpt lat="48.853717446327209" lon="-121.01937493309379">
        <ele>489.93000000000001</ele>
        <time>2025-07-31T15:24:58Z</time>
      </trkpt>
      <trkpt lat="48.853528182953596" lon="-121.01952421478927">
        <ele>489.93000000000001</ele>
        <time>2025-07-31T15:25:13Z</time>
      </trkpt>
      <trkpt lat="48.853289633989334" lon="-121.01958397775888">
        <ele>489.93000000000001</ele>
        <time>2025-07-31T15:25:28Z</time>
      </trkpt>
      <trkpt lat="48.853059131652117" lon="-121.01971968077123">
        <ele>489.93000000000001</ele>
        <time>2025-07-31T15:25:43Z</time>
      </trkpt>
      <trkpt lat="48.85280029848218" lon="-121.01985177956522">
        <ele>489.93000000000001</ele>
        <time>2025-07-31T15:26:00Z</time>
      </trkpt>
      <trkpt lat="48.852569712325931" lon="-121.02014967240393">
        <ele>489.93000000000001</ele>
        <time>2025-07-31T15:26:19Z</time>
      </trkpt>
      <trkpt lat="48.852357314899564" lon="-121.02026408538222">
        <ele>489.93000000000001</ele>
        <time>2025-07-31T15:26:33Z</time>
      </trkpt>
      <trkpt lat="48.85214944370091" lon="-121.02044563740492">
        <ele>489.93000000000001</ele>
        <time>2025-07-31T15:26:49Z</time>
      </trkpt>
      <trkpt lat="48.852106360718608" lon="-121.02052124217153">
        <ele>489.93000000000001</ele>
        <time>2025-07-31T15:26:56Z</time>
      </trkpt>
      <trkpt lat="48.851865464821458" lon="-121.02063892409205">
        <ele>489.93000000000001</ele>
        <time>2025-07-31T15:27:16Z</time>
      </trkpt>
      <trkpt lat="48.851563716307282" lon="-121.020786780864">
        <ele>489.93000000000001</ele>
        <time>2025-07-31T15:27:36Z</time>
      </trkpt>
      <trkpt lat="48.851277977228165" lon="-121.02092466317117">
        <ele>489.93000000000001</ele>
        <time>2025-07-31T15:27:57Z</time>
      </trkpt>
      <trkpt lat="48.851089300587773" lon="-121.02102658711374">
        <ele>489.44999999999999</ele>
        <time>2025-07-31T15:28:12Z</time>
      </trkpt>
      <trkpt lat="48.850872460752726" lon="-121.02117486298084">
        <ele>489.44999999999999</ele>
        <time>2025-07-31T15:28:29Z</time>
      </trkpt>
      <trkpt lat="48.850663583725691" lon="-121.02132364176214">
        <ele>489.44999999999999</ele>
        <time>2025-07-31T15:28:45Z</time>
      </trkpt>
      <trkpt lat="48.850442050024867" lon="-121.02154416963458">
        <ele>489.44999999999999</ele>
        <time>2025-07-31T15:29:04Z</time>
      </trkpt>
      <trkpt lat="48.850437356159091" lon="-121.02160770446062">
        <ele>484.63999999999999</ele>
        <time>2025-07-31T15:29:07Z</time>
      </trkpt>
      <trkpt lat="48.850434506312013" lon="-121.02162186987698">
        <ele>487.52999999999997</ele>
        <time>2025-07-31T15:29:08Z</time>
      </trkpt>
      <trkpt lat="48.850431153550744" lon="-121.02163444273174">
        <ele>492.81</ele>
        <time>2025-07-31T15:29:09Z</time>
      </trkpt>
      <trkpt lat="48.850427968427539" lon="-121.02164290845394">
        <ele>487.52999999999997</ele>
        <time>2025-07-31T15:29:10Z</time>
      </trkpt>
      <trkpt lat="48.850427381694317" lon="-121.02165472693741">
        <ele>491.37</ele>
        <time>2025-07-31T15:29:11Z</time>
      </trkpt>
      <trkpt lat="48.850369798019528" lon="-121.02172572165728">
        <ele>488.97000000000003</ele>
        <time>2025-07-31T15:29:29Z</time>
      </trkpt>
      <trkpt lat="48.850099900737405" lon="-121.02185656316578">
        <ele>488.97000000000003</ele>
        <time>2025-07-31T15:29:50Z</time>
      </trkpt>
      <trkpt lat="48.849866800010204" lon="-121.02195831947029">
        <ele>488.97000000000003</ele>
        <time>2025-07-31T15:30:06Z</time>
      </trkpt>
      <trkpt lat="48.849708130583167" lon="-121.02226903662086">
        <ele>488.97000000000003</ele>
        <time>2025-07-31T15:30:22Z</time>
      </trkpt>
      <trkpt lat="48.849440747871995" lon="-121.02235017344356">
        <ele>488.97000000000003</ele>
        <time>2025-07-31T15:30:41Z</time>
      </trkpt>
      <trkpt lat="48.849162803962827" lon="-121.02248319424689">
        <ele>488.97000000000003</ele>
        <time>2025-07-31T15:31:00Z</time>
      </trkpt>
      <trkpt lat="48.848918303847313" lon="-121.02267321199179">
        <ele>488.97000000000003</ele>
        <time>2025-07-31T15:31:19Z</time>
      </trkpt>
      <trkpt lat="48.848706660792232" lon="-121.02280396968126">
        <ele>488.97000000000003</ele>
        <time>2025-07-31T15:31:35Z</time>
      </trkpt>
      <trkpt lat="48.848487893119454" lon="-121.02295182645321">
        <ele>488.97000000000003</ele>
        <time>2025-07-31T15:31:51Z</time>
      </trkpt>
      <trkpt lat="48.848259402438998" lon="-121.02311778813601">
        <ele>488.49000000000001</ele>
        <time>2025-07-31T15:32:08Z</time>
      </trkpt>
      <trkpt lat="48.848001407459378" lon="-121.02316313423216">
        <ele>488.00999999999999</ele>
        <time>2025-07-31T15:32:27Z</time>
      </trkpt>
      <trkpt lat="48.847785657271743" lon="-121.02323630824685">
        <ele>488.00999999999999</ele>
        <time>2025-07-31T15:32:42Z</time>
      </trkpt>
      <trkpt lat="48.847551802173257" lon="-121.02337997406721">
        <ele>488.00999999999999</ele>
        <time>2025-07-31T15:33:01Z</time>
      </trkpt>
      <trkpt lat="48.8473613653332" lon="-121.02344887331128">
        <ele>488.00999999999999</ele>
        <time>2025-07-31T15:33:15Z</time>
      </trkpt>
      <trkpt lat="48.847120720893145" lon="-121.02347787469625">
        <ele>488.00999999999999</ele>
        <time>2025-07-31T15:33:33Z</time>
      </trkpt>
      <trkpt lat="48.846924751996994" lon="-121.02364090271294">
        <ele>488.00999999999999</ele>
        <time>2025-07-31T15:33:48Z</time>
      </trkpt>
      <trkpt lat="48.846693746745586" lon="-121.02368306368589">
        <ele>488.00999999999999</ele>
        <time>2025-07-31T15:34:05Z</time>
      </trkpt>
      <trkpt lat="48.846593666821718" lon="-121.02381055243313">
        <ele>488.00999999999999</ele>
        <time>2025-07-31T15:34:14Z</time>
      </trkpt>
      <trkpt lat="48.846543459221721" lon="-121.02383645251393">
        <ele>488.00999999999999</ele>
        <time>2025-07-31T15:34:18Z</time>
      </trkpt>
      <trkpt lat="48.846274316310883" lon="-121.02397726848722">
        <ele>488.00999999999999</ele>
        <time>2025-07-31T15:34:37Z</time>
      </trkpt>
      <trkpt lat="48.846045657992363" lon="-121.02412428706884">
        <ele>488.00999999999999</ele>
        <time>2025-07-31T15:34:54Z</time>
      </trkpt>
      <trkpt lat="48.84580459445715" lon="-121.02429033257067">
        <ele>488.00999999999999</ele>
        <time>2025-07-31T15:35:11Z</time>
      </trkpt>
      <trkpt lat="48.845573756843805" lon="-121.02437163703144">
        <ele>488.00999999999999</ele>
        <time>2025-07-31T15:35:28Z</time>
      </trkpt>
      <trkpt lat="48.845340153202415" lon="-121.02453684434295">
        <ele>488.00999999999999</ele>
        <time>2025-07-31T15:35:46Z</time>
      </trkpt>
      <trkpt lat="48.845057599246502" lon="-121.02447389625013">
        <ele>488.00999999999999</ele>
        <time>2025-07-31T15:36:06Z</time>
      </trkpt>
      <trkpt lat="48.844803040847182" lon="-121.02454229258001">
        <ele>488.00999999999999</ele>
        <time>2025-07-31T15:36:24Z</time>
      </trkpt>
      <trkpt lat="48.844541106373072" lon="-121.02465050294995">
        <ele>488.00999999999999</ele>
        <time>2025-07-31T15:36:45Z</time>
      </trkpt>
      <trkpt lat="48.84433675557375" lon="-121.02471546269953">
        <ele>488.00999999999999</ele>
        <time>2025-07-31T15:37:01Z</time>
      </trkpt>
      <trkpt lat="48.844120586290956" lon="-121.02483415044844">
        <ele>488.00999999999999</ele>
        <time>2025-07-31T15:37:20Z</time>
      </trkpt>
      <trkpt lat="48.844018494710326" lon="-121.02487857453525">
        <ele>488.00999999999999</ele>
        <time>2025-07-31T15:37:28Z</time>
      </trkpt>
      <trkpt lat="48.843944566324353" lon="-121.02486776188016">
        <ele>488.00999999999999</ele>
        <time>2025-07-31T15:37:34Z</time>
      </trkpt>
      <trkpt lat="48.843831159174442" lon="-121.02494982071221">
        <ele>488.00999999999999</ele>
        <time>2025-07-31T15:37:43Z</time>
      </trkpt>
      <trkpt lat="48.843735605478287" lon="-121.02509709075093">
        <ele>488.00999999999999</ele>
        <time>2025-07-31T15:37:52Z</time>
      </trkpt>
      <trkpt lat="48.843621695414186" lon="-121.02515576407313">
        <ele>488.00999999999999</ele>
        <time>2025-07-31T15:38:01Z</time>
      </trkpt>
      <trkpt lat="48.843497643247247" lon="-121.02517504245043">
        <ele>488.00999999999999</ele>
        <time>2025-07-31T15:38:10Z</time>
      </trkpt>
      <trkpt lat="48.843276025727391" lon="-121.02531225420535">
        <ele>488.00999999999999</ele>
        <time>2025-07-31T15:38:27Z</time>
      </trkpt>
      <trkpt lat="48.843055749312043" lon="-121.02522742934525">
        <ele>488.00999999999999</ele>
        <time>2025-07-31T15:38:44Z</time>
      </trkpt>
      <trkpt lat="48.842890877276659" lon="-121.02531376294792">
        <ele>488.00999999999999</ele>
        <time>2025-07-31T15:38:57Z</time>
      </trkpt>
      <trkpt lat="48.842728435993195" lon="-121.0254252422601">
        <ele>488.00999999999999</ele>
        <time>2025-07-31T15:39:09Z</time>
      </trkpt>
      <trkpt lat="48.842541854828596" lon="-121.02560260333121">
        <ele>488.00999999999999</ele>
        <time>2025-07-31T15:39:26Z</time>
      </trkpt>
      <trkpt lat="48.842473542317748" lon="-121.02560914121568">
        <ele>488.00999999999999</ele>
        <time>2025-07-31T15:39:31Z</time>
      </trkpt>
      <trkpt lat="48.842348149046302" lon="-121.02567016147077">
        <ele>488.00999999999999</ele>
        <time>2025-07-31T15:39:43Z</time>
      </trkpt>
      <trkpt lat="48.842270197346807" lon="-121.02586411871016">
        <ele>488.00999999999999</ele>
        <time>2025-07-31T15:40:03Z</time>
      </trkpt>
      <trkpt lat="48.842225857079029" lon="-121.02589454501867">
        <ele>488.00999999999999</ele>
        <time>2025-07-31T15:40:11Z</time>
      </trkpt>
      <trkpt lat="48.842013040557504" lon="-121.02596646174788">
        <ele>488.00999999999999</ele>
        <time>2025-07-31T15:40:30Z</time>
      </trkpt>
      <trkpt lat="48.841892927885056" lon="-121.02600116282701">
        <ele>488.00999999999999</ele>
        <time>2025-07-31T15:40:39Z</time>
      </trkpt>
      <trkpt lat="48.841642728075385" lon="-121.02615170180798">
        <ele>488.00999999999999</ele>
        <time>2025-07-31T15:40:58Z</time>
      </trkpt>
      <trkpt lat="48.841598220169544" lon="-121.02614843286574">
        <ele>488.00999999999999</ele>
        <time>2025-07-31T15:41:01Z</time>
      </trkpt>
      <trkpt lat="48.84135564789176" lon="-121.0261229518801">
        <ele>488.00999999999999</ele>
        <time>2025-07-31T15:41:19Z</time>
      </trkpt>
      <trkpt lat="48.84111818857491" lon="-121.0262265522033">
        <ele>488.00999999999999</ele>
        <time>2025-07-31T15:41:36Z</time>
      </trkpt>
      <trkpt lat="48.840888943523169" lon="-121.02629612199962">
        <ele>488.00999999999999</ele>
        <time>2025-07-31T15:41:53Z</time>
      </trkpt>
      <trkpt lat="48.840720634907484" lon="-121.02642193436623">
        <ele>488.00999999999999</ele>
        <time>2025-07-31T15:42:07Z</time>
      </trkpt>
      <trkpt lat="48.840497676283121" lon="-121.02649703621864">
        <ele>488.00999999999999</ele>
        <time>2025-07-31T15:42:24Z</time>
      </trkpt>
      <trkpt lat="48.840340431779623" lon="-121.02670297957957">
        <ele>488.00999999999999</ele>
        <time>2025-07-31T15:42:41Z</time>
      </trkpt>
      <trkpt lat="48.840300785377622" lon="-121.02673223242164">
        <ele>488.00999999999999</ele>
        <time>2025-07-31T15:42:45Z</time>
      </trkpt>
      <trkpt lat="48.840253930538893" lon="-121.02673776447773">
        <ele>488.00999999999999</ele>
        <time>2025-07-31T15:42:49Z</time>
      </trkpt>
      <trkpt lat="48.840005239471793" lon="-121.02686114609241">
        <ele>488.00999999999999</ele>
        <time>2025-07-31T15:43:10Z</time>
      </trkpt>
      <trkpt lat="48.839769540354609" lon="-121.02686047554016">
        <ele>488.00999999999999</ele>
        <time>2025-07-31T15:43:28Z</time>
      </trkpt>
      <trkpt lat="48.839490925893188" lon="-121.02700321935117">
        <ele>488.97000000000003</ele>
        <time>2025-07-31T15:43:50Z</time>
      </trkpt>
      <trkpt lat="48.839204432442784" lon="-121.02717421017587">
        <ele>488.97000000000003</ele>
        <time>2025-07-31T15:44:11Z</time>
      </trkpt>
      <trkpt lat="48.838894385844469" lon="-121.02718753740191">
        <ele>488.97000000000003</ele>
        <time>2025-07-31T15:44:34Z</time>
      </trkpt>
      <trkpt lat="48.83860663510859" lon="-121.02727848105133">
        <ele>488.97000000000003</ele>
        <time>2025-07-31T15:44:55Z</time>
      </trkpt>
      <trkpt lat="48.838404379785061" lon="-121.02740337140858">
        <ele>488.97000000000003</ele>
        <time>2025-07-31T15:45:11Z</time>
      </trkpt>
      <trkpt lat="48.838141690939665" lon="-121.02742960676551">
        <ele>488.97000000000003</ele>
        <time>2025-07-31T15:45:30Z</time>
      </trkpt>
      <trkpt lat="48.837913116440177" lon="-121.02754519321024">
        <ele>488.97000000000003</ele>
        <time>2025-07-31T15:45:49Z</time>
      </trkpt>
      <trkpt lat="48.837668700143695" lon="-121.02772221900523">
        <ele>488.97000000000003</ele>
        <time>2025-07-31T15:46:09Z</time>
      </trkpt>
      <trkpt lat="48.83743149228394" lon="-121.02787896059453">
        <ele>488.97000000000003</ele>
        <time>2025-07-31T15:46:29Z</time>
      </trkpt>
      <trkpt lat="48.837191937491298" lon="-121.02782825008035">
        <ele>489.44999999999999</ele>
        <time>2025-07-31T15:46:49Z</time>
      </trkpt>
      <trkpt lat="48.836935115978122" lon="-121.02795724757016">
        <ele>489.44999999999999</ele>
        <time>2025-07-31T15:47:09Z</time>
      </trkpt>
      <trkpt lat="48.836717689409852" lon="-121.02803570218384">
        <ele>489.44999999999999</ele>
        <time>2025-07-31T15:47:26Z</time>
      </trkpt>
      <trkpt lat="48.836508980020881" lon="-121.02815086953342">
        <ele>489.44999999999999</ele>
        <time>2025-07-31T15:47:42Z</time>
      </trkpt>
      <trkpt lat="48.836291050538421" lon="-121.02832906879485">
        <ele>489.44999999999999</ele>
        <time>2025-07-31T15:48:00Z</time>
      </trkpt>
      <trkpt lat="48.836066834628582" lon="-121.02846175432205">
        <ele>489.44999999999999</ele>
        <time>2025-07-31T15:48:18Z</time>
      </trkpt>
      <trkpt lat="48.835867680609226" lon="-121.02850408293307">
        <ele>489.44999999999999</ele>
        <time>2025-07-31T15:48:34Z</time>
      </trkpt>
      <trkpt lat="48.83568218909204" lon="-121.02858278900385">
        <ele>489.44999999999999</ele>
        <time>2025-07-31T15:48:49Z</time>
      </trkpt>
      <trkpt lat="48.83549208752811" lon="-121.02873081341386">
        <ele>489.44999999999999</ele>
        <time>2025-07-31T15:49:06Z</time>
      </trkpt>
      <trkpt lat="48.835240714251995" lon="-121.02879669517279">
        <ele>489.44999999999999</ele>
        <time>2025-07-31T15:49:25Z</time>
      </trkpt>
      <trkpt lat="48.83500199764967" lon="-121.02897279895842">
        <ele>489.44999999999999</ele>
        <time>2025-07-31T15:49:47Z</time>
      </trkpt>
      <trkpt lat="48.834778452292085" lon="-121.02905116975307">
        <ele>489.44999999999999</ele>
        <time>2025-07-31T15:50:06Z</time>
      </trkpt>
      <trkpt lat="48.834556667134166" lon="-121.02914898656309">
        <ele>489.44999999999999</ele>
        <time>2025-07-31T15:50:24Z</time>
      </trkpt>
      <trkpt lat="48.834350304678082" lon="-121.02921428158879">
        <ele>488.97000000000003</ele>
        <time>2025-07-31T15:50:41Z</time>
      </trkpt>
      <trkpt lat="48.83414251729846" lon="-121.02930958382785">
        <ele>489.44999999999999</ele>
        <time>2025-07-31T15:50:58Z</time>
      </trkpt>
      <trkpt lat="48.833917798474431" lon="-121.02938057854772">
        <ele>488.97000000000003</ele>
        <time>2025-07-31T15:51:16Z</time>
      </trkpt>
      <trkpt lat="48.833710178732872" lon="-121.02946339175105">
        <ele>488.97000000000003</ele>
        <time>2025-07-31T15:51:33Z</time>
      </trkpt>
      <trkpt lat="48.833479089662433" lon="-121.02959347888827">
        <ele>488.97000000000003</ele>
        <time>2025-07-31T15:51:52Z</time>
      </trkpt>
      <trkpt lat="48.833222268149257" lon="-121.02972683496773">
        <ele>488.97000000000003</ele>
        <time>2025-07-31T15:52:11Z</time>
      </trkpt>
      <trkpt lat="48.832970978692174" lon="-121.02992900647223">
        <ele>488.97000000000003</ele>
        <time>2025-07-31T15:52:31Z</time>
      </trkpt>
      <trkpt lat="48.832707703113556" lon="-121.02997317910194">
        <ele>488.97000000000003</ele>
        <time>2025-07-31T15:52:52Z</time>
      </trkpt>
      <trkpt lat="48.832449875771999" lon="-121.03001978248358">
        <ele>488.97000000000003</ele>
        <time>2025-07-31T15:53:11Z</time>
      </trkpt>
      <trkpt lat="48.832322303205729" lon="-121.03004610165954">
        <ele>488.97000000000003</ele>
        <time>2025-07-31T15:53:21Z</time>
      </trkpt>
      <trkpt lat="48.83219338953495" lon="-121.03006361983716">
        <ele>488.97000000000003</ele>
        <time>2025-07-31T15:53:31Z</time>
      </trkpt>
      <trkpt lat="48.831953583285213" lon="-121.03014810942113">
        <ele>488.97000000000003</ele>
        <time>2025-07-31T15:53:51Z</time>
      </trkpt>
      <trkpt lat="48.831741353496909" lon="-121.03033334948123">
        <ele>489.93000000000001</ele>
        <time>2025-07-31T15:54:11Z</time>
      </trkpt>
      <trkpt lat="48.831560220569372" lon="-121.03038095869124">
        <ele>488.49000000000001</ele>
        <time>2025-07-31T15:54:27Z</time>
      </trkpt>
      <trkpt lat="48.831292754039168" lon="-121.03036000393331">
        <ele>488.49000000000001</ele>
        <time>2025-07-31T15:54:48Z</time>
      </trkpt>
      <trkpt lat="48.831047583371401" lon="-121.03044357150793">
        <ele>488.49000000000001</ele>
        <time>2025-07-31T15:55:06Z</time>
      </trkpt>
      <trkpt lat="48.830876424908638" lon="-121.03055102750659">
        <ele>488.49000000000001</ele>
        <time>2025-07-31T15:55:20Z</time>
      </trkpt>
      <trkpt lat="48.830616166815162" lon="-121.0306197591126">
        <ele>488.97000000000003</ele>
        <time>2025-07-31T15:55:39Z</time>
      </trkpt>
      <trkpt lat="48.830347610637546" lon="-121.03073559701443">
        <ele>488.97000000000003</ele>
        <time>2025-07-31T15:55:58Z</time>
      </trkpt>
      <trkpt lat="48.830101517960429" lon="-121.03083760477602">
        <ele>488.97000000000003</ele>
        <time>2025-07-31T15:56:17Z</time>
      </trkpt>
      <trkpt lat="48.829870847985148" lon="-121.03096744045615">
        <ele>488.97000000000003</ele>
        <time>2025-07-31T15:56:36Z</time>
      </trkpt>
      <trkpt lat="48.829684602096677" lon="-121.03099174797535">
        <ele>488.97000000000003</ele>
        <time>2025-07-31T15:56:51Z</time>
      </trkpt>
      <trkpt lat="48.82947220467031" lon="-121.03113155812025">
        <ele>488.97000000000003</ele>
        <time>2025-07-31T15:57:09Z</time>
      </trkpt>
      <trkpt lat="48.82924354635179" lon="-121.03116776794195">
        <ele>488.97000000000003</ele>
        <time>2025-07-31T15:57:26Z</time>
      </trkpt>
      <trkpt lat="48.829002231359482" lon="-121.03126206435263">
        <ele>488.49000000000001</ele>
        <time>2025-07-31T15:57:45Z</time>
      </trkpt>
      <trkpt lat="48.828767789527774" lon="-121.03138242848217">
        <ele>488.49000000000001</ele>
        <time>2025-07-31T15:58:03Z</time>
      </trkpt>
      <trkpt lat="48.828533012419939" lon="-121.03145375847816">
        <ele>488.97000000000003</ele>
        <time>2025-07-31T15:58:20Z</time>
      </trkpt>
      <trkpt lat="48.82827702909708" lon="-121.03154671378434">
        <ele>488.97000000000003</ele>
        <time>2025-07-31T15:58:38Z</time>
      </trkpt>
      <trkpt lat="48.828050717711449" lon="-121.03163111954927">
        <ele>488.97000000000003</ele>
        <time>2025-07-31T15:58:55Z</time>
      </trkpt>
      <trkpt lat="48.827794482931495" lon="-121.03174578398466">
        <ele>488.97000000000003</ele>
        <time>2025-07-31T15:59:14Z</time>
      </trkpt>
      <trkpt lat="48.827610081061721" lon="-121.03176925331354">
        <ele>488.97000000000003</ele>
        <time>2025-07-31T15:59:29Z</time>
      </trkpt>
      <trkpt lat="48.827342363074422" lon="-121.03184653446078">
        <ele>488.97000000000003</ele>
        <time>2025-07-31T15:59:49Z</time>
      </trkpt>
      <trkpt lat="48.827131977304816" lon="-121.0319594386965">
        <ele>488.97000000000003</ele>
        <time>2025-07-31T16:00:06Z</time>
      </trkpt>
      <trkpt lat="48.82690398953855" lon="-121.03202356025577">
        <ele>488.97000000000003</ele>
        <time>2025-07-31T16:00:23Z</time>
      </trkpt>
      <trkpt lat="48.826651275157928" lon="-121.03216563351452">
        <ele>488.97000000000003</ele>
        <time>2025-07-31T16:00:44Z</time>
      </trkpt>
      <trkpt lat="48.826525630429387" lon="-121.03216580115259">
        <ele>488.97000000000003</ele>
        <time>2025-07-31T16:00:54Z</time>
      </trkpt>
      <trkpt lat="48.826316334307194" lon="-121.03235984221101">
        <ele>488.97000000000003</ele>
        <time>2025-07-31T16:01:12Z</time>
      </trkpt>
      <trkpt lat="48.826083233579993" lon="-121.03240518830717">
        <ele>488.97000000000003</ele>
        <time>2025-07-31T16:01:28Z</time>
      </trkpt>
      <trkpt lat="48.825839404016733" lon="-121.03260803036392">
        <ele>488.97000000000003</ele>
        <time>2025-07-31T16:01:48Z</time>
      </trkpt>
      <trkpt lat="48.825824065133929" lon="-121.03261456824839">
        <ele>488.97000000000003</ele>
        <time>2025-07-31T16:01:49Z</time>
      </trkpt>
      <trkpt lat="48.825736222788692" lon="-121.03264197707176">
        <ele>488.97000000000003</ele>
        <time>2025-07-31T16:01:55Z</time>
      </trkpt>
      <trkpt lat="48.825416201725602" lon="-121.03272462263703">
        <ele>488.97000000000003</ele>
        <time>2025-07-31T16:02:16Z</time>
      </trkpt>
      <trkpt lat="48.825188716873527" lon="-121.03285915218294">
        <ele>488.97000000000003</ele>
        <time>2025-07-31T16:02:33Z</time>
      </trkpt>
      <trkpt lat="48.824961818754673" lon="-121.0328801907599">
        <ele>488.97000000000003</ele>
        <time>2025-07-31T16:02:49Z</time>
      </trkpt>
      <trkpt lat="48.824788816273212" lon="-121.03294615633786">
        <ele>488.97000000000003</ele>
        <time>2025-07-31T16:03:03Z</time>
      </trkpt>
      <trkpt lat="48.824641043320298" lon="-121.03282026015222">
        <ele>488.97000000000003</ele>
        <time>2025-07-31T16:03:25Z</time>
      </trkpt>
      <trkpt lat="48.824595026671886" lon="-121.03285395540297">
        <ele>488.97000000000003</ele>
        <time>2025-07-31T16:03:44Z</time>
      </trkpt>
      <trkpt lat="48.824478099122643" lon="-121.03284666314721">
        <ele>488.97000000000003</ele>
        <time>2025-07-31T16:04:08Z</time>
      </trkpt>
      <trkpt lat="48.824365362524986" lon="-121.03280693292618">
        <ele>488.97000000000003</ele>
        <time>2025-07-31T16:04:31Z</time>
      </trkpt>
      <trkpt lat="48.824274754151702" lon="-121.03271012194455">
        <ele>488.49000000000001</ele>
        <time>2025-07-31T16:04:54Z</time>
      </trkpt>
      <trkpt lat="48.824239298701286" lon="-121.03259059600532">
        <ele>488.49000000000001</ele>
        <time>2025-07-31T16:05:23Z</time>
      </trkpt>
      <trkpt lat="48.824213063344359" lon="-121.03247509337962">
        <ele>488.49000000000001</ele>
        <time>2025-07-31T16:05:47Z</time>
      </trkpt>
      <trkpt lat="48.824249105527997" lon="-121.03239303454757">
        <ele>488.49000000000001</ele>
        <time>2025-07-31T16:06:13Z</time>
      </trkpt>
      <trkpt lat="48.824277687817812" lon="-121.03241038508713">
        <ele>488.49000000000001</ele>
        <time>2025-07-31T16:06:34Z</time>
      </trkpt>
      <trkpt lat="48.824312221258879" lon="-121.03244801983237">
        <ele>488.49000000000001</ele>
        <time>2025-07-31T16:06:59Z</time>
      </trkpt>
      <trkpt lat="48.824326051399112" lon="-121.03249604813755">
        <ele>488.49000000000001</ele>
        <time>2025-07-31T16:07:26Z</time>
      </trkpt>
      <trkpt lat="48.82432303391397" lon="-121.03250870481133">
        <ele>490.41000000000003</ele>
        <time>2025-07-31T16:07:39Z</time>
      </trkpt>
      <trkpt lat="48.824319681152701" lon="-121.03249797597528">
        <ele>486.07999999999998</ele>
        <time>2025-07-31T16:07:48Z</time>
      </trkpt>
      <trkpt lat="48.824320016428828" lon="-121.03249797597528">
        <ele>491.37</ele>
        <time>2025-07-31T16:07:49Z</time>
      </trkpt>
      <trkpt lat="48.824300738051534" lon="-121.03249479085207">
        <ele>490.41000000000003</ele>
        <time>2025-07-31T16:08:11Z</time>
      </trkpt>
      <trkpt lat="48.824298558756709" lon="-121.03249437175691">
        <ele>487.05000000000001</ele>
        <time>2025-07-31T16:08:13Z</time>
      </trkpt>
      <trkpt lat="48.82429763674736" lon="-121.03249579668045">
        <ele>487.05000000000001</ele>
        <time>2025-07-31T16:08:14Z</time>
      </trkpt>
      <trkpt lat="48.824297720566392" lon="-121.03249621577561">
        <ele>491.85000000000002</ele>
        <time>2025-07-31T16:08:15Z</time>
      </trkpt>
      <trkpt lat="48.824297972023487" lon="-121.03249537758529">
        <ele>489.93000000000001</ele>
        <time>2025-07-31T16:08:16Z</time>
      </trkpt>
      <trkpt lat="48.824282381683588" lon="-121.03249244391918">
        <ele>490.41000000000003</ele>
        <time>2025-07-31T16:08:47Z</time>
      </trkpt>
      <trkpt lat="48.82426343858242" lon="-121.03246889077127">
        <ele>490.88999999999999</ele>
        <time>2025-07-31T16:09:02Z</time>
      </trkpt>
      <trkpt lat="48.824265114963055" lon="-121.03245967067778">
        <ele>489.44999999999999</ele>
        <time>2025-07-31T16:09:04Z</time>
      </trkpt>
      <trkpt lat="48.824271988123655" lon="-121.03243259713054">
        <ele>489.44999999999999</ele>
        <time>2025-07-31T16:09:22Z</time>
      </trkpt>
      <trkpt lat="48.824226977303624" lon="-121.03237668983638">
        <ele>489.44999999999999</ele>
        <time>2025-07-31T16:09:50Z</time>
      </trkpt>
      <trkpt lat="48.824183391407132" lon="-121.03231717832386">
        <ele>488.97000000000003</ele>
        <time>2025-07-31T16:10:16Z</time>
      </trkpt>
      <trkpt lat="48.824111223220825" lon="-121.03232019580901">
        <ele>488.97000000000003</ele>
        <time>2025-07-31T16:10:38Z</time>
      </trkpt>
      <trkpt lat="48.82405280135572" lon="-121.03221315890551">
        <ele>488.97000000000003</ele>
        <time>2025-07-31T16:11:07Z</time>
      </trkpt>
      <trkpt lat="48.824023297056556" lon="-121.0321304295212">
        <ele>488.97000000000003</ele>
        <time>2025-07-31T16:11:30Z</time>
      </trkpt>
      <trkpt lat="48.824005946516991" lon="-121.03205381892622">
        <ele>488.97000000000003</ele>
        <time>2025-07-31T16:11:52Z</time>
      </trkpt>
      <trkpt lat="48.823996391147375" lon="-121.03204132989049">
        <ele>488.97000000000003</ele>
        <time>2025-07-31T16:12:12Z</time>
      </trkpt>
      <trkpt lat="48.823977112770081" lon="-121.03202649392188">
        <ele>490.41000000000003</ele>
        <time>2025-07-31T16:12:37Z</time>
      </trkpt>
      <trkpt lat="48.823974849656224" lon="-121.03212087415159">
        <ele>490.41000000000003</ele>
        <time>2025-07-31T16:13:00Z</time>
      </trkpt>
      <trkpt lat="48.8240054436028" lon="-121.0322895180434">
        <ele>490.41000000000003</ele>
        <time>2025-07-31T16:13:18Z</time>
      </trkpt>
      <trkpt lat="48.824095297604799" lon="-121.03238406591117">
        <ele>490.41000000000003</ele>
        <time>2025-07-31T16:13:29Z</time>
      </trkpt>
      <trkpt lat="48.824160508811474" lon="-121.03255807422101">
        <ele>490.41000000000003</ele>
        <time>2025-07-31T16:13:47Z</time>
      </trkpt>
      <trkpt lat="48.824100997298956" lon="-121.03289226070046">
        <ele>490.41000000000003</ele>
        <time>2025-07-31T16:14:05Z</time>
      </trkpt>
      <trkpt lat="48.823897233232856" lon="-121.03317347355187">
        <ele>489.93000000000001</ele>
        <time>2025-07-31T16:14:24Z</time>
      </trkpt>
      <trkpt lat="48.823715094476938" lon="-121.03337782435119">
        <ele>489.93000000000001</ele>
        <time>2025-07-31T16:14:44Z</time>
      </trkpt>
      <trkpt lat="48.82349238730967" lon="-121.03360572829843">
        <ele>489.93000000000001</ele>
        <time>2025-07-31T16:15:05Z</time>
      </trkpt>
      <trkpt lat="48.823283258825541" lon="-121.0337726958096">
        <ele>490.41000000000003</ele>
        <time>2025-07-31T16:15:22Z</time>
      </trkpt>
      <trkpt lat="48.823047392070293" lon="-121.03394469246268">
        <ele>489.93000000000001</ele>
        <time>2025-07-31T16:15:41Z</time>
      </trkpt>
      <trkpt lat="48.822810603305697" lon="-121.03404762223363">
        <ele>489.93000000000001</ele>
        <time>2025-07-31T16:15:59Z</time>
      </trkpt>
      <trkpt lat="48.822522182017565" lon="-121.03415348567069">
        <ele>489.93000000000001</ele>
        <time>2025-07-31T16:16:21Z</time>
      </trkpt>
      <trkpt lat="48.82226100191474" lon="-121.03427804075181">
        <ele>489.93000000000001</ele>
        <time>2025-07-31T16:16:41Z</time>
      </trkpt>
      <trkpt lat="48.821982303634286" lon="-121.0343929566443">
        <ele>489.93000000000001</ele>
        <time>2025-07-31T16:17:02Z</time>
      </trkpt>
      <trkpt lat="48.821615260094404" lon="-121.03450091555715">
        <ele>489.44999999999999</ele>
        <time>2025-07-31T16:17:27Z</time>
      </trkpt>
      <trkpt lat="48.821328431367874" lon="-121.03465874679387">
        <ele>489.44999999999999</ele>
        <time>2025-07-31T16:17:48Z</time>
      </trkpt>
      <trkpt lat="48.821036908775568" lon="-121.03480375371873">
        <ele>489.44999999999999</ele>
        <time>2025-07-31T16:18:11Z</time>
      </trkpt>
      <trkpt lat="48.820775812491775" lon="-121.03495798073709">
        <ele>489.44999999999999</ele>
        <time>2025-07-31T16:18:33Z</time>
      </trkpt>
      <trkpt lat="48.820475405082107" lon="-121.03502947837114">
        <ele>489.44999999999999</ele>
        <time>2025-07-31T16:18:55Z</time>
      </trkpt>
      <trkpt lat="48.820221349596977" lon="-121.035161241889">
        <ele>488.97000000000003</ele>
        <time>2025-07-31T16:19:16Z</time>
      </trkpt>
      <trkpt lat="48.819961845874786" lon="-121.03533944115043">
        <ele>488.97000000000003</ele>
        <time>2025-07-31T16:19:36Z</time>
      </trkpt>
      <trkpt lat="48.819682812318206" lon="-121.03537456132472">
        <ele>488.97000000000003</ele>
        <time>2025-07-31T16:19:56Z</time>
      </trkpt>
      <trkpt lat="48.819454908370972" lon="-121.03552283719182">
        <ele>488.97000000000003</ele>
        <time>2025-07-31T16:20:15Z</time>
      </trkpt>
      <trkpt lat="48.81917042657733" lon="-121.03565627709031">
        <ele>488.97000000000003</ele>
        <time>2025-07-31T16:20:36Z</time>
      </trkpt>
      <trkpt lat="48.818856356665492" lon="-121.03578862734139">
        <ele>488.49000000000001</ele>
        <time>2025-07-31T16:21:00Z</time>
      </trkpt>
      <trkpt lat="48.818607330322266" lon="-121.0359036270529">
        <ele>488.49000000000001</ele>
        <time>2025-07-31T16:21:19Z</time>
      </trkpt>
      <trkpt lat="48.818272305652499" lon="-121.03604268282652">
        <ele>488.49000000000001</ele>
        <time>2025-07-31T16:21:44Z</time>
      </trkpt>
      <trkpt lat="48.818019423633814" lon="-121.03614863008261">
        <ele>488.97000000000003</ele>
        <time>2025-07-31T16:22:05Z</time>
      </trkpt>
      <trkpt lat="48.817757572978735" lon="-121.03629112243652">
        <ele>488.97000000000003</ele>
        <time>2025-07-31T16:22:25Z</time>
      </trkpt>
      <trkpt lat="48.817463032901287" lon="-121.03649631142616">
        <ele>488.49000000000001</ele>
        <time>2025-07-31T16:22:48Z</time>
      </trkpt>
      <trkpt lat="48.817176287993789" lon="-121.03669261559844">
        <ele>488.49000000000001</ele>
        <time>2025-07-31T16:23:10Z</time>
      </trkpt>
      <trkpt lat="48.816898176446557" lon="-121.03682731278241">
        <ele>488.49000000000001</ele>
        <time>2025-07-31T16:23:31Z</time>
      </trkpt>
      <trkpt lat="48.816662896424532" lon="-121.03687827475369">
        <ele>488.49000000000001</ele>
        <time>2025-07-31T16:23:48Z</time>
      </trkpt>
      <trkpt lat="48.816366093233228" lon="-121.03708882816136">
        <ele>488.49000000000001</ele>
        <time>2025-07-31T16:24:12Z</time>
      </trkpt>
      <trkpt lat="48.816135674715042" lon="-121.03721832856536">
        <ele>488.00999999999999</ele>
        <time>2025-07-31T16:24:31Z</time>
      </trkpt>
      <trkpt lat="48.815880278125405" lon="-121.037328382954">
        <ele>488.00999999999999</ele>
        <time>2025-07-31T16:24:51Z</time>
      </trkpt>
      <trkpt lat="48.815624713897705" lon="-121.03746877983212">
        <ele>488.49000000000001</ele>
        <time>2025-07-31T16:25:10Z</time>
      </trkpt>
      <trkpt lat="48.815368562936783" lon="-121.03752745315433">
        <ele>488.49000000000001</ele>
        <time>2025-07-31T16:25:28Z</time>
      </trkpt>
      <trkpt lat="48.815062288194895" lon="-121.03766374289989">
        <ele>488.49000000000001</ele>
        <time>2025-07-31T16:25:50Z</time>
      </trkpt>
      <trkpt lat="48.814767748117447" lon="-121.03773046284914">
        <ele>488.49000000000001</ele>
        <time>2025-07-31T16:26:13Z</time>
      </trkpt>
      <trkpt lat="48.814439345151186" lon="-121.03792726993561">
        <ele>488.00999999999999</ele>
        <time>2025-07-31T16:26:38Z</time>
      </trkpt>
      <trkpt lat="48.814142625778913" lon="-121.03804629296064">
        <ele>488.00999999999999</ele>
        <time>2025-07-31T16:26:59Z</time>
      </trkpt>
      <trkpt lat="48.813841883093119" lon="-121.03817252442241">
        <ele>488.00999999999999</ele>
        <time>2025-07-31T16:27:20Z</time>
      </trkpt>
      <trkpt lat="48.813503924757242" lon="-121.0382335446775">
        <ele>488.00999999999999</ele>
        <time>2025-07-31T16:27:43Z</time>
      </trkpt>
      <trkpt lat="48.813244923949242" lon="-121.03830554522574">
        <ele>488.00999999999999</ele>
        <time>2025-07-31T16:28:01Z</time>
      </trkpt>
      <trkpt lat="48.813015762716532" lon="-121.03843672201037">
        <ele>488.00999999999999</ele>
        <time>2025-07-31T16:28:18Z</time>
      </trkpt>
      <trkpt lat="48.812746871262789" lon="-121.03857653215528">
        <ele>487.52999999999997</ele>
        <time>2025-07-31T16:28:38Z</time>
      </trkpt>
      <trkpt lat="48.812493486329913" lon="-121.03868566453457">
        <ele>488.00999999999999</ele>
        <time>2025-07-31T16:28:57Z</time>
      </trkpt>
      <trkpt lat="48.812221996486187" lon="-121.03878105059266">
        <ele>488.00999999999999</ele>
        <time>2025-07-31T16:29:16Z</time>
      </trkpt>
      <trkpt lat="48.811935670673847" lon="-121.03889035061002">
        <ele>488.00999999999999</ele>
        <time>2025-07-31T16:29:37Z</time>
      </trkpt>
      <trkpt lat="48.811675831675529" lon="-121.03893184103072">
        <ele>488.00999999999999</ele>
        <time>2025-07-31T16:29:54Z</time>
      </trkpt>
      <trkpt lat="48.811374250799417" lon="-121.03906184434891">
        <ele>488.00999999999999</ele>
        <time>2025-07-31T16:30:15Z</time>
      </trkpt>
      <trkpt lat="48.811066886410117" lon="-121.0391725692898">
        <ele>487.52999999999997</ele>
        <time>2025-07-31T16:30:37Z</time>
      </trkpt>
      <trkpt lat="48.810801096260548" lon="-121.03929712437093">
        <ele>487.52999999999997</ele>
        <time>2025-07-31T16:30:58Z</time>
      </trkpt>
      <trkpt lat="48.810522984713316" lon="-121.03940390981734">
        <ele>487.52999999999997</ele>
        <time>2025-07-31T16:31:19Z</time>
      </trkpt>
      <trkpt lat="48.810220481827855" lon="-121.03945445269346">
        <ele>487.52999999999997</ele>
        <time>2025-07-31T16:31:39Z</time>
      </trkpt>
      <trkpt lat="48.809951674193144" lon="-121.03959317319095">
        <ele>487.52999999999997</ele>
        <time>2025-07-31T16:31:59Z</time>
      </trkpt>
      <trkpt lat="48.809672556817532" lon="-121.03970088064671">
        <ele>487.52999999999997</ele>
        <time>2025-07-31T16:32:19Z</time>
      </trkpt>
      <trkpt lat="48.809364940971136" lon="-121.03984077461064">
        <ele>488.00999999999999</ele>
        <time>2025-07-31T16:32:41Z</time>
      </trkpt>
      <trkpt lat="48.809043578803539" lon="-121.03999500162899">
        <ele>488.00999999999999</ele>
        <time>2025-07-31T16:33:05Z</time>
      </trkpt>
      <trkpt lat="48.808777453377843" lon="-121.04011938907206">
        <ele>488.00999999999999</ele>
        <time>2025-07-31T16:33:24Z</time>
      </trkpt>
      <trkpt lat="48.808470675721765" lon="-121.04021645151079">
        <ele>488.00999999999999</ele>
        <time>2025-07-31T16:33:45Z</time>
      </trkpt>
      <trkpt lat="48.808203460648656" lon="-121.04039850644767">
        <ele>488.00999999999999</ele>
        <time>2025-07-31T16:34:05Z</time>
      </trkpt>
      <trkpt lat="48.807966588065028" lon="-121.04052817448974">
        <ele>488.00999999999999</ele>
        <time>2025-07-31T16:34:22Z</time>
      </trkpt>
      <trkpt lat="48.807696020230651" lon="-121.04069271124899">
        <ele>488.00999999999999</ele>
        <time>2025-07-31T16:34:41Z</time>
      </trkpt>
      <trkpt lat="48.807425955310464" lon="-121.04081315919757">
        <ele>488.00999999999999</ele>
        <time>2025-07-31T16:35:00Z</time>
      </trkpt>
      <trkpt lat="48.807152872905135" lon="-121.04090938344598">
        <ele>488.00999999999999</ele>
        <time>2025-07-31T16:35:19Z</time>
      </trkpt>
      <trkpt lat="48.806867301464081" lon="-121.04105707257986">
        <ele>488.00999999999999</ele>
        <time>2025-07-31T16:35:40Z</time>
      </trkpt>
      <trkpt lat="48.806615006178617" lon="-121.0411914344877">
        <ele>488.00999999999999</ele>
        <time>2025-07-31T16:35:59Z</time>
      </trkpt>
      <trkpt lat="48.806359609588981" lon="-121.04140282608569">
        <ele>488.00999999999999</ele>
        <time>2025-07-31T16:36:20Z</time>
      </trkpt>
      <trkpt lat="48.806110247969627" lon="-121.04163056239486">
        <ele>488.00999999999999</ele>
        <time>2025-07-31T16:36:41Z</time>
      </trkpt>
      <trkpt lat="48.805860970169306" lon="-121.04179937392473">
        <ele>488.00999999999999</ele>
        <time>2025-07-31T16:37:01Z</time>
      </trkpt>
      <trkpt lat="48.805611524730921" lon="-121.0419821832329">
        <ele>488.00999999999999</ele>
        <time>2025-07-31T16:37:22Z</time>
      </trkpt>
      <trkpt lat="48.805364593863487" lon="-121.04219298809767">
        <ele>488.00999999999999</ele>
        <time>2025-07-31T16:37:43Z</time>
      </trkpt>
      <trkpt lat="48.805121853947639" lon="-121.04229072108865">
        <ele>488.49000000000001</ele>
        <time>2025-07-31T16:38:00Z</time>
      </trkpt>
      <trkpt lat="48.804880622774363" lon="-121.04250873439014">
        <ele>488.49000000000001</ele>
        <time>2025-07-31T16:38:18Z</time>
      </trkpt>
      <trkpt lat="48.804617179557681" lon="-121.04266195558012">
        <ele>488.49000000000001</ele>
        <time>2025-07-31T16:38:35Z</time>
      </trkpt>
      <trkpt lat="48.804407548159361" lon="-121.04281056672335">
        <ele>488.49000000000001</ele>
        <time>2025-07-31T16:38:56Z</time>
      </trkpt>
      <trkpt lat="48.804149301722646" lon="-121.0429045278579">
        <ele>488.49000000000001</ele>
        <time>2025-07-31T16:39:22Z</time>
      </trkpt>
      <trkpt lat="48.803859120234847" lon="-121.0430636163801">
        <ele>488.49000000000001</ele>
        <time>2025-07-31T16:39:45Z</time>
      </trkpt>
      <trkpt lat="48.80355485714972" lon="-121.0432134848088">
        <ele>488.49000000000001</ele>
        <time>2025-07-31T16:40:07Z</time>
      </trkpt>
      <trkpt lat="48.803286636248231" lon="-121.04337550699711">
        <ele>488.49000000000001</ele>
        <time>2025-07-31T16:40:28Z</time>
      </trkpt>
      <trkpt lat="48.803067617118359" lon="-121.04356485418975">
        <ele>488.97000000000003</ele>
        <time>2025-07-31T16:40:47Z</time>
      </trkpt>
      <trkpt lat="48.802825296297669" lon="-121.04366786777973">
        <ele>488.97000000000003</ele>
        <time>2025-07-31T16:41:10Z</time>
      </trkpt>
      <trkpt lat="48.802524553611875" lon="-121.04371908120811">
        <ele>488.97000000000003</ele>
        <time>2025-07-31T16:41:33Z</time>
      </trkpt>
      <trkpt lat="48.802323639392853" lon="-121.04392955079675">
        <ele>488.97000000000003</ele>
        <time>2025-07-31T16:41:56Z</time>
      </trkpt>
      <trkpt lat="48.802029937505722" lon="-121.04403792880476">
        <ele>488.97000000000003</ele>
        <time>2025-07-31T16:42:19Z</time>
      </trkpt>
      <trkpt lat="48.801732212305069" lon="-121.04417505674064">
        <ele>488.97000000000003</ele>
        <time>2025-07-31T16:42:42Z</time>
      </trkpt>
      <trkpt lat="48.801452005282044" lon="-121.04431218467653">
        <ele>488.97000000000003</ele>
        <time>2025-07-31T16:43:05Z</time>
      </trkpt>
      <trkpt lat="48.801191076636314" lon="-121.04441503062844">
        <ele>488.97000000000003</ele>
        <time>2025-07-31T16:43:26Z</time>
      </trkpt>
      <trkpt lat="48.800911456346512" lon="-121.04445903562009">
        <ele>488.97000000000003</ele>
        <time>2025-07-31T16:43:49Z</time>
      </trkpt>
      <trkpt lat="48.800645330920815" lon="-121.04449306614697">
        <ele>488.97000000000003</ele>
        <time>2025-07-31T16:44:10Z</time>
      </trkpt>
      <trkpt lat="48.800362609326839" lon="-121.04451477527618">
        <ele>488.97000000000003</ele>
        <time>2025-07-31T16:44:33Z</time>
      </trkpt>
      <trkpt lat="48.800095142796636" lon="-121.04450857266784">
        <ele>488.49000000000001</ele>
        <time>2025-07-31T16:44:58Z</time>
      </trkpt>
      <trkpt lat="48.800041079521179" lon="-121.04438527487218">
        <ele>488.49000000000001</ele>
        <time>2025-07-31T16:45:13Z</time>
      </trkpt>
      <trkpt lat="48.800018448382616" lon="-121.04424278251827">
        <ele>488.49000000000001</ele>
        <time>2025-07-31T16:45:29Z</time>
      </trkpt>
      <trkpt lat="48.800022723153234" lon="-121.04422098957002">
        <ele>488.97000000000003</ele>
        <time>2025-07-31T16:45:47Z</time>
      </trkpt>
      <trkpt lat="48.80002305842936" lon="-121.0442204028368">
        <ele>488.97000000000003</ele>
        <time>2025-07-31T16:46:02Z</time>
      </trkpt>
      <trkpt lat="48.800019538030028" lon="-121.04421210475266">
        <ele>488.97000000000003</ele>
        <time>2025-07-31T16:46:21Z</time>
      </trkpt>
      <trkpt lat="48.800024902448058" lon="-121.04421914555132">
        <ele>489.44999999999999</ele>
        <time>2025-07-31T16:46:45Z</time>
      </trkpt>
      <trkpt lat="48.800064297392964" lon="-121.04421730153263">
        <ele>489.44999999999999</ele>
        <time>2025-07-31T16:47:16Z</time>
      </trkpt>
      <trkpt lat="48.800043677911162" lon="-121.04421654716134">
        <ele>489.44999999999999</ele>
        <time>2025-07-31T16:47:49Z</time>
      </trkpt>
      <trkpt lat="48.800044264644384" lon="-121.04421017691493">
        <ele>489.44999999999999</ele>
        <time>2025-07-31T16:48:23Z</time>
      </trkpt>
      <trkpt lat="48.800046108663082" lon="-121.0442238394171">
        <ele>489.44999999999999</ele>
        <time>2025-07-31T16:49:02Z</time>
      </trkpt>
      <trkpt lat="48.800039403140545" lon="-121.04423305951059">
        <ele>489.44999999999999</ele>
        <time>2025-07-31T16:49:42Z</time>
      </trkpt>
      <trkpt lat="48.800039989873767" lon="-121.04420171119273">
        <ele>489.44999999999999</ele>
        <time>2025-07-31T16:50:24Z</time>
      </trkpt>
      <trkpt lat="48.800026578828692" lon="-121.04420514777303">
        <ele>489.44999999999999</ele>
        <time>2025-07-31T16:50:55Z</time>
      </trkpt>
      <trkpt lat="48.800029428675771" lon="-121.04421445168555">
        <ele>489.44999999999999</ele>
        <time>2025-07-31T16:51:30Z</time>
      </trkpt>
      <trkpt lat="48.800007551908493" lon="-121.04424001649022">
        <ele>489.44999999999999</ele>
        <time>2025-07-31T16:51:55Z</time>
      </trkpt>
      <trkpt lat="48.800003863871098" lon="-121.04422316886485">
        <ele>489.44999999999999</ele>
        <time>2025-07-31T16:52:42Z</time>
      </trkpt>
      <trkpt lat="48.799991626292467" lon="-121.04421948082745">
        <ele>489.44999999999999</ele>
        <time>2025-07-31T16:53:30Z</time>
      </trkpt>
      <trkpt lat="48.799987100064754" lon="-121.04422216303647">
        <ele>489.44999999999999</ele>
        <time>2025-07-31T16:54:09Z</time>
      </trkpt>
      <trkpt lat="48.799989949911833" lon="-121.04422719217837">
        <ele>488.97000000000003</ele>
        <time>2025-07-31T16:54:56Z</time>
      </trkpt>
      <trkpt lat="48.799978885799646" lon="-121.04422342032194">
        <ele>488.97000000000003</ele>
        <time>2025-07-31T16:55:43Z</time>
      </trkpt>
      <trkpt lat="48.79999372176826" lon="-121.04423716664314">
        <ele>488.97000000000003</ele>
        <time>2025-07-31T16:56:31Z</time>
      </trkpt>
      <trkpt lat="48.799981148913503" lon="-121.04423037730157">
        <ele>488.97000000000003</ele>
        <time>2025-07-31T16:57:20Z</time>
      </trkpt>
      <trkpt lat="48.799984334036708" lon="-121.04421872645617">
        <ele>488.49000000000001</ele>
        <time>2025-07-31T16:57:59Z</time>
      </trkpt>
      <trkpt lat="48.79999078810215" lon="-121.04423423297703">
        <ele>488.49000000000001</ele>
        <time>2025-07-31T16:58:54Z</time>
      </trkpt>
      <trkpt lat="48.799982741475105" lon="-121.04422660544515">
        <ele>488.49000000000001</ele>
        <time>2025-07-31T16:59:47Z</time>
      </trkpt>
      <trkpt lat="48.79998542368412" lon="-121.04424177668989">
        <ele>488.49000000000001</ele>
        <time>2025-07-31T17:00:34Z</time>
      </trkpt>
      <trkpt lat="48.799989949911833" lon="-121.04423926211894">
        <ele>488.49000000000001</ele>
        <time>2025-07-31T17:01:26Z</time>
      </trkpt>
      <trkpt lat="48.800000678747892" lon="-121.04420724324882">
        <ele>488.00999999999999</ele>
        <time>2025-07-31T17:02:11Z</time>
      </trkpt>
      <trkpt lat="48.79998592659831" lon="-121.04422635398805">
        <ele>488.00999999999999</ele>
        <time>2025-07-31T17:02:51Z</time>
      </trkpt>
      <trkpt lat="48.800005875527859" lon="-121.04422233067453">
        <ele>488.00999999999999</ele>
        <time>2025-07-31T17:03:37Z</time>
      </trkpt>
      <trkpt lat="48.800000343471766" lon="-121.04422694072127">
        <ele>488.00999999999999</ele>
        <time>2025-07-31T17:04:26Z</time>
      </trkpt>
      <trkpt lat="48.799996320158243" lon="-121.0442323051393">
        <ele>488.00999999999999</ele>
        <time>2025-07-31T17:05:17Z</time>
      </trkpt>
      <trkpt lat="48.800006546080112" lon="-121.0442204028368">
        <ele>488.00999999999999</ele>
        <time>2025-07-31T17:06:05Z</time>
      </trkpt>
      <trkpt lat="48.799985591322184" lon="-121.04420598596334">
        <ele>488.00999999999999</ele>
        <time>2025-07-31T17:06:50Z</time>
      </trkpt>
      <trkpt lat="48.799988944083452" lon="-121.04422668926418">
        <ele>488.00999999999999</ele>
        <time>2025-07-31T17:07:41Z</time>
      </trkpt>
      <trkpt lat="48.799990117549896" lon="-121.0442188102752">
        <ele>488.00999999999999</ele>
        <time>2025-07-31T17:08:32Z</time>
      </trkpt>
      <trkpt lat="48.799989111721516" lon="-121.04421956464648">
        <ele>488.00999999999999</ele>
        <time>2025-07-31T17:09:04Z</time>
      </trkpt>
      <trkpt lat="48.800002103671432" lon="-121.04422811418772">
        <ele>488.00999999999999</ele>
        <time>2025-07-31T17:09:44Z</time>
      </trkpt>
      <trkpt lat="48.799989363178611" lon="-121.04422124102712">
        <ele>488.49000000000001</ele>
        <time>2025-07-31T17:10:24Z</time>
      </trkpt>
      <trkpt lat="48.800006462261081" lon="-121.04422207921743">
        <ele>488.49000000000001</ele>
        <time>2025-07-31T17:11:16Z</time>
      </trkpt>
      <trkpt lat="48.800000259652734" lon="-121.0442375857383">
        <ele>488.49000000000001</ele>
        <time>2025-07-31T17:12:04Z</time>
      </trkpt>
      <trkpt lat="48.800007719546556" lon="-121.04422777891159">
        <ele>488.49000000000001</ele>
        <time>2025-07-31T17:12:56Z</time>
      </trkpt>
      <trkpt lat="48.800006462261081" lon="-121.04424353688955">
        <ele>488.49000000000001</ele>
        <time>2025-07-31T17:13:39Z</time>
      </trkpt>
      <trkpt lat="48.799989782273769" lon="-121.04421813972294">
        <ele>488.49000000000001</ele>
        <time>2025-07-31T17:14:27Z</time>
      </trkpt>
      <trkpt lat="48.799990033730865" lon="-121.04422987438738">
        <ele>488.49000000000001</ele>
        <time>2025-07-31T17:15:07Z</time>
      </trkpt>
      <trkpt lat="48.800009144470096" lon="-121.04424898512661">
        <ele>488.49000000000001</ele>
        <time>2025-07-31T17:15:46Z</time>
      </trkpt>
      <trkpt lat="48.799991458654404" lon="-121.04422987438738">
        <ele>488.00999999999999</ele>
        <time>2025-07-31T17:16:34Z</time>
      </trkpt>
      <trkpt lat="48.800008725374937" lon="-121.0442201513797">
        <ele>488.00999999999999</ele>
        <time>2025-07-31T17:17:05Z</time>
      </trkpt>
      <trkpt lat="48.800028758123517" lon="-121.04421981610358">
        <ele>488.00999999999999</ele>
        <time>2025-07-31T17:17:27Z</time>
      </trkpt>
      <trkpt lat="48.800030015408993" lon="-121.04421663098037">
        <ele>489.44999999999999</ele>
        <time>2025-07-31T17:17:47Z</time>
      </trkpt>
      <trkpt lat="48.800038984045386" lon="-121.04422241449356">
        <ele>487.52999999999997</ele>
        <time>2025-07-31T17:18:06Z</time>
      </trkpt>
      <trkpt lat="48.800038732588291" lon="-121.04422342032194">
        <ele>490.88999999999999</ele>
        <time>2025-07-31T17:18:07Z</time>
      </trkpt>
      <trkpt lat="48.800034206360579" lon="-121.04423171840608">
        <ele>488.49000000000001</ele>
        <time>2025-07-31T17:18:33Z</time>
      </trkpt>
      <trkpt lat="48.800031188875437" lon="-121.0442307125777">
        <ele>488.49000000000001</ele>
        <time>2025-07-31T17:19:11Z</time>
      </trkpt>
      <trkpt lat="48.800031188875437" lon="-121.04421378113329">
        <ele>489.93000000000001</ele>
        <time>2025-07-31T17:19:36Z</time>
      </trkpt>
      <trkpt lat="48.800011994317174" lon="-121.04420020245016">
        <ele>488.97000000000003</ele>
        <time>2025-07-31T17:19:56Z</time>
      </trkpt>
      <trkpt lat="48.800001684576273" lon="-121.04420841671526">
        <ele>488.97000000000003</ele>
        <time>2025-07-31T17:20:17Z</time>
      </trkpt>
      <trkpt lat="48.800025824457407" lon="-121.04425669647753">
        <ele>489.93000000000001</ele>
        <time>2025-07-31T17:20:34Z</time>
      </trkpt>
      <trkpt lat="48.800015347078443" lon="-121.04424705728889">
        <ele>489.93000000000001</ele>
        <time>2025-07-31T17:20:51Z</time>
      </trkpt>
      <trkpt lat="48.800018113106489" lon="-121.04423347860575">
        <ele>489.93000000000001</ele>
        <time>2025-07-31T17:21:07Z</time>
      </trkpt>
      <trkpt lat="48.80001031793654" lon="-121.04422685690224">
        <ele>488.49000000000001</ele>
        <time>2025-07-31T17:21:32Z</time>
      </trkpt>
      <trkpt lat="48.800023812800646" lon="-121.04423004202545">
        <ele>488.49000000000001</ele>
        <time>2025-07-31T17:21:50Z</time>
      </trkpt>
      <trkpt lat="48.800002271309495" lon="-121.044228868559">
        <ele>488.00999999999999</ele>
        <time>2025-07-31T17:22:12Z</time>
      </trkpt>
      <trkpt lat="48.800013419240713" lon="-121.04425032623112">
        <ele>488.00999999999999</ele>
        <time>2025-07-31T17:22:36Z</time>
      </trkpt>
      <trkpt lat="48.800022136420012" lon="-121.04426021687686">
        <ele>488.00999999999999</ele>
        <time>2025-07-31T17:23:05Z</time>
      </trkpt>
      <trkpt lat="48.800029596313834" lon="-121.04426105506718">
        <ele>488.00999999999999</ele>
        <time>2025-07-31T17:23:26Z</time>
      </trkpt>
      <trkpt lat="48.800015430897474" lon="-121.0442375857383">
        <ele>488.00999999999999</ele>
        <time>2025-07-31T17:23:40Z</time>
      </trkpt>
      <trkpt lat="48.800015598535538" lon="-121.04426038451493">
        <ele>488.00999999999999</ele>
        <time>2025-07-31T17:24:01Z</time>
      </trkpt>
      <trkpt lat="48.800007048994303" lon="-121.04424932040274">
        <ele>488.00999999999999</ele>
        <time>2025-07-31T17:24:21Z</time>
      </trkpt>
      <trkpt lat="48.800010150298476" lon="-121.04423808865249">
        <ele>488.00999999999999</ele>
        <time>2025-07-31T17:24:46Z</time>
      </trkpt>
      <trkpt lat="48.799997242167592" lon="-121.04419668205082">
        <ele>488.00999999999999</ele>
        <time>2025-07-31T17:25:11Z</time>
      </trkpt>
      <trkpt lat="48.799994643777609" lon="-121.0441908147186">
        <ele>488.00999999999999</ele>
        <time>2025-07-31T17:25:32Z</time>
      </trkpt>
      <trkpt lat="48.800013838335872" lon="-121.04424848221242">
        <ele>488.00999999999999</ele>
        <time>2025-07-31T17:25:45Z</time>
      </trkpt>
      <trkpt lat="48.800011994317174" lon="-121.04434923268855">
        <ele>487.52999999999997</ele>
        <time>2025-07-31T17:26:04Z</time>
      </trkpt>
      <trkpt lat="48.799968492239714" lon="-121.04437471367419">
        <ele>487.52999999999997</ele>
        <time>2025-07-31T17:26:11Z</time>
      </trkpt>
      <trkpt lat="48.799786269664764" lon="-121.04445291683078">
        <ele>487.52999999999997</ele>
        <time>2025-07-31T17:26:29Z</time>
      </trkpt>
      <trkpt lat="48.799565406516194" lon="-121.04446733370423">
        <ele>487.52999999999997</ele>
        <time>2025-07-31T17:26:48Z</time>
      </trkpt>
      <trkpt lat="48.7993233371526" lon="-121.04443514719605">
        <ele>487.52999999999997</ele>
        <time>2025-07-31T17:27:07Z</time>
      </trkpt>
      <trkpt lat="48.799030808731914" lon="-121.04437714442611">
        <ele>487.52999999999997</ele>
        <time>2025-07-31T17:27:29Z</time>
      </trkpt>
      <trkpt lat="48.798792343586683" lon="-121.04437018744648">
        <ele>487.52999999999997</ele>
        <time>2025-07-31T17:27:46Z</time>
      </trkpt>
      <trkpt lat="48.798562260344625" lon="-121.04429483413696">
        <ele>488.49000000000001</ele>
        <time>2025-07-31T17:28:03Z</time>
      </trkpt>
      <trkpt lat="48.798301247879863" lon="-121.0442550200969">
        <ele>488.49000000000001</ele>
        <time>2025-07-31T17:28:21Z</time>
      </trkpt>
      <trkpt lat="48.798026740550995" lon="-121.04416432790458">
        <ele>488.49000000000001</ele>
        <time>2025-07-31T17:28:40Z</time>
      </trkpt>
      <trkpt lat="48.797858012840152" lon="-121.0441252682358">
        <ele>488.49000000000001</ele>
        <time>2025-07-31T17:28:51Z</time>
      </trkpt>
      <trkpt lat="48.797711748629808" lon="-121.04407363571227">
        <ele>488.49000000000001</ele>
        <time>2025-07-31T17:29:01Z</time>
      </trkpt>
      <trkpt lat="48.797547966241837" lon="-121.0440354142338">
        <ele>488.49000000000001</ele>
        <time>2025-07-31T17:29:12Z</time>
      </trkpt>
      <trkpt lat="48.797306315973401" lon="-121.04387230239809">
        <ele>488.00999999999999</ele>
        <time>2025-07-31T17:29:31Z</time>
      </trkpt>
      <trkpt lat="48.797091487795115" lon="-121.04392996989191">
        <ele>488.00999999999999</ele>
        <time>2025-07-31T17:29:45Z</time>
      </trkpt>
      <trkpt lat="48.79685671068728" lon="-121.04387003928423">
        <ele>488.00999999999999</ele>
        <time>2025-07-31T17:30:01Z</time>
      </trkpt>
      <trkpt lat="48.796690665185452" lon="-121.04379435069859">
        <ele>488.00999999999999</ele>
        <time>2025-07-31T17:30:14Z</time>
      </trkpt>
      <trkpt lat="48.79647508263588" lon="-121.04369913227856">
        <ele>488.00999999999999</ele>
        <time>2025-07-31T17:30:30Z</time>
      </trkpt>
      <trkpt lat="48.796314485371113" lon="-121.04369418695569">
        <ele>488.00999999999999</ele>
        <time>2025-07-31T17:30:41Z</time>
      </trkpt>
      <trkpt lat="48.796112146228552" lon="-121.04361162520945">
        <ele>488.00999999999999</ele>
        <time>2025-07-31T17:30:56Z</time>
      </trkpt>
      <trkpt lat="48.795882649719715" lon="-121.04359150864184">
        <ele>488.00999999999999</ele>
        <time>2025-07-31T17:31:12Z</time>
      </trkpt>
      <trkpt lat="48.795692129060626" lon="-121.04361422359943">
        <ele>488.00999999999999</ele>
        <time>2025-07-31T17:31:25Z</time>
      </trkpt>
      <trkpt lat="48.795534297823906" lon="-121.04361774399877">
        <ele>488.00999999999999</ele>
        <time>2025-07-31T17:31:37Z</time>
      </trkpt>
      <trkpt lat="48.795365067198873" lon="-121.04353744536638">
        <ele>488.00999999999999</ele>
        <time>2025-07-31T17:31:50Z</time>
      </trkpt>
      <trkpt lat="48.795152837410569" lon="-121.04347575455904">
        <ele>488.00999999999999</ele>
        <time>2025-07-31T17:32:05Z</time>
      </trkpt>
      <trkpt lat="48.794871876016259" lon="-121.04345052503049">
        <ele>488.00999999999999</ele>
        <time>2025-07-31T17:32:24Z</time>
      </trkpt>
      <trkpt lat="48.794637266546488" lon="-121.04336150921881">
        <ele>487.52999999999997</ele>
        <time>2025-07-31T17:32:42Z</time>
      </trkpt>
      <trkpt lat="48.79434809088707" lon="-121.04327073320746">
        <ele>488.49000000000001</ele>
        <time>2025-07-31T17:33:03Z</time>
      </trkpt>
      <trkpt lat="48.794090012088418" lon="-121.04324718005955">
        <ele>488.00999999999999</ele>
        <time>2025-07-31T17:33:21Z</time>
      </trkpt>
      <trkpt lat="48.793852888047695" lon="-121.04322295635939">
        <ele>488.49000000000001</ele>
        <time>2025-07-31T17:33:37Z</time>
      </trkpt>
      <trkpt lat="48.793543428182602" lon="-121.04313452728093">
        <ele>488.00999999999999</ele>
        <time>2025-07-31T17:34:00Z</time>
      </trkpt>
      <trkpt lat="48.79325014539063" lon="-121.04302497580647">
        <ele>488.00999999999999</ele>
        <time>2025-07-31T17:34:22Z</time>
      </trkpt>
      <trkpt lat="48.792990641668439" lon="-121.04290025308728">
        <ele>488.00999999999999</ele>
        <time>2025-07-31T17:34:43Z</time>
      </trkpt>
      <trkpt lat="48.7928147893399" lon="-121.04291341267526">
        <ele>488.00999999999999</ele>
        <time>2025-07-31T17:35:01Z</time>
      </trkpt>
      <trkpt lat="48.792707752436399" lon="-121.04290938936174">
        <ele>488.00999999999999</ele>
        <time>2025-07-31T17:35:22Z</time>
      </trkpt>
      <trkpt lat="48.792463168501854" lon="-121.04285105131567">
        <ele>488.00999999999999</ele>
        <time>2025-07-31T17:35:41Z</time>
      </trkpt>
      <trkpt lat="48.792225793004036" lon="-121.04283076710999">
        <ele>488.00999999999999</ele>
        <time>2025-07-31T17:35:58Z</time>
      </trkpt>
      <trkpt lat="48.791964780539274" lon="-121.04285926558077">
        <ele>488.00999999999999</ele>
        <time>2025-07-31T17:36:16Z</time>
      </trkpt>
      <trkpt lat="48.791693458333611" lon="-121.04278231970966">
        <ele>488.00999999999999</ele>
        <time>2025-07-31T17:36:36Z</time>
      </trkpt>
      <trkpt lat="48.791483659297228" lon="-121.04280268773437">
        <ele>488.00999999999999</ele>
        <time>2025-07-31T17:36:53Z</time>
      </trkpt>
      <trkpt lat="48.791250390931964" lon="-121.04275667108595">
        <ele>488.00999999999999</ele>
        <time>2025-07-31T17:37:16Z</time>
      </trkpt>
      <trkpt lat="48.790958533063531" lon="-121.04265315458179">
        <ele>487.52999999999997</ele>
        <time>2025-07-31T17:37:40Z</time>
      </trkpt>
      <trkpt lat="48.790709841996431" lon="-121.04255181737244">
        <ele>487.52999999999997</ele>
        <time>2025-07-31T17:37:59Z</time>
      </trkpt>
      <trkpt lat="48.790424857288599" lon="-121.04253656230867">
        <ele>487.52999999999997</ele>
        <time>2025-07-31T17:38:19Z</time>
      </trkpt>
      <trkpt lat="48.790165856480598" lon="-121.04247738607228">
        <ele>487.52999999999997</ele>
        <time>2025-07-31T17:38:38Z</time>
      </trkpt>
      <trkpt lat="48.789898473769426" lon="-121.04239566251636">
        <ele>487.52999999999997</ele>
        <time>2025-07-31T17:38:58Z</time>
      </trkpt>
      <trkpt lat="48.789616255089641" lon="-121.04231217876077">
        <ele>487.52999999999997</ele>
        <time>2025-07-31T17:39:20Z</time>
      </trkpt>
      <trkpt lat="48.789294809103012" lon="-121.04223255068064">
        <ele>487.52999999999997</ele>
        <time>2025-07-31T17:39:43Z</time>
      </trkpt>
      <trkpt lat="48.788998676463962" lon="-121.04210682213306">
        <ele>487.52999999999997</ele>
        <time>2025-07-31T17:40:05Z</time>
      </trkpt>
      <trkpt lat="48.78875233232975" lon="-121.04205384850502">
        <ele>488.00999999999999</ele>
        <time>2025-07-31T17:40:22Z</time>
      </trkpt>
      <trkpt lat="48.788451924920082" lon="-121.04200012050569">
        <ele>488.00999999999999</ele>
        <time>2025-07-31T17:40:42Z</time>
      </trkpt>
      <trkpt lat="48.788169119507074" lon="-121.04191705584526">
        <ele>488.00999999999999</ele>
        <time>2025-07-31T17:41:03Z</time>
      </trkpt>
      <trkpt lat="48.787886314094067" lon="-121.04185653850436">
        <ele>487.52999999999997</ele>
        <time>2025-07-31T17:41:23Z</time>
      </trkpt>
      <trkpt lat="48.787641143426299" lon="-121.0416853800416">
        <ele>487.52999999999997</ele>
        <time>2025-07-31T17:41:42Z</time>
      </trkpt>
      <trkpt lat="48.787391278892756" lon="-121.04166643694043">
        <ele>487.52999999999997</ele>
        <time>2025-07-31T17:42:00Z</time>
      </trkpt>
      <trkpt lat="48.787126997485757" lon="-121.04154850356281">
        <ele>488.00999999999999</ele>
        <time>2025-07-31T17:42:20Z</time>
      </trkpt>
      <trkpt lat="48.786887191236019" lon="-121.04156711138785">
        <ele>488.00999999999999</ele>
        <time>2025-07-31T17:42:37Z</time>
      </trkpt>
      <trkpt lat="48.786600027233362" lon="-121.04155093431473">
        <ele>488.00999999999999</ele>
        <time>2025-07-31T17:42:58Z</time>
      </trkpt>
      <trkpt lat="48.78635510802269" lon="-121.04148865677416">
        <ele>488.00999999999999</ele>
        <time>2025-07-31T17:43:15Z</time>
      </trkpt>
      <trkpt lat="48.786094263195992" lon="-121.04143979027867">
        <ele>488.00999999999999</ele>
        <time>2025-07-31T17:43:33Z</time>
      </trkpt>
      <trkpt lat="48.78585672006011" lon="-121.04134071618319">
        <ele>488.00999999999999</ele>
        <time>2025-07-31T17:43:49Z</time>
      </trkpt>
      <trkpt lat="48.785557067021728" lon="-121.04127550497651">
        <ele>488.00999999999999</ele>
        <time>2025-07-31T17:44:10Z</time>
      </trkpt>
      <trkpt lat="48.785281386226416" lon="-121.04116888716817">
        <ele>488.00999999999999</ele>
        <time>2025-07-31T17:44:30Z</time>
      </trkpt>
      <trkpt lat="48.785053314641118" lon="-121.0411882493645">
        <ele>488.00999999999999</ele>
        <time>2025-07-31T17:44:47Z</time>
      </trkpt>
      <trkpt lat="48.784813843667507" lon="-121.04120140895247">
        <ele>488.00999999999999</ele>
        <time>2025-07-31T17:45:04Z</time>
      </trkpt>
      <trkpt lat="48.784565906971693" lon="-121.04110124520957">
        <ele>488.00999999999999</ele>
        <time>2025-07-31T17:45:23Z</time>
      </trkpt>
      <trkpt lat="48.784257704392076" lon="-121.04103092104197">
        <ele>488.00999999999999</ele>
        <time>2025-07-31T17:45:45Z</time>
      </trkpt>
      <trkpt lat="48.783972635865211" lon="-121.04103678837419">
        <ele>488.00999999999999</ele>
        <time>2025-07-31T17:46:04Z</time>
      </trkpt>
      <trkpt lat="48.78388412296772" lon="-121.04098037816584">
        <ele>488.00999999999999</ele>
        <time>2025-07-31T17:46:11Z</time>
      </trkpt>
      <trkpt lat="48.783839363604784" lon="-121.04092941619456">
        <ele>488.00999999999999</ele>
        <time>2025-07-31T17:46:15Z</time>
      </trkpt>
      <trkpt lat="48.783638114109635" lon="-121.04084526188672">
        <ele>488.00999999999999</ele>
        <time>2025-07-31T17:46:32Z</time>
      </trkpt>
      <trkpt lat="48.783431584015489" lon="-121.04088624939322">
        <ele>487.52999999999997</ele>
        <time>2025-07-31T17:46:46Z</time>
      </trkpt>
      <trkpt lat="48.783221198245883" lon="-121.04072431102395">
        <ele>488.00999999999999</ele>
        <time>2025-07-31T17:47:03Z</time>
      </trkpt>
      <trkpt lat="48.783030258491635" lon="-121.04074635542929">
        <ele>488.00999999999999</ele>
        <time>2025-07-31T17:47:19Z</time>
      </trkpt>
      <trkpt lat="48.782780226320028" lon="-121.04069950059056">
        <ele>488.00999999999999</ele>
        <time>2025-07-31T17:47:39Z</time>
      </trkpt>
      <trkpt lat="48.782486608251929" lon="-121.04060470126569">
        <ele>488.00999999999999</ele>
        <time>2025-07-31T17:48:00Z</time>
      </trkpt>
      <trkpt lat="48.782190140336752" lon="-121.04060344398022">
        <ele>488.00999999999999</ele>
        <time>2025-07-31T17:48:21Z</time>
      </trkpt>
      <trkpt lat="48.781930468976498" lon="-121.04048877954483">
        <ele>488.00999999999999</ele>
        <time>2025-07-31T17:48:41Z</time>
      </trkpt>
      <trkpt lat="48.781703738495708" lon="-121.04055214673281">
        <ele>488.49000000000001</ele>
        <time>2025-07-31T17:48:58Z</time>
      </trkpt>
      <trkpt lat="48.781444737687707" lon="-121.04047721251845">
        <ele>488.49000000000001</ele>
        <time>2025-07-31T17:49:18Z</time>
      </trkpt>
      <trkpt lat="48.781145503744483" lon="-121.04031896218657">
        <ele>488.49000000000001</ele>
        <time>2025-07-31T17:49:40Z</time>
      </trkpt>
      <trkpt lat="48.780850544571877" lon="-121.04039289057255">
        <ele>488.49000000000001</ele>
        <time>2025-07-31T17:50:02Z</time>
      </trkpt>
      <trkpt lat="48.780579809099436" lon="-121.04028007015586">
        <ele>488.49000000000001</ele>
        <time>2025-07-31T17:50:23Z</time>
      </trkpt>
      <trkpt lat="48.780258530750871" lon="-121.04030697606504">
        <ele>488.49000000000001</ele>
        <time>2025-07-31T17:50:45Z</time>
      </trkpt>
      <trkpt lat="48.780049318447709" lon="-121.04040663689375">
        <ele>488.49000000000001</ele>
        <time>2025-07-31T17:51:02Z</time>
      </trkpt>
      <trkpt lat="48.779834490269423" lon="-121.04038819670677">
        <ele>488.49000000000001</ele>
        <time>2025-07-31T17:51:21Z</time>
      </trkpt>
      <trkpt lat="48.77955193631351" lon="-121.0403142683208">
        <ele>488.00999999999999</ele>
        <time>2025-07-31T17:51:44Z</time>
      </trkpt>
      <trkpt lat="48.77934817224741" lon="-121.04032550007105">
        <ele>488.00999999999999</ele>
        <time>2025-07-31T17:52:01Z</time>
      </trkpt>
      <trkpt lat="48.779094787314534" lon="-121.04024285450578">
        <ele>488.49000000000001</ele>
        <time>2025-07-31T17:52:22Z</time>
      </trkpt>
      <trkpt lat="48.778854897245765" lon="-121.04017856530845">
        <ele>488.49000000000001</ele>
        <time>2025-07-31T17:52:42Z</time>
      </trkpt>
      <trkpt lat="48.778623472899199" lon="-121.03999491780996">
        <ele>488.49000000000001</ele>
        <time>2025-07-31T17:53:01Z</time>
      </trkpt>
      <trkpt lat="48.778399424627423" lon="-121.04003506712615">
        <ele>488.97000000000003</ele>
        <time>2025-07-31T17:53:20Z</time>
      </trkpt>
      <trkpt lat="48.778182584792376" lon="-121.03997614234686">
        <ele>488.97000000000003</ele>
        <time>2025-07-31T17:53:38Z</time>
      </trkpt>
      <trkpt lat="48.777950489893556" lon="-121.03991596028209">
        <ele>488.97000000000003</ele>
        <time>2025-07-31T17:53:57Z</time>
      </trkpt>
      <trkpt lat="48.777700792998075" lon="-121.03997765108943">
        <ele>488.97000000000003</ele>
        <time>2025-07-31T17:54:17Z</time>
      </trkpt>
      <trkpt lat="48.777454616501927" lon="-121.0399635694921">
        <ele>488.97000000000003</ele>
        <time>2025-07-31T17:54:37Z</time>
      </trkpt>
      <trkpt lat="48.777236435562372" lon="-121.03994873352349">
        <ele>488.97000000000003</ele>
        <time>2025-07-31T17:54:54Z</time>
      </trkpt>
      <trkpt lat="48.777003334835172" lon="-121.03994462639093">
        <ele>488.97000000000003</ele>
        <time>2025-07-31T17:55:11Z</time>
      </trkpt>
      <trkpt lat="48.776717763394117" lon="-121.03989182040095">
        <ele>488.49000000000001</ele>
        <time>2025-07-31T17:55:32Z</time>
      </trkpt>
      <trkpt lat="48.776436131447554" lon="-121.03983758948743">
        <ele>488.97000000000003</ele>
        <time>2025-07-31T17:55:52Z</time>
      </trkpt>
      <trkpt lat="48.776179058477283" lon="-121.03982283733785">
        <ele>488.97000000000003</ele>
        <time>2025-07-31T17:56:10Z</time>
      </trkpt>
      <trkpt lat="48.77590237185359" lon="-121.03976215235889">
        <ele>488.49000000000001</ele>
        <time>2025-07-31T17:56:29Z</time>
      </trkpt>
      <trkpt lat="48.775629037991166" lon="-121.03969660587609">
        <ele>488.49000000000001</ele>
        <time>2025-07-31T17:56:47Z</time>
      </trkpt>
      <trkpt lat="48.775314800441265" lon="-121.03955495171249">
        <ele>488.97000000000003</ele>
        <time>2025-07-31T17:57:09Z</time>
      </trkpt>
      <trkpt lat="48.775025038048625" lon="-121.03949518874288">
        <ele>488.97000000000003</ele>
        <time>2025-07-31T17:57:29Z</time>
      </trkpt>
      <trkpt lat="48.77474189735949" lon="-121.03942268528044">
        <ele>488.97000000000003</ele>
        <time>2025-07-31T17:57:49Z</time>
      </trkpt>
      <trkpt lat="48.774511981755495" lon="-121.03939360007644">
        <ele>488.97000000000003</ele>
        <time>2025-07-31T17:58:04Z</time>
      </trkpt>
      <trkpt lat="48.774167066439986" lon="-121.03936007246375">
        <ele>488.97000000000003</ele>
        <time>2025-07-31T17:58:27Z</time>
      </trkpt>
      <trkpt lat="48.773900605738163" lon="-121.03927650488913">
        <ele>488.97000000000003</ele>
        <time>2025-07-31T17:58:45Z</time>
      </trkpt>
      <trkpt lat="48.77364881336689" lon="-121.03917709551752">
        <ele>488.97000000000003</ele>
        <time>2025-07-31T17:59:04Z</time>
      </trkpt>
      <trkpt lat="48.773400541394949" lon="-121.0390848107636">
        <ele>488.97000000000003</ele>
        <time>2025-07-31T17:59:23Z</time>
      </trkpt>
      <trkpt lat="48.773173224180937" lon="-121.03899344801903">
        <ele>488.97000000000003</ele>
        <time>2025-07-31T17:59:41Z</time>
      </trkpt>
      <trkpt lat="48.772937525063753" lon="-121.03891943581402">
        <ele>488.97000000000003</ele>
        <time>2025-07-31T17:59:59Z</time>
      </trkpt>
      <trkpt lat="48.772701406851411" lon="-121.03873277083039">
        <ele>488.97000000000003</ele>
        <time>2025-07-31T18:00:19Z</time>
      </trkpt>
      <trkpt lat="48.772433856502175" lon="-121.0385715868324">
        <ele>488.97000000000003</ele>
        <time>2025-07-31T18:00:41Z</time>
      </trkpt>
      <trkpt lat="48.772207209840417" lon="-121.03839975781739">
        <ele>488.97000000000003</ele>
        <time>2025-07-31T18:01:00Z</time>
      </trkpt>
      <trkpt lat="48.771952148526907" lon="-121.03827008977532">
        <ele>488.97000000000003</ele>
        <time>2025-07-31T18:01:19Z</time>
      </trkpt>
      <trkpt lat="48.771688118577003" lon="-121.03812064044178">
        <ele>488.97000000000003</ele>
        <time>2025-07-31T18:01:41Z</time>
      </trkpt>
      <trkpt lat="48.771477313712239" lon="-121.0379949118942">
        <ele>488.97000000000003</ele>
        <time>2025-07-31T18:01:59Z</time>
      </trkpt>
      <trkpt lat="48.77122862264514" lon="-121.03784680366516">
        <ele>488.97000000000003</ele>
        <time>2025-07-31T18:02:20Z</time>
      </trkpt>
      <trkpt lat="48.77102779224515" lon="-121.03774446062744">
        <ele>488.49000000000001</ele>
        <time>2025-07-31T18:02:43Z</time>
      </trkpt>
      <trkpt lat="48.770808102563024" lon="-121.03772727772593">
        <ele>489.44999999999999</ele>
        <time>2025-07-31T18:03:07Z</time>
      </trkpt>
      <trkpt lat="48.77065647393465" lon="-121.03760255500674">
        <ele>488.00999999999999</ele>
        <time>2025-07-31T18:03:29Z</time>
      </trkpt>
      <trkpt lat="48.770618420094252" lon="-121.03751571848989">
        <ele>488.00999999999999</ele>
        <time>2025-07-31T18:03:51Z</time>
      </trkpt>
      <trkpt lat="48.770601907745004" lon="-121.03749400936067">
        <ele>488.00999999999999</ele>
        <time>2025-07-31T18:04:12Z</time>
      </trkpt>
      <trkpt lat="48.77064423635602" lon="-121.03752879425883">
        <ele>488.00999999999999</ele>
        <time>2025-07-31T18:04:32Z</time>
      </trkpt>
      <trkpt lat="48.770637949928641" lon="-121.03753642179072">
        <ele>488.00999999999999</ele>
        <time>2025-07-31T18:04:57Z</time>
      </trkpt>
      <trkpt lat="48.770619928836823" lon="-121.0375564545393">
        <ele>488.49000000000001</ele>
        <time>2025-07-31T18:05:26Z</time>
      </trkpt>
      <trkpt lat="48.770626801997423" lon="-121.03759023360908">
        <ele>488.49000000000001</ele>
        <time>2025-07-31T18:05:53Z</time>
      </trkpt>
      <trkpt lat="48.770566871389747" lon="-121.0375839471817">
        <ele>488.49000000000001</ele>
        <time>2025-07-31T18:06:18Z</time>
      </trkpt>
      <trkpt lat="48.770549353212118" lon="-121.03759031742811">
        <ele>489.44999999999999</ele>
        <time>2025-07-31T18:06:27Z</time>
      </trkpt>
      <trkpt lat="48.770503168925643" lon="-121.03756475262344">
        <ele>488.49000000000001</ele>
        <time>2025-07-31T18:06:56Z</time>
      </trkpt>
      <trkpt lat="48.770470898598433" lon="-121.0375665128231">
        <ele>488.97000000000003</ele>
        <time>2025-07-31T18:07:12Z</time>
      </trkpt>
      <trkpt lat="48.770477771759033" lon="-121.03761387057602">
        <ele>488.00999999999999</ele>
        <time>2025-07-31T18:07:36Z</time>
      </trkpt>
      <trkpt lat="48.770452961325645" lon="-121.03760808706284">
        <ele>488.97000000000003</ele>
        <time>2025-07-31T18:07:56Z</time>
      </trkpt>
      <trkpt lat="48.770427731797099" lon="-121.03756634518504">
        <ele>488.97000000000003</ele>
        <time>2025-07-31T18:08:23Z</time>
      </trkpt>
      <trkpt lat="48.770384732633829" lon="-121.03760783560574">
        <ele>488.97000000000003</ele>
        <time>2025-07-31T18:08:54Z</time>
      </trkpt>
      <trkpt lat="48.770350031554699" lon="-121.03761990554631">
        <ele>488.97000000000003</ele>
        <time>2025-07-31T18:09:27Z</time>
      </trkpt>
      <trkpt lat="48.770327987149358" lon="-121.03756156750023">
        <ele>488.97000000000003</ele>
        <time>2025-07-31T18:09:53Z</time>
      </trkpt>
      <trkpt lat="48.770329244434834" lon="-121.03758788667619">
        <ele>488.97000000000003</ele>
        <time>2025-07-31T18:10:22Z</time>
      </trkpt>
      <trkpt lat="48.770321533083916" lon="-121.03760054334998">
        <ele>488.97000000000003</ele>
        <time>2025-07-31T18:10:49Z</time>
      </trkpt>
      <trkpt lat="48.770230086520314" lon="-121.03770322166383">
        <ele>488.97000000000003</ele>
        <time>2025-07-31T18:11:09Z</time>
      </trkpt>
      <trkpt lat="48.770086504518986" lon="-121.03784856386483">
        <ele>488.97000000000003</ele>
        <time>2025-07-31T18:11:28Z</time>
      </trkpt>
      <trkpt lat="48.769921632483602" lon="-121.03797278366983">
        <ele>488.97000000000003</ele>
        <time>2025-07-31T18:11:46Z</time>
      </trkpt>
      <trkpt lat="48.769808560609818" lon="-121.03782517835498">
        <ele>488.97000000000003</ele>
        <time>2025-07-31T18:12:04Z</time>
      </trkpt>
      <trkpt lat="48.769710911437869" lon="-121.03769215755165">
        <ele>488.97000000000003</ele>
        <time>2025-07-31T18:12:20Z</time>
      </trkpt>
      <trkpt lat="48.769510416314006" lon="-121.03770288638771">
        <ele>488.97000000000003</ele>
        <time>2025-07-31T18:12:41Z</time>
      </trkpt>
      <trkpt lat="48.769308412447572" lon="-121.03763993829489">
        <ele>488.97000000000003</ele>
        <time>2025-07-31T18:13:01Z</time>
      </trkpt>
      <trkpt lat="48.769070114940405" lon="-121.03763499297202">
        <ele>488.97000000000003</ele>
        <time>2025-07-31T18:13:22Z</time>
      </trkpt>
      <trkpt lat="48.768864423036575" lon="-121.03750004433095">
        <ele>488.97000000000003</ele>
        <time>2025-07-31T18:13:42Z</time>
      </trkpt>
      <trkpt lat="48.768611289560795" lon="-121.0375096835196">
        <ele>488.97000000000003</ele>
        <time>2025-07-31T18:14:05Z</time>
      </trkpt>
      <trkpt lat="48.768480364233255" lon="-121.03751630522311">
        <ele>488.97000000000003</ele>
        <time>2025-07-31T18:14:25Z</time>
      </trkpt>
      <trkpt lat="48.768421104177833" lon="-121.03750524111092">
        <ele>488.97000000000003</ele>
        <time>2025-07-31T18:14:32Z</time>
      </trkpt>
      <trkpt lat="48.768251119181514" lon="-121.03738873265684">
        <ele>489.44999999999999</ele>
        <time>2025-07-31T18:14:55Z</time>
      </trkpt>
      <trkpt lat="48.768083564937115" lon="-121.03732637129724">
        <ele>489.44999999999999</ele>
        <time>2025-07-31T18:15:18Z</time>
      </trkpt>
      <trkpt lat="48.767910227179527" lon="-121.03726895526052">
        <ele>489.44999999999999</ele>
        <time>2025-07-31T18:15:37Z</time>
      </trkpt>
      <trkpt lat="48.767728842794895" lon="-121.03717097081244">
        <ele>489.44999999999999</ele>
        <time>2025-07-31T18:15:59Z</time>
      </trkpt>
      <trkpt lat="48.767568664625287" lon="-121.03712210431695">
        <ele>489.44999999999999</ele>
        <time>2025-07-31T18:16:18Z</time>
      </trkpt>
      <trkpt lat="48.767391890287399" lon="-121.03702143765986">
        <ele>489.93000000000001</ele>
        <time>2025-07-31T18:16:39Z</time>
      </trkpt>
      <trkpt lat="48.767201201990247" lon="-121.0369639378041">
        <ele>489.93000000000001</ele>
        <time>2025-07-31T18:16:58Z</time>
      </trkpt>
      <trkpt lat="48.767034150660038" lon="-121.03682144545019">
        <ele>489.93000000000001</ele>
        <time>2025-07-31T18:17:15Z</time>
      </trkpt>
      <trkpt lat="48.766859136521816" lon="-121.0366655420512">
        <ele>489.44999999999999</ele>
        <time>2025-07-31T18:17:31Z</time>
      </trkpt>
      <trkpt lat="48.766660401597619" lon="-121.03655624203384">
        <ele>489.44999999999999</ele>
        <time>2025-07-31T18:17:49Z</time>
      </trkpt>
      <trkpt lat="48.766467282548547" lon="-121.03643738664687">
        <ele>489.44999999999999</ele>
        <time>2025-07-31T18:18:06Z</time>
      </trkpt>
      <trkpt lat="48.766292352229357" lon="-121.0363079700619">
        <ele>489.44999999999999</ele>
        <time>2025-07-31T18:18:22Z</time>
      </trkpt>
      <trkpt lat="48.766076182946563" lon="-121.03613153100014">
        <ele>489.44999999999999</ele>
        <time>2025-07-31T18:18:41Z</time>
      </trkpt>
      <trkpt lat="48.765889769420028" lon="-121.03599155321717">
        <ele>489.44999999999999</ele>
        <time>2025-07-31T18:18:58Z</time>
      </trkpt>
      <trkpt lat="48.765746857970953" lon="-121.03580421768129">
        <ele>489.44999999999999</ele>
        <time>2025-07-31T18:19:17Z</time>
      </trkpt>
      <trkpt lat="48.765719868242741" lon="-121.03579239919782">
        <ele>489.44999999999999</ele>
        <time>2025-07-31T18:19:21Z</time>
      </trkpt>
      <trkpt lat="48.765551559627056" lon="-121.03568678721786">
        <ele>489.44999999999999</ele>
        <time>2025-07-31T18:19:40Z</time>
      </trkpt>
      <trkpt lat="48.765426417812705" lon="-121.03559198789299">
        <ele>488.97000000000003</ele>
        <time>2025-07-31T18:19:52Z</time>
      </trkpt>
      <trkpt lat="48.765263892710209" lon="-121.03546064347029">
        <ele>489.44999999999999</ele>
        <time>2025-07-31T18:20:09Z</time>
      </trkpt>
      <trkpt lat="48.765040682628751" lon="-121.03533390909433">
        <ele>489.44999999999999</ele>
        <time>2025-07-31T18:20:30Z</time>
      </trkpt>
      <trkpt lat="48.76483934931457" lon="-121.03525444865227">
        <ele>489.44999999999999</ele>
        <time>2025-07-31T18:20:48Z</time>
      </trkpt>
      <trkpt lat="48.764678249135613" lon="-121.0350954439491">
        <ele>489.44999999999999</ele>
        <time>2025-07-31T18:21:04Z</time>
      </trkpt>
      <trkpt lat="48.76460138708353" lon="-121.03501581586897">
        <ele>489.44999999999999</ele>
        <time>2025-07-31T18:21:12Z</time>
      </trkpt>
      <trkpt lat="48.764513544738293" lon="-121.0349537897855">
        <ele>489.44999999999999</ele>
        <time>2025-07-31T18:21:20Z</time>
      </trkpt>
      <trkpt lat="48.764317827299237" lon="-121.0348316654563">
        <ele>489.44999999999999</ele>
        <time>2025-07-31T18:21:39Z</time>
      </trkpt>
      <trkpt lat="48.764213807880878" lon="-121.034812387079">
        <ele>489.44999999999999</ele>
        <time>2025-07-31T18:21:48Z</time>
      </trkpt>
      <trkpt lat="48.764096964150667" lon="-121.03474047034979">
        <ele>489.44999999999999</ele>
        <time>2025-07-31T18:21:59Z</time>
      </trkpt>
      <trkpt lat="48.763898480683565" lon="-121.03463309817016">
        <ele>489.44999999999999</ele>
        <time>2025-07-31T18:22:18Z</time>
      </trkpt>
      <trkpt lat="48.76373209990561" lon="-121.03448700159788">
        <ele>489.44999999999999</ele>
        <time>2025-07-31T18:22:35Z</time>
      </trkpt>
      <trkpt lat="48.76371743157506" lon="-121.03447325527668">
        <ele>489.44999999999999</ele>
        <time>2025-07-31T18:22:37Z</time>
      </trkpt>
      <trkpt lat="48.76354644075036" lon="-121.03437770158052">
        <ele>489.44999999999999</ele>
        <time>2025-07-31T18:22:53Z</time>
      </trkpt>
      <trkpt lat="48.763339659199119" lon="-121.03419044986367">
        <ele>489.44999999999999</ele>
        <time>2025-07-31T18:23:13Z</time>
      </trkpt>
      <trkpt lat="48.763120556250215" lon="-121.03410889394581">
        <ele>489.44999999999999</ele>
        <time>2025-07-31T18:23:32Z</time>
      </trkpt>
      <trkpt lat="48.762942105531693" lon="-121.03400043211877">
        <ele>489.44999999999999</ele>
        <time>2025-07-31T18:23:49Z</time>
      </trkpt>
      <trkpt lat="48.762826016172767" lon="-121.03387210518122">
        <ele>489.44999999999999</ele>
        <time>2025-07-31T18:24:02Z</time>
      </trkpt>
      <trkpt lat="48.762647984549403" lon="-121.0337071493268">
        <ele>489.44999999999999</ele>
        <time>2025-07-31T18:24:21Z</time>
      </trkpt>
      <trkpt lat="48.762483615428209" lon="-121.0335895512253">
        <ele>489.44999999999999</ele>
        <time>2025-07-31T18:24:37Z</time>
      </trkpt>
      <trkpt lat="48.762295441702008" lon="-121.03343540802598">
        <ele>488.97000000000003</ele>
        <time>2025-07-31T18:24:57Z</time>
      </trkpt>
      <trkpt lat="48.762081284075975" lon="-121.03329786099494">
        <ele>488.97000000000003</ele>
        <time>2025-07-31T18:25:18Z</time>
      </trkpt>
      <trkpt lat="48.761891853064299" lon="-121.03310029953718">
        <ele>488.97000000000003</ele>
        <time>2025-07-31T18:25:39Z</time>
      </trkpt>
      <trkpt lat="48.761762687936425" lon="-121.03299049660563">
        <ele>488.97000000000003</ele>
        <time>2025-07-31T18:25:54Z</time>
      </trkpt>
      <trkpt lat="48.761560348793864" lon="-121.03290667757392">
        <ele>489.44999999999999</ele>
        <time>2025-07-31T18:26:14Z</time>
      </trkpt>
      <trkpt lat="48.761331858113408" lon="-121.03276393376291">
        <ele>489.44999999999999</ele>
        <time>2025-07-31T18:26:36Z</time>
      </trkpt>
      <trkpt lat="48.761156089603901" lon="-121.03266804479063">
        <ele>489.44999999999999</ele>
        <time>2025-07-31T18:26:54Z</time>
      </trkpt>
      <trkpt lat="48.76093614846468" lon="-121.03257584385574">
        <ele>489.44999999999999</ele>
        <time>2025-07-31T18:27:16Z</time>
      </trkpt>
      <trkpt lat="48.760757949203253" lon="-121.03240141645074">
        <ele>489.44999999999999</ele>
        <time>2025-07-31T18:27:36Z</time>
      </trkpt>
      <trkpt lat="48.760573882609606" lon="-121.03217015974224">
        <ele>489.44999999999999</ele>
        <time>2025-07-31T18:27:57Z</time>
      </trkpt>
      <trkpt lat="48.760306751355529" lon="-121.03199120610952">
        <ele>489.44999999999999</ele>
        <time>2025-07-31T18:28:22Z</time>
      </trkpt>
      <trkpt lat="48.7600820325315" lon="-121.03186857886612">
        <ele>489.44999999999999</ele>
        <time>2025-07-31T18:28:44Z</time>
      </trkpt>
      <trkpt lat="48.75990123488009" lon="-121.03172365576029">
        <ele>489.44999999999999</ele>
        <time>2025-07-31T18:29:05Z</time>
      </trkpt>
      <trkpt lat="48.75973904505372" lon="-121.03152207098901">
        <ele>489.44999999999999</ele>
        <time>2025-07-31T18:29:26Z</time>
      </trkpt>
      <trkpt lat="48.759554727002978" lon="-121.03135284036398">
        <ele>489.44999999999999</ele>
        <time>2025-07-31T18:29:44Z</time>
      </trkpt>
      <trkpt lat="48.759379796683788" lon="-121.0312376730144">
        <ele>489.93000000000001</ele>
        <time>2025-07-31T18:30:02Z</time>
      </trkpt>
      <trkpt lat="48.759218277409673" lon="-121.03111336939037">
        <ele>489.93000000000001</ele>
        <time>2025-07-31T18:30:20Z</time>
      </trkpt>
      <trkpt lat="48.759016692638397" lon="-121.03102628141642">
        <ele>489.93000000000001</ele>
        <time>2025-07-31T18:30:40Z</time>
      </trkpt>
      <trkpt lat="48.758851317688823" lon="-121.030956460163">
        <ele>489.93000000000001</ele>
        <time>2025-07-31T18:30:57Z</time>
      </trkpt>
      <trkpt lat="48.758689966052771" lon="-121.03083617985249">
        <ele>489.93000000000001</ele>
        <time>2025-07-31T18:31:16Z</time>
      </trkpt>
      <trkpt lat="48.758517298847437" lon="-121.03066409938037">
        <ele>489.44999999999999</ele>
        <time>2025-07-31T18:31:38Z</time>
      </trkpt>
      <trkpt lat="48.758436162024736" lon="-121.03059922344983">
        <ele>489.44999999999999</ele>
        <time>2025-07-31T18:31:47Z</time>
      </trkpt>
      <trkpt lat="48.758220663294196" lon="-121.0305243730545">
        <ele>489.44999999999999</ele>
        <time>2025-07-31T18:32:09Z</time>
      </trkpt>
      <trkpt lat="48.758047493174672" lon="-121.0304553899914">
        <ele>489.44999999999999</ele>
        <time>2025-07-31T18:32:28Z</time>
      </trkpt>
      <trkpt lat="48.757879938930273" lon="-121.03035354986787">
        <ele>489.44999999999999</ele>
        <time>2025-07-31T18:32:47Z</time>
      </trkpt>
      <trkpt lat="48.757726717740297" lon="-121.03032513521612">
        <ele>489.93000000000001</ele>
        <time>2025-07-31T18:33:03Z</time>
      </trkpt>
      <trkpt lat="48.757513398304582" lon="-121.030248189345">
        <ele>489.93000000000001</ele>
        <time>2025-07-31T18:33:22Z</time>
      </trkpt>
      <trkpt lat="48.757331762462854" lon="-121.03017015382648">
        <ele>489.93000000000001</ele>
        <time>2025-07-31T18:33:39Z</time>
      </trkpt>
      <trkpt lat="48.757112408056855" lon="-121.03010938502848">
        <ele>489.44999999999999</ele>
        <time>2025-07-31T18:33:59Z</time>
      </trkpt>
      <trkpt lat="48.756904033944011" lon="-121.02999069727957">
        <ele>489.44999999999999</ele>
        <time>2025-07-31T18:34:17Z</time>
      </trkpt>
      <trkpt lat="48.756679315119982" lon="-121.02985264733434">
        <ele>489.44999999999999</ele>
        <time>2025-07-31T18:34:37Z</time>
      </trkpt>
      <trkpt lat="48.756439760327339" lon="-121.02978282608092">
        <ele>489.44999999999999</ele>
        <time>2025-07-31T18:34:57Z</time>
      </trkpt>
      <trkpt lat="48.756279498338699" lon="-121.02969607338309">
        <ele>489.44999999999999</ele>
        <time>2025-07-31T18:35:11Z</time>
      </trkpt>
      <trkpt lat="48.756133737042546" lon="-121.02961242198944">
        <ele>488.00999999999999</ele>
        <time>2025-07-31T18:35:25Z</time>
      </trkpt>
      <trkpt lat="48.756084954366088" lon="-121.02958995848894">
        <ele>488.00999999999999</ele>
        <time>2025-07-31T18:35:30Z</time>
      </trkpt>
      <trkpt lat="48.755883034318686" lon="-121.02950320579112">
        <ele>488.00999999999999</ele>
        <time>2025-07-31T18:35:52Z</time>
      </trkpt>
      <trkpt lat="48.755724113434553" lon="-121.029442101717">
        <ele>488.00999999999999</ele>
        <time>2025-07-31T18:36:09Z</time>
      </trkpt>
      <trkpt lat="48.755593355745077" lon="-121.02932785637677">
        <ele>488.00999999999999</ele>
        <time>2025-07-31T18:36:26Z</time>
      </trkpt>
      <trkpt lat="48.755584554746747" lon="-121.02932819165289">
        <ele>488.00999999999999</ele>
        <time>2025-07-31T18:36:27Z</time>
      </trkpt>
      <trkpt lat="48.755383472889662" lon="-121.02928997017443">
        <ele>488.00999999999999</ele>
        <time>2025-07-31T18:36:48Z</time>
      </trkpt>
      <trkpt lat="48.755207536742091" lon="-121.02927790023386">
        <ele>488.00999999999999</ele>
        <time>2025-07-31T18:37:07Z</time>
      </trkpt>
      <trkpt lat="48.755007879808545" lon="-121.02929156273603">
        <ele>488.00999999999999</ele>
        <time>2025-07-31T18:37:27Z</time>
      </trkpt>
      <trkpt lat="48.754833955317736" lon="-121.0293086618185">
        <ele>488.00999999999999</ele>
        <time>2025-07-31T18:37:46Z</time>
      </trkpt>
      <trkpt lat="48.754649050533772" lon="-121.02936356328428">
        <ele>489.44999999999999</ele>
        <time>2025-07-31T18:38:06Z</time>
      </trkpt>
      <trkpt lat="48.754619378596544" lon="-121.02936532348394">
        <ele>487.52999999999997</ele>
        <time>2025-07-31T18:38:09Z</time>
      </trkpt>
      <trkpt lat="48.754510246217251" lon="-121.02928108535707">
        <ele>488.49000000000001</ele>
        <time>2025-07-31T18:38:25Z</time>
      </trkpt>
      <trkpt lat="48.754365406930447" lon="-121.02929818443954">
        <ele>486.56</ele>
        <time>2025-07-31T18:38:48Z</time>
      </trkpt>
      <trkpt lat="48.754246970638633" lon="-121.02932257577777">
        <ele>488.49000000000001</ele>
        <time>2025-07-31T18:39:05Z</time>
      </trkpt>
      <trkpt lat="48.754128785803914" lon="-121.02930371649563">
        <ele>488.49000000000001</ele>
        <time>2025-07-31T18:39:24Z</time>
      </trkpt>
      <trkpt lat="48.754014289006591" lon="-121.02931721135974">
        <ele>488.97000000000003</ele>
        <time>2025-07-31T18:39:42Z</time>
      </trkpt>
      <trkpt lat="48.753886129707098" lon="-121.02935526520014">
        <ele>488.49000000000001</ele>
        <time>2025-07-31T18:39:57Z</time>
      </trkpt>
      <trkpt lat="48.753790156915784" lon="-121.02939667180181">
        <ele>488.49000000000001</ele>
        <time>2025-07-31T18:40:12Z</time>
      </trkpt>
      <trkpt lat="48.753782194107771" lon="-121.02940103039145">
        <ele>488.49000000000001</ele>
        <time>2025-07-31T18:40:13Z</time>
      </trkpt>
      <trkpt lat="48.753713881596923" lon="-121.02949532680213">
        <ele>488.49000000000001</ele>
        <time>2025-07-31T18:40:25Z</time>
      </trkpt>
      <trkpt lat="48.753684544935822" lon="-121.02951904758811">
        <ele>487.52999999999997</ele>
        <time>2025-07-31T18:40:29Z</time>
      </trkpt>
      <trkpt lat="48.753573317080736" lon="-121.02961208671331">
        <ele>488.49000000000001</ele>
        <time>2025-07-31T18:40:44Z</time>
      </trkpt>
      <trkpt lat="48.75351975671947" lon="-121.02963069453835">
        <ele>487.05000000000001</ele>
        <time>2025-07-31T18:40:50Z</time>
      </trkpt>
      <trkpt lat="48.753496371209621" lon="-121.0296302754432">
        <ele>487.05000000000001</ele>
        <time>2025-07-31T18:40:53Z</time>
      </trkpt>
      <trkpt lat="48.753442810848355" lon="-121.02964703924954">
        <ele>488.49000000000001</ele>
        <time>2025-07-31T18:40:59Z</time>
      </trkpt>
      <trkpt lat="48.753429399803281" lon="-121.02965969592333">
        <ele>488.49000000000001</ele>
        <time>2025-07-31T18:41:01Z</time>
      </trkpt>
      <trkpt lat="48.753333427011967" lon="-121.02977519854903">
        <ele>488.49000000000001</ele>
        <time>2025-07-31T18:41:15Z</time>
      </trkpt>
      <trkpt lat="48.753315070644021" lon="-121.02977033704519">
        <ele>488.49000000000001</ele>
        <time>2025-07-31T18:41:17Z</time>
      </trkpt>
      <trkpt lat="48.753294115886092" lon="-121.02976606227458">
        <ele>488.49000000000001</ele>
        <time>2025-07-31T18:41:19Z</time>
      </trkpt>
      <trkpt lat="48.753221528604627" lon="-121.02982792071998">
        <ele>488.97000000000003</ele>
        <time>2025-07-31T18:41:28Z</time>
      </trkpt>
      <trkpt lat="48.753173667937517" lon="-121.02993319742382">
        <ele>488.97000000000003</ele>
        <time>2025-07-31T18:41:38Z</time>
      </trkpt>
      <trkpt lat="48.753150114789605" lon="-121.02999681606889">
        <ele>488.97000000000003</ele>
        <time>2025-07-31T18:41:42Z</time>
      </trkpt>
      <trkpt lat="48.753113653510809" lon="-121.03007652796805">
        <ele>487.52999999999997</ele>
        <time>2025-07-31T18:41:49Z</time>
      </trkpt>
      <trkpt lat="48.75300963409245" lon="-121.03019605390728">
        <ele>487.52999999999997</ele>
        <time>2025-07-31T18:42:03Z</time>
      </trkpt>
      <trkpt lat="48.752889521420002" lon="-121.03033695369959">
        <ele>487.52999999999997</ele>
        <time>2025-07-31T18:42:16Z</time>
      </trkpt>
      <trkpt lat="48.752762200310826" lon="-121.03050811216235">
        <ele>487.52999999999997</ele>
        <time>2025-07-31T18:42:30Z</time>
      </trkpt>
      <trkpt lat="48.752744179219007" lon="-121.03053292259574">
        <ele>487.52999999999997</ele>
        <time>2025-07-31T18:42:32Z</time>
      </trkpt>
      <trkpt lat="48.752682991325855" lon="-121.03055806830525">
        <ele>487.05000000000001</ele>
        <time>2025-07-31T18:42:38Z</time>
      </trkpt>
      <trkpt lat="48.752629347145557" lon="-121.03058430366218">
        <ele>487.05000000000001</ele>
        <time>2025-07-31T18:42:43Z</time>
      </trkpt>
      <trkpt lat="48.752588694915175" lon="-121.03065814822912">
        <ele>488.49000000000001</ele>
        <time>2025-07-31T18:42:48Z</time>
      </trkpt>
      <trkpt lat="48.752514012157917" lon="-121.03078681044281">
        <ele>488.49000000000001</ele>
        <time>2025-07-31T18:42:58Z</time>
      </trkpt>
      <trkpt lat="48.752493308857083" lon="-121.03080592118204">
        <ele>488.49000000000001</ele>
        <time>2025-07-31T18:43:00Z</time>
      </trkpt>
      <trkpt lat="48.752311840653419" lon="-121.03081061504781">
        <ele>488.49000000000001</ele>
        <time>2025-07-31T18:43:16Z</time>
      </trkpt>
      <trkpt lat="48.752168593928218" lon="-121.03088052012026">
        <ele>488.49000000000001</ele>
        <time>2025-07-31T18:43:30Z</time>
      </trkpt>
      <trkpt lat="48.752150908112526" lon="-121.03087867610157">
        <ele>488.49000000000001</ele>
        <time>2025-07-31T18:43:32Z</time>
      </trkpt>
      <trkpt lat="48.751911856234074" lon="-121.03088345378637">
        <ele>487.05000000000001</ele>
        <time>2025-07-31T18:43:53Z</time>
      </trkpt>
      <trkpt lat="48.751725275069475" lon="-121.03093961253762">
        <ele>487.52999999999997</ele>
        <time>2025-07-31T18:44:13Z</time>
      </trkpt>
      <trkpt lat="48.751588817685843" lon="-121.0309754870832">
        <ele>488.49000000000001</ele>
        <time>2025-07-31T18:44:31Z</time>
      </trkpt>
      <trkpt lat="48.751456718891859" lon="-121.03099744766951">
        <ele>488.49000000000001</ele>
        <time>2025-07-31T18:44:48Z</time>
      </trkpt>
      <trkpt lat="48.751408439129591" lon="-121.03102586232126">
        <ele>488.97000000000003</ele>
        <time>2025-07-31T18:44:58Z</time>
      </trkpt>
      <trkpt lat="48.751333169639111" lon="-121.03110725060105">
        <ele>487.05000000000001</ele>
        <time>2025-07-31T18:45:10Z</time>
      </trkpt>
      <trkpt lat="48.751319339498878" lon="-121.031109765172">
        <ele>488.49000000000001</ele>
        <time>2025-07-31T18:45:12Z</time>
      </trkpt>
      <trkpt lat="48.75122906640172" lon="-121.03116743266582">
        <ele>487.52999999999997</ele>
        <time>2025-07-31T18:45:25Z</time>
      </trkpt>
      <trkpt lat="48.751098308712244" lon="-121.03120121173561">
        <ele>488.49000000000001</ele>
        <time>2025-07-31T18:45:42Z</time>
      </trkpt>
      <trkpt lat="48.751009125262499" lon="-121.03127748705447">
        <ele>488.49000000000001</ele>
        <time>2025-07-31T18:45:56Z</time>
      </trkpt>
      <trkpt lat="48.750925892964005" lon="-121.03135191835463">
        <ele>487.52999999999997</ele>
        <time>2025-07-31T18:46:12Z</time>
      </trkpt>
      <trkpt lat="48.750921618193388" lon="-121.03135937824845">
        <ele>487.52999999999997</ele>
        <time>2025-07-31T18:46:13Z</time>
      </trkpt>
      <trkpt lat="48.750876523554325" lon="-121.03137304075062">
        <ele>487.52999999999997</ele>
        <time>2025-07-31T18:46:19Z</time>
      </trkpt>
      <trkpt lat="48.750798655673862" lon="-121.03139910846949">
        <ele>488.49000000000001</ele>
        <time>2025-07-31T18:46:27Z</time>
      </trkpt>
      <trkpt lat="48.750755824148655" lon="-121.03143900632858">
        <ele>488.49000000000001</ele>
        <time>2025-07-31T18:46:33Z</time>
      </trkpt>
      <trkpt lat="48.750575361773372" lon="-121.03162634186447">
        <ele>488.00999999999999</ele>
        <time>2025-07-31T18:46:52Z</time>
      </trkpt>
      <trkpt lat="48.750473186373711" lon="-121.03175424970686">
        <ele>488.00999999999999</ele>
        <time>2025-07-31T18:47:06Z</time>
      </trkpt>
      <trkpt lat="48.750374112278223" lon="-121.03179071098566">
        <ele>488.00999999999999</ele>
        <time>2025-07-31T18:47:14Z</time>
      </trkpt>
      <trkpt lat="48.750343518331647" lon="-121.03180797770619">
        <ele>488.00999999999999</ele>
        <time>2025-07-31T18:47:17Z</time>
      </trkpt>
      <trkpt lat="48.750320468097925" lon="-121.03183454833925">
        <ele>488.00999999999999</ele>
        <time>2025-07-31T18:47:20Z</time>
      </trkpt>
      <trkpt lat="48.750259280204773" lon="-121.03199665434659">
        <ele>488.00999999999999</ele>
        <time>2025-07-31T18:47:33Z</time>
      </trkpt>
      <trkpt lat="48.750182753428817" lon="-121.03215532377362">
        <ele>488.00999999999999</ele>
        <time>2025-07-31T18:47:46Z</time>
      </trkpt>
      <trkpt lat="48.750085523352027" lon="-121.03238339535892">
        <ele>488.00999999999999</ele>
        <time>2025-07-31T18:48:02Z</time>
      </trkpt>
      <trkpt lat="48.749967841431499" lon="-121.03259067982435">
        <ele>488.00999999999999</ele>
        <time>2025-07-31T18:48:18Z</time>
      </trkpt>
      <trkpt lat="48.749859128147364" lon="-121.03270484134555">
        <ele>488.00999999999999</ele>
        <time>2025-07-31T18:48:33Z</time>
      </trkpt>
      <trkpt lat="48.749782685190439" lon="-121.03289226070046">
        <ele>488.00999999999999</ele>
        <time>2025-07-31T18:48:47Z</time>
      </trkpt>
      <trkpt lat="48.749647652730346" lon="-121.03299485519528">
        <ele>488.00999999999999</ele>
        <time>2025-07-31T18:49:04Z</time>
      </trkpt>
      <trkpt lat="48.749551260843873" lon="-121.03311639279127">
        <ele>488.00999999999999</ele>
        <time>2025-07-31T18:49:17Z</time>
      </trkpt>
      <trkpt lat="48.749477164819837" lon="-121.03321152739227">
        <ele>488.00999999999999</ele>
        <time>2025-07-31T18:49:26Z</time>
      </trkpt>
      <trkpt lat="48.749408097937703" lon="-121.03335293009877">
        <ele>487.05000000000001</ele>
        <time>2025-07-31T18:49:37Z</time>
      </trkpt>
      <trkpt lat="48.749251775443554" lon="-121.03336734697223">
        <ele>487.05000000000001</ele>
        <time>2025-07-31T18:49:53Z</time>
      </trkpt>
      <trkpt lat="48.74921883456409" lon="-121.03339651599526">
        <ele>487.05000000000001</ele>
        <time>2025-07-31T18:49:58Z</time>
      </trkpt>
      <trkpt lat="48.749190168455243" lon="-121.03343456983566">
        <ele>487.05000000000001</ele>
        <time>2025-07-31T18:50:02Z</time>
      </trkpt>
      <trkpt lat="48.749055303633213" lon="-121.03350405581295">
        <ele>487.05000000000001</ele>
        <time>2025-07-31T18:50:16Z</time>
      </trkpt>
      <trkpt lat="48.748984895646572" lon="-121.03355468250811">
        <ele>488.49000000000001</ele>
        <time>2025-07-31T18:50:23Z</time>
      </trkpt>
      <trkpt lat="48.748914068564773" lon="-121.03368611074984">
        <ele>488.49000000000001</ele>
        <time>2025-07-31T18:50:34Z</time>
      </trkpt>
      <trkpt lat="48.748866207897663" lon="-121.03369801305234">
        <ele>487.05000000000001</ele>
        <time>2025-07-31T18:50:39Z</time>
      </trkpt>
      <trkpt lat="48.74877710826695" lon="-121.03361511602998">
        <ele>487.05000000000001</ele>
        <time>2025-07-31T18:50:53Z</time>
      </trkpt>
      <trkpt lat="48.748698821291327" lon="-121.03367244824767">
        <ele>487.05000000000001</ele>
        <time>2025-07-31T18:51:06Z</time>
      </trkpt>
      <trkpt lat="48.748664371669292" lon="-121.03374578990042">
        <ele>487.05000000000001</ele>
        <time>2025-07-31T18:51:11Z</time>
      </trkpt>
      <trkpt lat="48.748631095513701" lon="-121.03382483124733">
        <ele>487.05000000000001</ele>
        <time>2025-07-31T18:51:18Z</time>
      </trkpt>
      <trkpt lat="48.748601423576474" lon="-121.03388031944633">
        <ele>487.05000000000001</ele>
        <time>2025-07-31T18:51:22Z</time>
      </trkpt>
      <trkpt lat="48.748540570959449" lon="-121.03397361002862">
        <ele>488.00999999999999</ele>
        <time>2025-07-31T18:51:29Z</time>
      </trkpt>
      <trkpt lat="48.74845901504159" lon="-121.03413957171142">
        <ele>488.00999999999999</ele>
        <time>2025-07-31T18:51:40Z</time>
      </trkpt>
      <trkpt lat="48.748370418325067" lon="-121.03430804796517">
        <ele>488.00999999999999</ele>
        <time>2025-07-31T18:51:52Z</time>
      </trkpt>
      <trkpt lat="48.748363293707371" lon="-121.03431517258286">
        <ele>488.00999999999999</ele>
        <time>2025-07-31T18:51:53Z</time>
      </trkpt>
      <trkpt lat="48.748351642861962" lon="-121.034334031865">
        <ele>488.00999999999999</ele>
        <time>2025-07-31T18:51:55Z</time>
      </trkpt>
      <trkpt lat="48.748247371986508" lon="-121.03449689224362">
        <ele>488.00999999999999</ele>
        <time>2025-07-31T18:52:09Z</time>
      </trkpt>
      <trkpt lat="48.74815265648067" lon="-121.03463251143694">
        <ele>488.00999999999999</ele>
        <time>2025-07-31T18:52:24Z</time>
      </trkpt>
      <trkpt lat="48.748079566285014" lon="-121.03474717587233">
        <ele>488.00999999999999</ele>
        <time>2025-07-31T18:52:38Z</time>
      </trkpt>
      <trkpt lat="48.748008571565151" lon="-121.03484113700688">
        <ele>488.00999999999999</ele>
        <time>2025-07-31T18:52:54Z</time>
      </trkpt>
      <trkpt lat="48.747888123616576" lon="-121.03490274399519">
        <ele>487.05000000000001</ele>
        <time>2025-07-31T18:53:09Z</time>
      </trkpt>
      <trkpt lat="48.747860128059983" lon="-121.03492068126798">
        <ele>487.05000000000001</ele>
        <time>2025-07-31T18:53:12Z</time>
      </trkpt>
      <trkpt lat="48.747830372303724" lon="-121.0349558852613">
        <ele>487.05000000000001</ele>
        <time>2025-07-31T18:53:17Z</time>
      </trkpt>
      <trkpt lat="48.747708750888705" lon="-121.03508018888533">
        <ele>486.56</ele>
        <time>2025-07-31T18:53:35Z</time>
      </trkpt>
      <trkpt lat="48.747697435319424" lon="-121.03508664295077">
        <ele>486.56</ele>
        <time>2025-07-31T18:53:36Z</time>
      </trkpt>
      <trkpt lat="48.747671199962497" lon="-121.0351007245481">
        <ele>486.56</ele>
        <time>2025-07-31T18:53:39Z</time>
      </trkpt>
      <trkpt lat="48.747625602409244" lon="-121.03517096489668">
        <ele>488.00999999999999</ele>
        <time>2025-07-31T18:53:47Z</time>
      </trkpt>
      <trkpt lat="48.747612861916423" lon="-121.03521220386028">
        <ele>488.00999999999999</ele>
        <time>2025-07-31T18:53:52Z</time>
      </trkpt>
      <trkpt lat="48.74755603261292" lon="-121.03538981638849">
        <ele>488.00999999999999</ele>
        <time>2025-07-31T18:54:08Z</time>
      </trkpt>
      <trkpt lat="48.747502388432622" lon="-121.03550188243389">
        <ele>488.00999999999999</ele>
        <time>2025-07-31T18:54:19Z</time>
      </trkpt>
      <trkpt lat="48.747401218861341" lon="-121.03563339449465">
        <ele>487.52999999999997</ele>
        <time>2025-07-31T18:54:34Z</time>
      </trkpt>
      <trkpt lat="48.747314214706421" lon="-121.03579080663621">
        <ele>488.00999999999999</ele>
        <time>2025-07-31T18:54:50Z</time>
      </trkpt>
      <trkpt lat="48.747213967144489" lon="-121.03596339002252">
        <ele>486.56</ele>
        <time>2025-07-31T18:55:08Z</time>
      </trkpt>
      <trkpt lat="48.747119167819619" lon="-121.03614670224488">
        <ele>487.52999999999997</ele>
        <time>2025-07-31T18:55:24Z</time>
      </trkpt>
      <trkpt lat="48.747042138129473" lon="-121.03620738722384">
        <ele>486.07999999999998</ele>
        <time>2025-07-31T18:55:32Z</time>
      </trkpt>
      <trkpt lat="48.746930155903101" lon="-121.03631392121315">
        <ele>486.07999999999998</ele>
        <time>2025-07-31T18:55:45Z</time>
      </trkpt>
      <trkpt lat="48.746922612190247" lon="-121.03636345826089">
        <ele>487.52999999999997</ele>
        <time>2025-07-31T18:55:48Z</time>
      </trkpt>
      <trkpt lat="48.746915487572551" lon="-121.0363925434649">
        <ele>487.52999999999997</ele>
        <time>2025-07-31T18:55:50Z</time>
      </trkpt>
      <trkpt lat="48.746894113719463" lon="-121.03658876381814">
        <ele>487.52999999999997</ele>
        <time>2025-07-31T18:56:03Z</time>
      </trkpt>
      <trkpt lat="48.746835272759199" lon="-121.03672706522048">
        <ele>487.05000000000001</ele>
        <time>2025-07-31T18:56:13Z</time>
      </trkpt>
      <trkpt lat="48.746827645227313" lon="-121.03673335164785">
        <ele>487.05000000000001</ele>
        <time>2025-07-31T18:56:14Z</time>
      </trkpt>
      <trkpt lat="48.746733935549855" lon="-121.0368880815804">
        <ele>487.05000000000001</ele>
        <time>2025-07-31T18:56:25Z</time>
      </trkpt>
      <trkpt lat="48.746715160086751" lon="-121.036939881742">
        <ele>487.05000000000001</ele>
        <time>2025-07-31T18:56:28Z</time>
      </trkpt>
      <trkpt lat="48.746713986620307" lon="-121.0371835436672">
        <ele>487.05000000000001</ele>
        <time>2025-07-31T18:56:41Z</time>
      </trkpt>
      <trkpt lat="48.746709879487753" lon="-121.03719796054065">
        <ele>487.52999999999997</ele>
        <time>2025-07-31T18:56:42Z</time>
      </trkpt>
      <trkpt lat="48.746717758476734" lon="-121.03727398440242">
        <ele>487.05000000000001</ele>
        <time>2025-07-31T18:56:48Z</time>
      </trkpt>
      <trkpt lat="48.74670485034585" lon="-121.03737607598305">
        <ele>486.07999999999998</ele>
        <time>2025-07-31T18:56:58Z</time>
      </trkpt>
      <trkpt lat="48.746695294976234" lon="-121.0373960249126">
        <ele>486.07999999999998</ele>
        <time>2025-07-31T18:56:59Z</time>
      </trkpt>
      <trkpt lat="48.746609380468726" lon="-121.03742041625082">
        <ele>486.07999999999998</ele>
        <time>2025-07-31T18:57:14Z</time>
      </trkpt>
      <trkpt lat="48.746606865897775" lon="-121.03743030689657">
        <ele>486.07999999999998</ele>
        <time>2025-07-31T18:57:27Z</time>
      </trkpt>
      <trkpt lat="48.746619019657373" lon="-121.03750901296735">
        <ele>486.07999999999998</ele>
        <time>2025-07-31T18:57:41Z</time>
      </trkpt>
      <trkpt lat="48.746586916968226" lon="-121.03769366629422">
        <ele>486.07999999999998</ele>
        <time>2025-07-31T18:57:55Z</time>
      </trkpt>
      <trkpt lat="48.74658364802599" lon="-121.03781604208052">
        <ele>485.60000000000002</ele>
        <time>2025-07-31T18:58:10Z</time>
      </trkpt>
      <trkpt lat="48.746573170647025" lon="-121.03778142482042">
        <ele>485.60000000000002</ele>
        <time>2025-07-31T18:58:30Z</time>
      </trkpt>
      <trkpt lat="48.74656361527741" lon="-121.03776055388153">
        <ele>484.16000000000003</ele>
        <time>2025-07-31T18:58:50Z</time>
      </trkpt>
      <trkpt lat="48.746563280001283" lon="-121.03775745257735">
        <ele>487.52999999999997</ele>
        <time>2025-07-31T18:58:51Z</time>
      </trkpt>
      <trkpt lat="48.74655925668776" lon="-121.03776047006249">
        <ele>485.60000000000002</ele>
        <time>2025-07-31T18:58:52Z</time>
      </trkpt>
      <trkpt lat="48.746553305536509" lon="-121.03776407428086">
        <ele>485.60000000000002</ele>
        <time>2025-07-31T18:59:16Z</time>
      </trkpt>
      <trkpt lat="48.746553724631667" lon="-121.0377602186054">
        <ele>485.60000000000002</ele>
        <time>2025-07-31T18:59:37Z</time>
      </trkpt>
      <trkpt lat="48.746522963047028" lon="-121.03774429298937">
        <ele>485.60000000000002</ele>
        <time>2025-07-31T18:59:56Z</time>
      </trkpt>
      <trkpt lat="48.746522963047028" lon="-121.03773809038103">
        <ele>485.60000000000002</ele>
        <time>2025-07-31T19:00:18Z</time>
      </trkpt>
      <trkpt lat="48.746523382142186" lon="-121.03774689137936">
        <ele>485.60000000000002</ele>
        <time>2025-07-31T19:00:42Z</time>
      </trkpt>
      <trkpt lat="48.746527153998613" lon="-121.03772132657468">
        <ele>485.60000000000002</ele>
        <time>2025-07-31T19:01:02Z</time>
      </trkpt>
      <trkpt lat="48.746527153998613" lon="-121.03772224858403">
        <ele>487.05000000000001</ele>
        <time>2025-07-31T19:01:30Z</time>
      </trkpt>
      <trkpt lat="48.746518269181252" lon="-121.03772979229689">
        <ele>487.05000000000001</ele>
        <time>2025-07-31T19:01:55Z</time>
      </trkpt>
      <trkpt lat="48.746532266959548" lon="-121.03772358968854">
        <ele>485.12</ele>
        <time>2025-07-31T19:02:10Z</time>
      </trkpt>
      <trkpt lat="48.746534194797277" lon="-121.03772476315498">
        <ele>488.00999999999999</ele>
        <time>2025-07-31T19:02:11Z</time>
      </trkpt>
      <trkpt lat="48.746524471789598" lon="-121.03769198991358">
        <ele>486.56</ele>
        <time>2025-07-31T19:02:30Z</time>
      </trkpt>
      <trkpt lat="48.746514078229666" lon="-121.03768285363913">
        <ele>488.00999999999999</ele>
        <time>2025-07-31T19:02:52Z</time>
      </trkpt>
      <trkpt lat="48.746501673012972" lon="-121.03766047395766">
        <ele>488.00999999999999</ele>
        <time>2025-07-31T19:03:21Z</time>
      </trkpt>
      <trkpt lat="48.746496643871069" lon="-121.03765930049121">
        <ele>486.56</ele>
        <time>2025-07-31T19:03:42Z</time>
      </trkpt>
      <trkpt lat="48.746509216725826" lon="-121.03766282089055">
        <ele>488.49000000000001</ele>
        <time>2025-07-31T19:03:48Z</time>
      </trkpt>
      <trkpt lat="48.746506534516811" lon="-121.03769358247519">
        <ele>488.49000000000001</ele>
        <time>2025-07-31T19:04:09Z</time>
      </trkpt>
      <trkpt lat="48.74648449011147" lon="-121.03765678592026">
        <ele>488.49000000000001</ele>
        <time>2025-07-31T19:04:29Z</time>
      </trkpt>
      <trkpt lat="48.746514581143856" lon="-121.03770062327385">
        <ele>488.97000000000003</ele>
        <time>2025-07-31T19:04:50Z</time>
      </trkpt>
      <trkpt lat="48.746514329686761" lon="-121.03767447173595">
        <ele>488.97000000000003</ele>
        <time>2025-07-31T19:05:08Z</time>
      </trkpt>
      <trkpt lat="48.746482226997614" lon="-121.03765242733061">
        <ele>488.97000000000003</ele>
        <time>2025-07-31T19:05:25Z</time>
      </trkpt>
      <trkpt lat="48.746414417400956" lon="-121.03769794106483">
        <ele>488.97000000000003</ele>
        <time>2025-07-31T19:05:37Z</time>
      </trkpt>
      <trkpt lat="48.746284497901797" lon="-121.0378947481513">
        <ele>489.93000000000001</ele>
        <time>2025-07-31T19:05:54Z</time>
      </trkpt>
      <trkpt lat="48.746264968067408" lon="-121.03789810091257">
        <ele>488.49000000000001</ele>
        <time>2025-07-31T19:05:56Z</time>
      </trkpt>
      <trkpt lat="48.746216436848044" lon="-121.03793431073427">
        <ele>489.44999999999999</ele>
        <time>2025-07-31T19:06:01Z</time>
      </trkpt>
      <trkpt lat="48.746124990284443" lon="-121.0380829218775">
        <ele>489.93000000000001</ele>
        <time>2025-07-31T19:06:13Z</time>
      </trkpt>
      <trkpt lat="48.745960537344217" lon="-121.03820320218801">
        <ele>488.49000000000001</ele>
        <time>2025-07-31T19:06:27Z</time>
      </trkpt>
      <trkpt lat="48.745903875678778" lon="-121.03844602592289">
        <ele>488.49000000000001</ele>
        <time>2025-07-31T19:06:41Z</time>
      </trkpt>
      <trkpt lat="48.74587906524539" lon="-121.03846748359501">
        <ele>488.49000000000001</ele>
        <time>2025-07-31T19:06:44Z</time>
      </trkpt>
      <trkpt lat="48.745824582874775" lon="-121.03849698789418">
        <ele>488.49000000000001</ele>
        <time>2025-07-31T19:06:49Z</time>
      </trkpt>
      <trkpt lat="48.745791893452406" lon="-121.03850930929184">
        <ele>489.93000000000001</ele>
        <time>2025-07-31T19:06:52Z</time>
      </trkpt>
      <trkpt lat="48.745666835457087" lon="-121.03854426182806">
        <ele>488.49000000000001</ele>
        <time>2025-07-31T19:07:03Z</time>
      </trkpt>
      <trkpt lat="48.74564160592854" lon="-121.03855264373124">
        <ele>489.93000000000001</ele>
        <time>2025-07-31T19:07:05Z</time>
      </trkpt>
      <trkpt lat="48.745457706972957" lon="-121.03873075917363">
        <ele>489.93000000000001</ele>
        <time>2025-07-31T19:07:21Z</time>
      </trkpt>
      <trkpt lat="48.745317226275802" lon="-121.0388720780611">
        <ele>489.93000000000001</ele>
        <time>2025-07-31T19:07:35Z</time>
      </trkpt>
      <trkpt lat="48.745201723650098" lon="-121.03903443552554">
        <ele>489.93000000000001</ele>
        <time>2025-07-31T19:07:49Z</time>
      </trkpt>
      <trkpt lat="48.745056046172976" lon="-121.03918061591685">
        <ele>489.93000000000001</ele>
        <time>2025-07-31T19:08:04Z</time>
      </trkpt>
      <trkpt lat="48.74499661847949" lon="-121.03929452598095">
        <ele>490.41000000000003</ele>
        <time>2025-07-31T19:08:13Z</time>
      </trkpt>
      <trkpt lat="48.744937190786004" lon="-121.03932679630816">
        <ele>488.97000000000003</ele>
        <time>2025-07-31T19:08:18Z</time>
      </trkpt>
      <trkpt lat="48.744741221889853" lon="-121.03939871303737">
        <ele>489.93000000000001</ele>
        <time>2025-07-31T19:08:33Z</time>
      </trkpt>
      <trkpt lat="48.744630832225084" lon="-121.03959015570581">
        <ele>489.93000000000001</ele>
        <time>2025-07-31T19:08:46Z</time>
      </trkpt>
      <trkpt lat="48.744503511115909" lon="-121.03977656923234">
        <ele>489.93000000000001</ele>
        <time>2025-07-31T19:09:01Z</time>
      </trkpt>
      <trkpt lat="48.744378453120589" lon="-121.03998829610646">
        <ele>489.93000000000001</ele>
        <time>2025-07-31T19:09:17Z</time>
      </trkpt>
      <trkpt lat="48.744248198345304" lon="-121.0401517432183">
        <ele>489.93000000000001</ele>
        <time>2025-07-31T19:09:32Z</time>
      </trkpt>
      <trkpt lat="48.74424266628921" lon="-121.04016297496855">
        <ele>489.93000000000001</ele>
        <time>2025-07-31T19:09:33Z</time>
      </trkpt>
      <trkpt lat="48.744138898327947" lon="-121.04030680842698">
        <ele>488.97000000000003</ele>
        <time>2025-07-31T19:09:45Z</time>
      </trkpt>
      <trkpt lat="48.744003446772695" lon="-121.04042096994817">
        <ele>488.97000000000003</ele>
        <time>2025-07-31T19:09:59Z</time>
      </trkpt>
      <trkpt lat="48.743929099291563" lon="-121.04061031714082">
        <ele>488.49000000000001</ele>
        <time>2025-07-31T19:10:11Z</time>
      </trkpt>
      <trkpt lat="48.743822397664189" lon="-121.04069899767637">
        <ele>489.93000000000001</ele>
        <time>2025-07-31T19:10:22Z</time>
      </trkpt>
      <trkpt lat="48.743689125403762" lon="-121.04087267071009">
        <ele>489.93000000000001</ele>
        <time>2025-07-31T19:10:37Z</time>
      </trkpt>
      <trkpt lat="48.743571192026138" lon="-121.04101323522627">
        <ele>490.41000000000003</ele>
        <time>2025-07-31T19:10:51Z</time>
      </trkpt>
      <trkpt lat="48.743542861193419" lon="-121.04106159880757">
        <ele>488.97000000000003</ele>
        <time>2025-07-31T19:10:55Z</time>
      </trkpt>
      <trkpt lat="48.743444457650185" lon="-121.0411515366286">
        <ele>489.44999999999999</ele>
        <time>2025-07-31T19:11:05Z</time>
      </trkpt>
      <trkpt lat="48.743370864540339" lon="-121.04139737784863">
        <ele>489.93000000000001</ele>
        <time>2025-07-31T19:11:22Z</time>
      </trkpt>
      <trkpt lat="48.743289476260543" lon="-121.04147750884295">
        <ele>489.93000000000001</ele>
        <time>2025-07-31T19:11:32Z</time>
      </trkpt>
      <trkpt lat="48.74324144795537" lon="-121.0415474139154">
        <ele>489.93000000000001</ele>
        <time>2025-07-31T19:11:38Z</time>
      </trkpt>
      <trkpt lat="48.743211356922984" lon="-121.04166953824461">
        <ele>489.93000000000001</ele>
        <time>2025-07-31T19:11:45Z</time>
      </trkpt>
      <trkpt lat="48.743107002228498" lon="-121.04184178635478">
        <ele>489.93000000000001</ele>
        <time>2025-07-31T19:11:59Z</time>
      </trkpt>
      <trkpt lat="48.743083700537682" lon="-121.04194086045027">
        <ele>489.93000000000001</ele>
        <time>2025-07-31T19:12:05Z</time>
      </trkpt>
      <trkpt lat="48.742980938404799" lon="-121.04214085265994">
        <ele>489.93000000000001</ele>
        <time>2025-07-31T19:12:20Z</time>
      </trkpt>
      <trkpt lat="48.74292578548193" lon="-121.04229524731636">
        <ele>488.49000000000001</ele>
        <time>2025-07-31T19:12:32Z</time>
      </trkpt>
      <trkpt lat="48.742890497669578" lon="-121.04236070998013">
        <ele>488.49000000000001</ele>
        <time>2025-07-31T19:12:38Z</time>
      </trkpt>
      <trkpt lat="48.742836266756058" lon="-121.04247193783522">
        <ele>489.93000000000001</ele>
        <time>2025-07-31T19:12:47Z</time>
      </trkpt>
      <trkpt lat="48.742767535150051" lon="-121.04268534108996">
        <ele>488.49000000000001</ele>
        <time>2025-07-31T19:13:02Z</time>
      </trkpt>
      <trkpt lat="48.742755800485611" lon="-121.04273462668061">
        <ele>488.97000000000003</ele>
        <time>2025-07-31T19:13:05Z</time>
      </trkpt>
      <trkpt lat="48.742655636742711" lon="-121.04294518008828">
        <ele>489.93000000000001</ele>
        <time>2025-07-31T19:13:20Z</time>
      </trkpt>
      <trkpt lat="48.742597550153732" lon="-121.04318046011031">
        <ele>489.93000000000001</ele>
        <time>2025-07-31T19:13:35Z</time>
      </trkpt>
      <trkpt lat="48.742550192400813" lon="-121.04329554364085">
        <ele>489.93000000000001</ele>
        <time>2025-07-31T19:13:43Z</time>
      </trkpt>
      <trkpt lat="48.742440557107329" lon="-121.04347064159811">
        <ele>488.49000000000001</ele>
        <time>2025-07-31T19:13:57Z</time>
      </trkpt>
      <trkpt lat="48.742385152727365" lon="-121.04361003264785">
        <ele>489.93000000000001</ele>
        <time>2025-07-31T19:14:09Z</time>
      </trkpt>
      <trkpt lat="48.742339136078954" lon="-121.04378219693899">
        <ele>489.44999999999999</ele>
        <time>2025-07-31T19:14:24Z</time>
      </trkpt>
      <trkpt lat="48.742294711992145" lon="-121.04398855939507">
        <ele>489.93000000000001</ele>
        <time>2025-07-31T19:14:39Z</time>
      </trkpt>
      <trkpt lat="48.742290856316686" lon="-121.0440184827894">
        <ele>489.93000000000001</ele>
        <time>2025-07-31T19:14:41Z</time>
      </trkpt>
      <trkpt lat="48.742234781384468" lon="-121.04426952078938">
        <ele>489.93000000000001</ele>
        <time>2025-07-31T19:14:59Z</time>
      </trkpt>
      <trkpt lat="48.742178035899997" lon="-121.04445794597268">
        <ele>489.93000000000001</ele>
        <time>2025-07-31T19:15:13Z</time>
      </trkpt>
      <trkpt lat="48.742150794714689" lon="-121.04459440335631">
        <ele>489.93000000000001</ele>
        <time>2025-07-31T19:15:23Z</time>
      </trkpt>
      <trkpt lat="48.742075609043241" lon="-121.04472893290222">
        <ele>489.93000000000001</ele>
        <time>2025-07-31T19:15:34Z</time>
      </trkpt>
      <trkpt lat="48.742013666778803" lon="-121.04483244940639">
        <ele>489.93000000000001</ele>
        <time>2025-07-31T19:15:44Z</time>
      </trkpt>
      <trkpt lat="48.741926411166787" lon="-121.04505926370621">
        <ele>489.93000000000001</ele>
        <time>2025-07-31T19:16:00Z</time>
      </trkpt>
      <trkpt lat="48.741903612390161" lon="-121.04508583433926">
        <ele>489.44999999999999</ele>
        <time>2025-07-31T19:16:03Z</time>
      </trkpt>
      <trkpt lat="48.74185374006629" lon="-121.04526361450553">
        <ele>490.41000000000003</ele>
        <time>2025-07-31T19:16:14Z</time>
      </trkpt>
      <trkpt lat="48.741833372041583" lon="-121.04532673023641">
        <ele>490.41000000000003</ele>
        <time>2025-07-31T19:16:18Z</time>
      </trkpt>
      <trkpt lat="48.74172130599618" lon="-121.0455605853349">
        <ele>490.41000000000003</ele>
        <time>2025-07-31T19:16:34Z</time>
      </trkpt>
      <trkpt lat="48.741620974615216" lon="-121.04580206796527">
        <ele>488.97000000000003</ele>
        <time>2025-07-31T19:16:48Z</time>
      </trkpt>
      <trkpt lat="48.741473453119397" lon="-121.04603081010282">
        <ele>488.49000000000001</ele>
        <time>2025-07-31T19:17:04Z</time>
      </trkpt>
      <trkpt lat="48.741437327116728" lon="-121.04621831327677">
        <ele>490.41000000000003</ele>
        <time>2025-07-31T19:17:15Z</time>
      </trkpt>
      <trkpt lat="48.741411343216896" lon="-121.04633934795856">
        <ele>488.97000000000003</ele>
        <time>2025-07-31T19:17:22Z</time>
      </trkpt>
      <trkpt lat="48.741246806457639" lon="-121.04645325802267">
        <ele>486.56</ele>
        <time>2025-07-31T19:17:38Z</time>
      </trkpt>
      <trkpt lat="48.741221660748124" lon="-121.04646013118327">
        <ele>488.00999999999999</ele>
        <time>2025-07-31T19:17:41Z</time>
      </trkpt>
      <trkpt lat="48.74116089195013" lon="-121.04650530964136">
        <ele>486.56</ele>
        <time>2025-07-31T19:17:50Z</time>
      </trkpt>
      <trkpt lat="48.741140607744455" lon="-121.04654327966273">
        <ele>488.49000000000001</ele>
        <time>2025-07-31T19:17:54Z</time>
      </trkpt>
      <trkpt lat="48.741132142022252" lon="-121.04659885168076">
        <ele>488.49000000000001</ele>
        <time>2025-07-31T19:17:59Z</time>
      </trkpt>
      <trkpt lat="48.741070618852973" lon="-121.04676841758192">
        <ele>488.49000000000001</ele>
        <time>2025-07-31T19:18:10Z</time>
      </trkpt>
      <trkpt lat="48.741037761792541" lon="-121.04706471785903">
        <ele>488.49000000000001</ele>
        <time>2025-07-31T19:18:26Z</time>
      </trkpt>
      <trkpt lat="48.740922845900059" lon="-121.04727795347571">
        <ele>488.00999999999999</ele>
        <time>2025-07-31T19:18:39Z</time>
      </trkpt>
      <trkpt lat="48.740826621651649" lon="-121.0475498624146">
        <ele>488.00999999999999</ele>
        <time>2025-07-31T19:18:53Z</time>
      </trkpt>
      <trkpt lat="48.740722350776196" lon="-121.04786032810807">
        <ele>489.93000000000001</ele>
        <time>2025-07-31T19:19:09Z</time>
      </trkpt>
      <trkpt lat="48.740637274459004" lon="-121.04811337776482">
        <ele>489.44999999999999</ele>
        <time>2025-07-31T19:19:24Z</time>
      </trkpt>
      <trkpt lat="48.740535518154502" lon="-121.04836240410805">
        <ele>489.93000000000001</ele>
        <time>2025-07-31T19:19:41Z</time>
      </trkpt>
      <trkpt lat="48.740438036620617" lon="-121.04863716289401">
        <ele>488.97000000000003</ele>
        <time>2025-07-31T19:19:58Z</time>
      </trkpt>
      <trkpt lat="48.740364192053676" lon="-121.0488467104733">
        <ele>487.52999999999997</ele>
        <time>2025-07-31T19:20:12Z</time>
      </trkpt>
      <trkpt lat="48.740282552316785" lon="-121.04893228970468">
        <ele>488.97000000000003</ele>
        <time>2025-07-31T19:20:20Z</time>
      </trkpt>
      <trkpt lat="48.740184735506773" lon="-121.0492005944252">
        <ele>488.49000000000001</ele>
        <time>2025-07-31T19:20:37Z</time>
      </trkpt>
      <trkpt lat="48.740001171827316" lon="-121.04938834905624">
        <ele>488.97000000000003</ele>
        <time>2025-07-31T19:20:54Z</time>
      </trkpt>
      <trkpt lat="48.739894554018974" lon="-121.04959110729396">
        <ele>488.49000000000001</ele>
        <time>2025-07-31T19:21:10Z</time>
      </trkpt>
      <trkpt lat="48.739708727225661" lon="-121.04979755356908">
        <ele>488.49000000000001</ele>
        <time>2025-07-31T19:21:28Z</time>
      </trkpt>
      <trkpt lat="48.739561541005969" lon="-121.05010751634836">
        <ele>488.00999999999999</ele>
        <time>2025-07-31T19:21:48Z</time>
      </trkpt>
      <trkpt lat="48.739425418898463" lon="-121.05045846663415">
        <ele>488.00999999999999</ele>
        <time>2025-07-31T19:22:07Z</time>
      </trkpt>
      <trkpt lat="48.739307820796967" lon="-121.05071771889925">
        <ele>488.00999999999999</ele>
        <time>2025-07-31T19:22:23Z</time>
      </trkpt>
      <trkpt lat="48.739175722002983" lon="-121.05090874247253">
        <ele>488.00999999999999</ele>
        <time>2025-07-31T19:22:38Z</time>
      </trkpt>
      <trkpt lat="48.739050831645727" lon="-121.05115693062544">
        <ele>488.97000000000003</ele>
        <time>2025-07-31T19:22:57Z</time>
      </trkpt>
      <trkpt lat="48.738931808620691" lon="-121.05138047598302">
        <ele>489.44999999999999</ele>
        <time>2025-07-31T19:23:13Z</time>
      </trkpt>
      <trkpt lat="48.738807253539562" lon="-121.05162564665079">
        <ele>489.93000000000001</ele>
        <time>2025-07-31T19:23:31Z</time>
      </trkpt>
      <trkpt lat="48.738796189427376" lon="-121.05167501606047">
        <ele>488.97000000000003</ele>
        <time>2025-07-31T19:23:34Z</time>
      </trkpt>
      <trkpt lat="48.738674903288484" lon="-121.05187257751822">
        <ele>488.00999999999999</ele>
        <time>2025-07-31T19:23:50Z</time>
      </trkpt>
      <trkpt lat="48.738586558029056" lon="-121.05210609734058">
        <ele>488.00999999999999</ele>
        <time>2025-07-31T19:24:07Z</time>
      </trkpt>
      <trkpt lat="48.738545989617705" lon="-121.05226149782538">
        <ele>489.44999999999999</ele>
        <time>2025-07-31T19:24:18Z</time>
      </trkpt>
      <trkpt lat="48.738539032638073" lon="-121.05231245979667">
        <ele>489.44999999999999</ele>
        <time>2025-07-31T19:24:22Z</time>
      </trkpt>
      <trkpt lat="48.738559233024716" lon="-121.05247532017529">
        <ele>489.93000000000001</ele>
        <time>2025-07-31T19:24:38Z</time>
      </trkpt>
      <trkpt lat="48.738575410097837" lon="-121.05249191634357">
        <ele>489.93000000000001</ele>
        <time>2025-07-31T19:24:57Z</time>
      </trkpt>
      <trkpt lat="48.738564848899841" lon="-121.05249979533255">
        <ele>489.93000000000001</ele>
        <time>2025-07-31T19:25:12Z</time>
      </trkpt>
    </trkseg>
  </trk>

  <trk>
    <name>Day 5a - Ross Lake Dam</name>
    <extensions>
      <gpxx:TrackExtension>
        <gpxx:DisplayColor>Blue</gpxx:DisplayColor>
      </gpxx:TrackExtension>
    </extensions>
    <trkseg>
      <trkpt lat="48.73856769874692" lon="-121.05250080116093">
        <ele>489.93000000000001</ele>
        <time>2025-07-31T19:25:25Z</time>
      </trkpt>
      <trkpt lat="48.738536685705185" lon="-121.05249174870551">
        <ele>488.00999999999999</ele>
        <time>2025-07-31T19:25:41Z</time>
      </trkpt>
      <trkpt lat="48.738609608262777" lon="-121.0523865558207">
        <ele>421.19</ele>
        <time>2025-08-01T16:56:35Z</time>
      </trkpt>
      <trkpt lat="48.738569710403681" lon="-121.05251496657729">
        <ele>420.70999999999998</ele>
        <time>2025-08-01T16:56:56Z</time>
      </trkpt>
      <trkpt lat="48.738540206104517" lon="-121.05249996297061">
        <ele>426</ele>
        <time>2025-08-01T16:57:06Z</time>
      </trkpt>
      <trkpt lat="48.738536350429058" lon="-121.05250675231218">
        <ele>426</ele>
        <time>2025-08-01T16:57:07Z</time>
      </trkpt>
      <trkpt lat="48.738532913848758" lon="-121.05251379311085">
        <ele>429.37</ele>
        <time>2025-08-01T16:57:09Z</time>
      </trkpt>
      <trkpt lat="48.738529812544584" lon="-121.05251421220601">
        <ele>432.73000000000002</ele>
        <time>2025-08-01T16:57:11Z</time>
      </trkpt>
      <trkpt lat="48.738529812544584" lon="-121.05251572094858">
        <ele>436.10000000000002</ele>
        <time>2025-08-01T16:57:13Z</time>
      </trkpt>
      <trkpt lat="48.738529058173299" lon="-121.05252091772854">
        <ele>440.42000000000002</ele>
        <time>2025-08-01T16:57:16Z</time>
      </trkpt>
      <trkpt lat="48.738533919677138" lon="-121.0525263659656">
        <ele>444.26999999999998</ele>
        <time>2025-08-01T16:57:19Z</time>
      </trkpt>
      <trkpt lat="48.738531656563282" lon="-121.05253868736327">
        <ele>447.63</ele>
        <time>2025-08-01T16:57:22Z</time>
      </trkpt>
      <trkpt lat="48.738527130335569" lon="-121.05257925577462">
        <ele>451</ele>
        <time>2025-08-01T16:57:25Z</time>
      </trkpt>
      <trkpt lat="48.738523190841079" lon="-121.05260096490383">
        <ele>454.36000000000001</ele>
        <time>2025-08-01T16:57:28Z</time>
      </trkpt>
      <trkpt lat="48.738511791452765" lon="-121.05260683223605">
        <ele>458.20999999999998</ele>
        <time>2025-08-01T16:57:32Z</time>
      </trkpt>
      <trkpt lat="48.738501397892833" lon="-121.05259828269482">
        <ele>461.56999999999999</ele>
        <time>2025-08-01T16:57:35Z</time>
      </trkpt>
      <trkpt lat="48.73849879950285" lon="-121.05259233154356">
        <ele>461.56999999999999</ele>
        <time>2025-08-01T16:57:36Z</time>
      </trkpt>
      <trkpt lat="48.738483041524887" lon="-121.05254849418998">
        <ele>464.93000000000001</ele>
        <time>2025-08-01T16:57:41Z</time>
      </trkpt>
      <trkpt lat="48.738439371809363" lon="-121.05250423774123">
        <ele>468.30000000000001</ele>
        <time>2025-08-01T16:57:48Z</time>
      </trkpt>
      <trkpt lat="48.738363599404693" lon="-121.05237448588014">
        <ele>471.66000000000003</ele>
        <time>2025-08-01T16:57:56Z</time>
      </trkpt>
      <trkpt lat="48.738312721252441" lon="-121.05230240151286">
        <ele>475.02999999999997</ele>
        <time>2025-08-01T16:58:05Z</time>
      </trkpt>
      <trkpt lat="48.738208618015051" lon="-121.05234120972455">
        <ele>477.91000000000003</ele>
        <time>2025-08-01T16:58:19Z</time>
      </trkpt>
      <trkpt lat="48.738154051825404" lon="-121.05249845422804">
        <ele>481.27999999999997</ele>
        <time>2025-08-01T16:58:36Z</time>
      </trkpt>
      <trkpt lat="48.73813041485846" lon="-121.05267732404172">
        <ele>482.72000000000003</ele>
        <time>2025-08-01T16:58:50Z</time>
      </trkpt>
      <trkpt lat="48.73808640986681" lon="-121.05294520966709">
        <ele>483.19999999999999</ele>
        <time>2025-08-01T16:59:08Z</time>
      </trkpt>
      <trkpt lat="48.737994963303208" lon="-121.05326129123569">
        <ele>483.68000000000001</ele>
        <time>2025-08-01T16:59:29Z</time>
      </trkpt>
      <trkpt lat="48.737885914742947" lon="-121.05359581299126">
        <ele>483.68000000000001</ele>
        <time>2025-08-01T16:59:50Z</time>
      </trkpt>
      <trkpt lat="48.737791366875172" lon="-121.05387015268207">
        <ele>483.68000000000001</ele>
        <time>2025-08-01T17:00:08Z</time>
      </trkpt>
      <trkpt lat="48.737690784037113" lon="-121.05422462336719">
        <ele>483.68000000000001</ele>
        <time>2025-08-01T17:00:28Z</time>
      </trkpt>
      <trkpt lat="48.737599924206734" lon="-121.05459393002093">
        <ele>483.68000000000001</ele>
        <time>2025-08-01T17:00:47Z</time>
      </trkpt>
      <trkpt lat="48.737490205094218" lon="-121.05502719059587">
        <ele>484.16000000000003</ele>
        <time>2025-08-01T17:01:11Z</time>
      </trkpt>
      <trkpt lat="48.737362045794725" lon="-121.05535609647632">
        <ele>484.16000000000003</ele>
        <time>2025-08-01T17:01:33Z</time>
      </trkpt>
      <trkpt lat="48.737352909520268" lon="-121.0553827509284">
        <ele>485.12</ele>
        <time>2025-08-01T17:01:35Z</time>
      </trkpt>
      <trkpt lat="48.737343521788716" lon="-121.05541451834142">
        <ele>483.68000000000001</ele>
        <time>2025-08-01T17:01:37Z</time>
      </trkpt>
      <trkpt lat="48.737236065790057" lon="-121.05571869760752">
        <ele>484.16000000000003</ele>
        <time>2025-08-01T17:01:58Z</time>
      </trkpt>
      <trkpt lat="48.737206729128957" lon="-121.05595716275275">
        <ele>484.16000000000003</ele>
        <time>2025-08-01T17:02:14Z</time>
      </trkpt>
      <trkpt lat="48.737157108262181" lon="-121.05615137144923">
        <ele>483.19999999999999</ele>
        <time>2025-08-01T17:02:29Z</time>
      </trkpt>
      <trkpt lat="48.737143278121948" lon="-121.05618531815708">
        <ele>484.63999999999999</ele>
        <time>2025-08-01T17:02:32Z</time>
      </trkpt>
      <trkpt lat="48.737044623121619" lon="-121.05642495676875">
        <ele>483.68000000000001</ele>
        <time>2025-08-01T17:02:53Z</time>
      </trkpt>
      <trkpt lat="48.736949656158686" lon="-121.05676459148526">
        <ele>483.68000000000001</ele>
        <time>2025-08-01T17:03:14Z</time>
      </trkpt>
      <trkpt lat="48.73688293620944" lon="-121.05707262642682">
        <ele>483.68000000000001</ele>
        <time>2025-08-01T17:03:32Z</time>
      </trkpt>
      <trkpt lat="48.736788053065538" lon="-121.05742877349257">
        <ele>483.68000000000001</ele>
        <time>2025-08-01T17:03:52Z</time>
      </trkpt>
      <trkpt lat="48.736688811331987" lon="-121.05780998244882">
        <ele>483.68000000000001</ele>
        <time>2025-08-01T17:04:13Z</time>
      </trkpt>
      <trkpt lat="48.736581606790423" lon="-121.0581146646291">
        <ele>483.68000000000001</ele>
        <time>2025-08-01T17:04:32Z</time>
      </trkpt>
      <trkpt lat="48.736492088064551" lon="-121.05846662074327">
        <ele>483.68000000000001</ele>
        <time>2025-08-01T17:04:51Z</time>
      </trkpt>
      <trkpt lat="48.736409861594439" lon="-121.05877758935094">
        <ele>483.68000000000001</ele>
        <time>2025-08-01T17:05:09Z</time>
      </trkpt>
      <trkpt lat="48.736307350918651" lon="-121.05918570421636">
        <ele>483.68000000000001</ele>
        <time>2025-08-01T17:05:31Z</time>
      </trkpt>
      <trkpt lat="48.736207438632846" lon="-121.05951083824039">
        <ele>483.68000000000001</ele>
        <time>2025-08-01T17:05:49Z</time>
      </trkpt>
      <trkpt lat="48.736089505255222" lon="-121.05979699641466">
        <ele>483.68000000000001</ele>
        <time>2025-08-01T17:06:06Z</time>
      </trkpt>
      <trkpt lat="48.735926477238536" lon="-121.06019413098693">
        <ele>483.68000000000001</ele>
        <time>2025-08-01T17:06:29Z</time>
      </trkpt>
      <trkpt lat="48.735828492790461" lon="-121.06057181954384">
        <ele>485.12</ele>
        <time>2025-08-01T17:06:50Z</time>
      </trkpt>
      <trkpt lat="48.735697567462921" lon="-121.06091187335551">
        <ele>485.12</ele>
        <time>2025-08-01T17:07:11Z</time>
      </trkpt>
      <trkpt lat="48.735596481710672" lon="-121.06120121665299">
        <ele>485.12</ele>
        <time>2025-08-01T17:07:36Z</time>
      </trkpt>
      <trkpt lat="48.735493971034884" lon="-121.06144638732076">
        <ele>485.12</ele>
        <time>2025-08-01T17:07:59Z</time>
      </trkpt>
      <trkpt lat="48.735464718192816" lon="-121.06146281585097">
        <ele>485.12</ele>
        <time>2025-08-01T17:08:16Z</time>
      </trkpt>
      <trkpt lat="48.735442422330379" lon="-121.06150405481458">
        <ele>486.07999999999998</ele>
        <time>2025-08-01T17:08:36Z</time>
      </trkpt>
      <trkpt lat="48.735440913587809" lon="-121.06150061823428">
        <ele>485.60000000000002</ele>
        <time>2025-08-01T17:08:47Z</time>
      </trkpt>
      <trkpt lat="48.735450385138392" lon="-121.06152760796249">
        <ele>485.60000000000002</ele>
        <time>2025-08-01T17:09:07Z</time>
      </trkpt>
    </trkseg>
  </trk>

  <trk>
    <name>Day 5b - Ross Dam Hike</name>
    <extensions>
      <gpxx:TrackExtension>
        <gpxx:DisplayColor>DarkCyan</gpxx:DisplayColor>
      </gpxx:TrackExtension>
    </extensions>
    <trkseg>
      <trkpt lat="48.735434291884303" lon="-121.06152559630573">
        <ele>485.60000000000002</ele>
        <time>2025-08-01T17:09:28Z</time>
      </trkpt>
      <trkpt lat="48.735440326854587" lon="-121.06149416416883">
        <ele>485.60000000000002</ele>
        <time>2025-08-01T17:09:40Z</time>
      </trkpt>
      <trkpt lat="48.735435716807842" lon="-121.06148578226566">
        <ele>488.00999999999999</ele>
        <time>2025-08-01T17:09:44Z</time>
      </trkpt>
      <trkpt lat="48.735435716807842" lon="-121.06148301623762">
        <ele>484.63999999999999</ele>
        <time>2025-08-01T17:09:46Z</time>
      </trkpt>
      <trkpt lat="48.735373774543405" lon="-121.06159751303494">
        <ele>488.00999999999999</ele>
        <time>2025-08-01T17:19:50Z</time>
      </trkpt>
      <trkpt lat="48.735335385426879" lon="-121.06151143088937">
        <ele>488.00999999999999</ele>
        <time>2025-08-01T17:20:08Z</time>
      </trkpt>
      <trkpt lat="48.735317531973124" lon="-121.06151930987835">
        <ele>486.56</ele>
        <time>2025-08-01T17:20:25Z</time>
      </trkpt>
      <trkpt lat="48.735317951068282" lon="-121.06151344254613">
        <ele>486.56</ele>
        <time>2025-08-01T17:20:45Z</time>
      </trkpt>
      <trkpt lat="48.735384838655591" lon="-121.06161754578352">
        <ele>486.56</ele>
        <time>2025-08-01T17:21:11Z</time>
      </trkpt>
      <trkpt lat="48.735378216952085" lon="-121.06166624464095">
        <ele>489.93000000000001</ele>
        <time>2025-08-01T17:21:32Z</time>
      </trkpt>
      <trkpt lat="48.735374361276627" lon="-121.06166750192642">
        <ele>490.41000000000003</ele>
        <time>2025-08-01T17:21:33Z</time>
      </trkpt>
      <trkpt lat="48.735371427610517" lon="-121.06168158352375">
        <ele>490.88999999999999</ele>
        <time>2025-08-01T17:21:39Z</time>
      </trkpt>
      <trkpt lat="48.735344689339399" lon="-121.06168954633176">
        <ele>491.85000000000002</ele>
        <time>2025-08-01T17:21:56Z</time>
      </trkpt>
      <trkpt lat="48.735305713489652" lon="-121.06177411973476">
        <ele>493.29000000000002</ele>
        <time>2025-08-01T17:22:17Z</time>
      </trkpt>
      <trkpt lat="48.73529389500618" lon="-121.0618186276406">
        <ele>493.29000000000002</ele>
        <time>2025-08-01T17:22:21Z</time>
      </trkpt>
      <trkpt lat="48.735163891687989" lon="-121.06191912665963">
        <ele>494.25999999999999</ele>
        <time>2025-08-01T17:22:35Z</time>
      </trkpt>
      <trkpt lat="48.735157856717706" lon="-121.06192650273442">
        <ele>496.18000000000001</ele>
        <time>2025-08-01T17:22:36Z</time>
      </trkpt>
      <trkpt lat="48.735121730715036" lon="-121.06194578111172">
        <ele>496.18000000000001</ele>
        <time>2025-08-01T17:22:40Z</time>
      </trkpt>
      <trkpt lat="48.735066410154104" lon="-121.0620192065835">
        <ele>496.18000000000001</ele>
        <time>2025-08-01T17:22:55Z</time>
      </trkpt>
      <trkpt lat="48.735047886148095" lon="-121.06206673197448">
        <ele>496.18000000000001</ele>
        <time>2025-08-01T17:23:12Z</time>
      </trkpt>
      <trkpt lat="48.734955349937081" lon="-121.06218919157982">
        <ele>499.06</ele>
        <time>2025-08-01T17:23:29Z</time>
      </trkpt>
      <trkpt lat="48.734834901988506" lon="-121.06231986545026">
        <ele>500.5</ele>
        <time>2025-08-01T17:23:45Z</time>
      </trkpt>
      <trkpt lat="48.734794752672315" lon="-121.06238314881921">
        <ele>500.5</ele>
        <time>2025-08-01T17:23:51Z</time>
      </trkpt>
      <trkpt lat="48.734788466244936" lon="-121.06239144690335">
        <ele>500.5</ele>
        <time>2025-08-01T17:23:52Z</time>
      </trkpt>
      <trkpt lat="48.734772959724069" lon="-121.06241449713707">
        <ele>502.43000000000001</ele>
        <time>2025-08-01T17:23:54Z</time>
      </trkpt>
      <trkpt lat="48.734583193436265" lon="-121.06258959509432">
        <ele>504.82999999999998</ele>
        <time>2025-08-01T17:24:15Z</time>
      </trkpt>
      <trkpt lat="48.73457414098084" lon="-121.06259998865426">
        <ele>504.82999999999998</ele>
        <time>2025-08-01T17:24:16Z</time>
      </trkpt>
      <trkpt lat="48.734469618648291" lon="-121.06271440163255">
        <ele>506.26999999999998</ele>
        <time>2025-08-01T17:24:27Z</time>
      </trkpt>
      <trkpt lat="48.734342884272337" lon="-121.06282386928797">
        <ele>507.23000000000002</ele>
        <time>2025-08-01T17:24:39Z</time>
      </trkpt>
      <trkpt lat="48.734234673902392" lon="-121.06290358118713">
        <ele>509.16000000000003</ele>
        <time>2025-08-01T17:24:50Z</time>
      </trkpt>
      <trkpt lat="48.734215311706066" lon="-121.06291791424155">
        <ele>507.70999999999998</ele>
        <time>2025-08-01T17:24:52Z</time>
      </trkpt>
      <trkpt lat="48.734119506552815" lon="-121.06299460865557">
        <ele>510.12</ele>
        <time>2025-08-01T17:25:01Z</time>
      </trkpt>
      <trkpt lat="48.734001154080033" lon="-121.06306451372802">
        <ele>512.03999999999996</ele>
        <time>2025-08-01T17:25:12Z</time>
      </trkpt>
      <trkpt lat="48.733835611492395" lon="-121.06323072686791">
        <ele>513.96000000000004</ele>
        <time>2025-08-01T17:25:29Z</time>
      </trkpt>
      <trkpt lat="48.73373226262629" lon="-121.06334798969328">
        <ele>515.39999999999998</ele>
        <time>2025-08-01T17:25:39Z</time>
      </trkpt>
      <trkpt lat="48.733526235446334" lon="-121.06352048926055">
        <ele>516.37</ele>
        <time>2025-08-01T17:25:57Z</time>
      </trkpt>
      <trkpt lat="48.733395310118794" lon="-121.0635924898088">
        <ele>518.76999999999998</ele>
        <time>2025-08-01T17:26:08Z</time>
      </trkpt>
      <trkpt lat="48.733356250450015" lon="-121.06359919533134">
        <ele>517.33000000000004</ele>
        <time>2025-08-01T17:26:11Z</time>
      </trkpt>
      <trkpt lat="48.733320794999599" lon="-121.06360347010195">
        <ele>518.76999999999998</ele>
        <time>2025-08-01T17:26:14Z</time>
      </trkpt>
      <trkpt lat="48.733160700649023" lon="-121.06370195746422">
        <ele>520.69000000000005</ele>
        <time>2025-08-01T17:26:30Z</time>
      </trkpt>
      <trkpt lat="48.73298853635788" lon="-121.06377605348825">
        <ele>521.16999999999996</ele>
        <time>2025-08-01T17:26:45Z</time>
      </trkpt>
      <trkpt lat="48.732906058430672" lon="-121.06382491998374">
        <ele>522.61000000000001</ele>
        <time>2025-08-01T17:26:53Z</time>
      </trkpt>
      <trkpt lat="48.732729367911816" lon="-121.06399549171329">
        <ele>525.01999999999998</ele>
        <time>2025-08-01T17:27:13Z</time>
      </trkpt>
      <trkpt lat="48.732721991837025" lon="-121.06400010176003">
        <ele>525.01999999999998</ele>
        <time>2025-08-01T17:27:14Z</time>
      </trkpt>
      <trkpt lat="48.73255561105907" lon="-121.06410571373999">
        <ele>527.41999999999996</ele>
        <time>2025-08-01T17:27:33Z</time>
      </trkpt>
      <trkpt lat="48.732459219172597" lon="-121.06414108537138">
        <ele>528.38</ele>
        <time>2025-08-01T17:27:40Z</time>
      </trkpt>
      <trkpt lat="48.732310775667429" lon="-121.06422004289925">
        <ele>529.34000000000003</ele>
        <time>2025-08-01T17:27:55Z</time>
      </trkpt>
      <trkpt lat="48.732139952480793" lon="-121.06439220719039">
        <ele>530.78999999999996</ele>
        <time>2025-08-01T17:28:11Z</time>
      </trkpt>
      <trkpt lat="48.732032496482134" lon="-121.06469269841909">
        <ele>531.26999999999998</ele>
        <time>2025-08-01T17:28:27Z</time>
      </trkpt>
      <trkpt lat="48.732019420713186" lon="-121.06475740671158">
        <ele>530.29999999999995</ele>
        <time>2025-08-01T17:28:31Z</time>
      </trkpt>
      <trkpt lat="48.732014894485474" lon="-121.06478858739138">
        <ele>530.78999999999996</ele>
        <time>2025-08-01T17:28:33Z</time>
      </trkpt>
      <trkpt lat="48.731982372701168" lon="-121.0649149864912">
        <ele>531.26999999999998</ele>
        <time>2025-08-01T17:28:41Z</time>
      </trkpt>
      <trkpt lat="48.731911713257432" lon="-121.06494759209454">
        <ele>531.26999999999998</ele>
        <time>2025-08-01T17:29:03Z</time>
      </trkpt>
      <trkpt lat="48.731900649145246" lon="-121.06501707807183">
        <ele>529.82000000000005</ele>
        <time>2025-08-01T17:29:26Z</time>
      </trkpt>
      <trkpt lat="48.731864606961608" lon="-121.06503325514495">
        <ele>529.34000000000003</ele>
        <time>2025-08-01T17:29:39Z</time>
      </trkpt>
      <trkpt lat="48.731869887560606" lon="-121.06500098481774">
        <ele>529.34000000000003</ele>
        <time>2025-08-01T17:29:59Z</time>
      </trkpt>
      <trkpt lat="48.731733849272132" lon="-121.0651174094528">
        <ele>530.29999999999995</ele>
        <time>2025-08-01T17:30:12Z</time>
      </trkpt>
      <trkpt lat="48.731705518439412" lon="-121.06512344442308">
        <ele>529.34000000000003</ele>
        <time>2025-08-01T17:30:14Z</time>
      </trkpt>
      <trkpt lat="48.731537293642759" lon="-121.06520600616932">
        <ele>529.34000000000003</ele>
        <time>2025-08-01T17:30:30Z</time>
      </trkpt>
      <trkpt lat="48.731517093256116" lon="-121.0652189143002">
        <ele>528.86000000000001</ele>
        <time>2025-08-01T17:30:32Z</time>
      </trkpt>
      <trkpt lat="48.731392957270145" lon="-121.06533617712557">
        <ele>527.89999999999998</ele>
        <time>2025-08-01T17:30:46Z</time>
      </trkpt>
      <trkpt lat="48.731228671967983" lon="-121.0654710419476">
        <ele>527.41999999999996</ele>
        <time>2025-08-01T17:31:03Z</time>
      </trkpt>
      <trkpt lat="48.731118617579341" lon="-121.06558352708817">
        <ele>528.86000000000001</ele>
        <time>2025-08-01T17:31:18Z</time>
      </trkpt>
      <trkpt lat="48.73108827508986" lon="-121.06559283100069">
        <ele>527.41999999999996</ele>
        <time>2025-08-01T17:31:22Z</time>
      </trkpt>
      <trkpt lat="48.730942932888865" lon="-121.06556324288249">
        <ele>526.46000000000004</ele>
        <time>2025-08-01T17:31:37Z</time>
      </trkpt>
      <trkpt lat="48.730807648971677" lon="-121.06549073942006">
        <ele>526.46000000000004</ele>
        <time>2025-08-01T17:31:53Z</time>
      </trkpt>
      <trkpt lat="48.73078091070056" lon="-121.06546358205378">
        <ele>524.53999999999996</ele>
        <time>2025-08-01T17:31:57Z</time>
      </trkpt>
      <trkpt lat="48.730619223788381" lon="-121.06549467891455">
        <ele>521.64999999999998</ele>
        <time>2025-08-01T17:32:16Z</time>
      </trkpt>
      <trkpt lat="48.730577398091555" lon="-121.06553147546947">
        <ele>521.64999999999998</ele>
        <time>2025-08-01T17:32:21Z</time>
      </trkpt>
      <trkpt lat="48.730567423626781" lon="-121.06555821374059">
        <ele>521.16999999999996</ele>
        <time>2025-08-01T17:32:23Z</time>
      </trkpt>
      <trkpt lat="48.730489136651158" lon="-121.0657078307122">
        <ele>518.28999999999996</ele>
        <time>2025-08-01T17:32:34Z</time>
      </trkpt>
      <trkpt lat="48.730481173843145" lon="-121.06572409160435">
        <ele>518.28999999999996</ele>
        <time>2025-08-01T17:32:35Z</time>
      </trkpt>
      <trkpt lat="48.730441946536303" lon="-121.06598007492721">
        <ele>517.33000000000004</ele>
        <time>2025-08-01T17:32:50Z</time>
      </trkpt>
      <trkpt lat="48.730411184951663" lon="-121.06606649234891">
        <ele>515.39999999999998</ele>
        <time>2025-08-01T17:32:55Z</time>
      </trkpt>
      <trkpt lat="48.730349326506257" lon="-121.06626556254923">
        <ele>514.44000000000005</ele>
        <time>2025-08-01T17:33:09Z</time>
      </trkpt>
      <trkpt lat="48.730276823043823" lon="-121.06641031801701">
        <ele>513</ele>
        <time>2025-08-01T17:33:20Z</time>
      </trkpt>
      <trkpt lat="48.730289312079549" lon="-121.06652707792819">
        <ele>510.60000000000002</ele>
        <time>2025-08-01T17:33:32Z</time>
      </trkpt>
      <trkpt lat="48.73033725656569" lon="-121.06659723445773">
        <ele>508.67000000000002</ele>
        <time>2025-08-01T17:33:36Z</time>
      </trkpt>
      <trkpt lat="48.730406071990728" lon="-121.06681340374053">
        <ele>509.16000000000003</ele>
        <time>2025-08-01T17:33:47Z</time>
      </trkpt>
      <trkpt lat="48.730432139709592" lon="-121.06692144647241">
        <ele>507.70999999999998</ele>
        <time>2025-08-01T17:33:53Z</time>
      </trkpt>
      <trkpt lat="48.730325857177377" lon="-121.06712085194886">
        <ele>505.79000000000002</ele>
        <time>2025-08-01T17:34:08Z</time>
      </trkpt>
      <trkpt lat="48.730194177478552" lon="-121.06723769567907">
        <ele>498.10000000000002</ele>
        <time>2025-08-01T17:34:34Z</time>
      </trkpt>
      <trkpt lat="48.730254024267197" lon="-121.06724213808775">
        <ele>496.66000000000003</ele>
        <time>2025-08-01T17:34:47Z</time>
      </trkpt>
      <trkpt lat="48.730311105027795" lon="-121.06720349751413">
        <ele>495.69999999999999</ele>
        <time>2025-08-01T17:34:56Z</time>
      </trkpt>
      <trkpt lat="48.730522245168686" lon="-121.06715966016054">
        <ele>493.29000000000002</ele>
        <time>2025-08-01T17:35:16Z</time>
      </trkpt>
      <trkpt lat="48.730735564604402" lon="-121.06710744090378">
        <ele>491.37</ele>
        <time>2025-08-01T17:35:33Z</time>
      </trkpt>
      <trkpt lat="48.7307442817837" lon="-121.06713619083166">
        <ele>491.37</ele>
        <time>2025-08-01T17:35:50Z</time>
      </trkpt>
      <trkpt lat="48.730815947055817" lon="-121.06707056052983">
        <ele>491.37</ele>
        <time>2025-08-01T17:36:09Z</time>
      </trkpt>
      <trkpt lat="48.730881325900555" lon="-121.06705731712282">
        <ele>491.37</ele>
        <time>2025-08-01T17:36:25Z</time>
      </trkpt>
      <trkpt lat="48.730847798287868" lon="-121.06701565906405">
        <ele>491.37</ele>
        <time>2025-08-01T17:36:45Z</time>
      </trkpt>
      <trkpt lat="48.730841176584363" lon="-121.06709369458258">
        <ele>492.81</ele>
        <time>2025-08-01T17:37:11Z</time>
      </trkpt>
      <trkpt lat="48.730822149664164" lon="-121.06709511950612">
        <ele>492.81</ele>
        <time>2025-08-01T17:37:39Z</time>
      </trkpt>
      <trkpt lat="48.730812175199389" lon="-121.06709017418325">
        <ele>492.81</ele>
        <time>2025-08-01T17:38:06Z</time>
      </trkpt>
      <trkpt lat="48.730790968984365" lon="-121.06707760132849">
        <ele>492.81</ele>
        <time>2025-08-01T17:38:31Z</time>
      </trkpt>
      <trkpt lat="48.730822736397386" lon="-121.06703108176589">
        <ele>490.88999999999999</ele>
        <time>2025-08-01T17:38:50Z</time>
      </trkpt>
      <trkpt lat="48.730828268453479" lon="-121.06702596880496">
        <ele>491.37</ele>
        <time>2025-08-01T17:38:51Z</time>
      </trkpt>
      <trkpt lat="48.730835141614079" lon="-121.06701331213117">
        <ele>492.32999999999998</ele>
        <time>2025-08-01T17:38:53Z</time>
      </trkpt>
      <trkpt lat="48.730852827429771" lon="-121.06700358912349">
        <ele>492.32999999999998</ele>
        <time>2025-08-01T17:39:10Z</time>
      </trkpt>
      <trkpt lat="48.73089088127017" lon="-121.06708514504135">
        <ele>492.32999999999998</ele>
        <time>2025-08-01T17:39:17Z</time>
      </trkpt>
      <trkpt lat="48.730909405276179" lon="-121.06706611812115">
        <ele>492.32999999999998</ele>
        <time>2025-08-01T17:39:32Z</time>
      </trkpt>
      <trkpt lat="48.730852073058486" lon="-121.06695572845638">
        <ele>491.85000000000002</ele>
        <time>2025-08-01T17:40:02Z</time>
      </trkpt>
      <trkpt lat="48.730895994231105" lon="-121.06703552417457">
        <ele>491.37</ele>
        <time>2025-08-01T17:40:28Z</time>
      </trkpt>
      <trkpt lat="48.730918038636446" lon="-121.06705874204636">
        <ele>491.37</ele>
        <time>2025-08-01T17:40:53Z</time>
      </trkpt>
      <trkpt lat="48.730921559035778" lon="-121.06712839566171">
        <ele>491.37</ele>
        <time>2025-08-01T17:41:23Z</time>
      </trkpt>
      <trkpt lat="48.730913763865829" lon="-121.06706025078893">
        <ele>491.37</ele>
        <time>2025-08-01T17:41:54Z</time>
      </trkpt>
      <trkpt lat="48.730918373912573" lon="-121.06701113283634">
        <ele>491.37</ele>
        <time>2025-08-01T17:42:24Z</time>
      </trkpt>
      <trkpt lat="48.730908567085862" lon="-121.06700032018125">
        <ele>492.81</ele>
        <time>2025-08-01T17:42:40Z</time>
      </trkpt>
      <trkpt lat="48.730919295921922" lon="-121.06699562631547">
        <ele>492.81</ele>
        <time>2025-08-01T17:42:41Z</time>
      </trkpt>
      <trkpt lat="48.731027254834771" lon="-121.06698984280229">
        <ele>491.85000000000002</ele>
        <time>2025-08-01T17:42:52Z</time>
      </trkpt>
      <trkpt lat="48.731068493798375" lon="-121.0669975541532">
        <ele>491.85000000000002</ele>
        <time>2025-08-01T17:42:57Z</time>
      </trkpt>
      <trkpt lat="48.731162622570992" lon="-121.06700794771314">
        <ele>493.29000000000002</ele>
        <time>2025-08-01T17:43:06Z</time>
      </trkpt>
      <trkpt lat="48.731235712766647" lon="-121.06703384779394">
        <ele>491.85000000000002</ele>
        <time>2025-08-01T17:43:13Z</time>
      </trkpt>
      <trkpt lat="48.731372756883502" lon="-121.06705195270479">
        <ele>491.85000000000002</ele>
        <time>2025-08-01T17:43:26Z</time>
      </trkpt>
      <trkpt lat="48.731429670006037" lon="-121.0670770984143">
        <ele>492.81</ele>
        <time>2025-08-01T17:43:31Z</time>
      </trkpt>
      <trkpt lat="48.731571156531572" lon="-121.0671154037118">
        <ele>491.85000000000002</ele>
        <time>2025-08-01T17:43:46Z</time>
      </trkpt>
      <trkpt lat="48.731592362746596" lon="-121.06712923385203">
        <ele>492.81</ele>
        <time>2025-08-01T17:44:04Z</time>
      </trkpt>
      <trkpt lat="48.731602421030402" lon="-121.06712973676622">
        <ele>492.81</ele>
        <time>2025-08-01T17:44:06Z</time>
      </trkpt>
      <trkpt lat="48.731699483469129" lon="-121.06720224022865">
        <ele>492.32999999999998</ele>
        <time>2025-08-01T17:44:18Z</time>
      </trkpt>
      <trkpt lat="48.731799563392997" lon="-121.06727323494852">
        <ele>492.32999999999998</ele>
        <time>2025-08-01T17:44:32Z</time>
      </trkpt>
      <trkpt lat="48.731844574213028" lon="-121.0673310700804">
        <ele>493.29000000000002</ele>
        <time>2025-08-01T17:44:39Z</time>
      </trkpt>
      <trkpt lat="48.731869049370289" lon="-121.06735244393349">
        <ele>491.85000000000002</ele>
        <time>2025-08-01T17:44:42Z</time>
      </trkpt>
      <trkpt lat="48.731900984421372" lon="-121.06736971065402">
        <ele>492.32999999999998</ele>
        <time>2025-08-01T17:44:56Z</time>
      </trkpt>
      <trkpt lat="48.731900732964277" lon="-121.06736141256988">
        <ele>492.32999999999998</ele>
        <time>2025-08-01T17:45:26Z</time>
      </trkpt>
      <trkpt lat="48.731892099604011" lon="-121.06736443005502">
        <ele>490.88999999999999</ele>
        <time>2025-08-01T17:45:49Z</time>
      </trkpt>
      <trkpt lat="48.731898218393326" lon="-121.06736811809242">
        <ele>494.25999999999999</ele>
        <time>2025-08-01T17:45:53Z</time>
      </trkpt>
      <trkpt lat="48.73189939185977" lon="-121.06736845336854">
        <ele>491.85000000000002</ele>
        <time>2025-08-01T17:45:54Z</time>
      </trkpt>
      <trkpt lat="48.731923950836062" lon="-121.0673913359642">
        <ele>492.32999999999998</ele>
        <time>2025-08-01T17:46:27Z</time>
      </trkpt>
      <trkpt lat="48.731940379366279" lon="-121.06742880307138">
        <ele>490.88999999999999</ele>
        <time>2025-08-01T17:46:30Z</time>
      </trkpt>
      <trkpt lat="48.73195169493556" lon="-121.0674536973238">
        <ele>492.81</ele>
        <time>2025-08-01T17:46:32Z</time>
      </trkpt>
      <trkpt lat="48.732014894485474" lon="-121.06752150692046">
        <ele>491.37</ele>
        <time>2025-08-01T17:46:38Z</time>
      </trkpt>
      <trkpt lat="48.732058145105839" lon="-121.06761295348406">
        <ele>491.85000000000002</ele>
        <time>2025-08-01T17:46:55Z</time>
      </trkpt>
      <trkpt lat="48.732042973861098" lon="-121.06763491407037">
        <ele>491.37</ele>
        <time>2025-08-01T17:47:14Z</time>
      </trkpt>
      <trkpt lat="48.732053954154253" lon="-121.0676381830126">
        <ele>495.22000000000003</ele>
        <time>2025-08-01T17:47:20Z</time>
      </trkpt>
      <trkpt lat="48.732065856456757" lon="-121.0676056612283">
        <ele>491.37</ele>
        <time>2025-08-01T17:47:25Z</time>
      </trkpt>
      <trkpt lat="48.732085973024368" lon="-121.06760448776186">
        <ele>491.37</ele>
        <time>2025-08-01T17:47:41Z</time>
      </trkpt>
      <trkpt lat="48.732053702697158" lon="-121.06762292794883">
        <ele>491.37</ele>
        <time>2025-08-01T17:48:03Z</time>
      </trkpt>
      <trkpt lat="48.732025707140565" lon="-121.06759979389608">
        <ele>491.37</ele>
        <time>2025-08-01T17:48:18Z</time>
      </trkpt>
      <trkpt lat="48.732022270560265" lon="-121.06759903952479">
        <ele>492.81</ele>
        <time>2025-08-01T17:48:22Z</time>
      </trkpt>
      <trkpt lat="48.732025539502501" lon="-121.06759761460125">
        <ele>488.97000000000003</ele>
        <time>2025-08-01T17:48:24Z</time>
      </trkpt>
      <trkpt lat="48.732028976082802" lon="-121.0675953514874">
        <ele>495.22000000000003</ele>
        <time>2025-08-01T17:48:25Z</time>
      </trkpt>
      <trkpt lat="48.73204356059432" lon="-121.0675935074687">
        <ele>491.85000000000002</ele>
        <time>2025-08-01T17:48:27Z</time>
      </trkpt>
      <trkpt lat="48.732063760980964" lon="-121.06762753799558">
        <ele>493.29000000000002</ele>
        <time>2025-08-01T17:48:30Z</time>
      </trkpt>
      <trkpt lat="48.732092846184969" lon="-121.06765176169574">
        <ele>491.85000000000002</ele>
        <time>2025-08-01T17:48:42Z</time>
      </trkpt>
      <trkpt lat="48.7321153935045" lon="-121.06767766177654">
        <ele>491.85000000000002</ele>
        <time>2025-08-01T17:48:45Z</time>
      </trkpt>
      <trkpt lat="48.732150848954916" lon="-121.06775863096118">
        <ele>492.81</ele>
        <time>2025-08-01T17:48:51Z</time>
      </trkpt>
      <trkpt lat="48.732186304405332" lon="-121.06781529262662">
        <ele>491.37</ele>
        <time>2025-08-01T17:48:55Z</time>
      </trkpt>
      <trkpt lat="48.732294598594308" lon="-121.06799625791609">
        <ele>490.88999999999999</ele>
        <time>2025-08-01T17:49:10Z</time>
      </trkpt>
      <trkpt lat="48.732398031279445" lon="-121.0681981779635">
        <ele>491.37</ele>
        <time>2025-08-01T17:49:24Z</time>
      </trkpt>
      <trkpt lat="48.732466511428356" lon="-121.06836430728436">
        <ele>490.88999999999999</ele>
        <time>2025-08-01T17:49:35Z</time>
      </trkpt>
      <trkpt lat="48.732539685443044" lon="-121.06858265586197">
        <ele>491.37</ele>
        <time>2025-08-01T17:49:50Z</time>
      </trkpt>
      <trkpt lat="48.732560053467751" lon="-121.06867544353008">
        <ele>491.37</ele>
        <time>2025-08-01T17:49:56Z</time>
      </trkpt>
      <trkpt lat="48.73257027938962" lon="-121.06871483847499">
        <ele>492.32999999999998</ele>
        <time>2025-08-01T17:49:58Z</time>
      </trkpt>
      <trkpt lat="48.732575476169586" lon="-121.06880586594343">
        <ele>491.85000000000002</ele>
        <time>2025-08-01T17:50:12Z</time>
      </trkpt>
      <trkpt lat="48.732595928013325" lon="-121.06879404745996">
        <ele>493.76999999999998</ele>
        <time>2025-08-01T17:50:35Z</time>
      </trkpt>
      <trkpt lat="48.732595257461071" lon="-121.06877854093909">
        <ele>491.85000000000002</ele>
        <time>2025-08-01T17:50:37Z</time>
      </trkpt>
      <trkpt lat="48.732569273561239" lon="-121.06878063641489">
        <ele>491.85000000000002</ele>
        <time>2025-08-01T17:51:03Z</time>
      </trkpt>
      <trkpt lat="48.732592072337866" lon="-121.06879170052707">
        <ele>491.85000000000002</ele>
        <time>2025-08-01T17:51:33Z</time>
      </trkpt>
      <trkpt lat="48.73261914588511" lon="-121.06882128864527">
        <ele>492.32999999999998</ele>
        <time>2025-08-01T17:51:51Z</time>
      </trkpt>
      <trkpt lat="48.732596850022674" lon="-121.06880159117281">
        <ele>493.76999999999998</ele>
        <time>2025-08-01T17:52:04Z</time>
      </trkpt>
      <trkpt lat="48.732553347945213" lon="-121.06867619790137">
        <ele>492.81</ele>
        <time>2025-08-01T17:52:13Z</time>
      </trkpt>
      <trkpt lat="48.732533818110824" lon="-121.06862925924361">
        <ele>491.37</ele>
        <time>2025-08-01T17:52:16Z</time>
      </trkpt>
      <trkpt lat="48.73252141289413" lon="-121.06860771775246">
        <ele>492.32999999999998</ele>
        <time>2025-08-01T17:52:18Z</time>
      </trkpt>
      <trkpt lat="48.732494423165917" lon="-121.06850017793477">
        <ele>490.88999999999999</ele>
        <time>2025-08-01T17:52:25Z</time>
      </trkpt>
      <trkpt lat="48.732477407902479" lon="-121.06842423789203">
        <ele>492.32999999999998</ele>
        <time>2025-08-01T17:52:31Z</time>
      </trkpt>
      <trkpt lat="48.732509845867753" lon="-121.06840252876282">
        <ele>492.32999999999998</ele>
        <time>2025-08-01T17:52:45Z</time>
      </trkpt>
      <trkpt lat="48.732509762048721" lon="-121.06840839609504">
        <ele>493.29000000000002</ele>
        <time>2025-08-01T17:53:08Z</time>
      </trkpt>
      <trkpt lat="48.732503056526184" lon="-121.06840143911541">
        <ele>491.37</ele>
        <time>2025-08-01T17:53:10Z</time>
      </trkpt>
      <trkpt lat="48.732487885281444" lon="-121.06835852377117">
        <ele>492.81</ele>
        <time>2025-08-01T17:53:14Z</time>
      </trkpt>
      <trkpt lat="48.732462907209992" lon="-121.06830638833344">
        <ele>490.88999999999999</ele>
        <time>2025-08-01T17:53:18Z</time>
      </trkpt>
      <trkpt lat="48.732456285506487" lon="-121.06821720488369">
        <ele>490.88999999999999</ele>
        <time>2025-08-01T17:53:24Z</time>
      </trkpt>
      <trkpt lat="48.732434073463082" lon="-121.0681614652276">
        <ele>490.41000000000003</ele>
        <time>2025-08-01T17:53:28Z</time>
      </trkpt>
      <trkpt lat="48.732372047379613" lon="-121.06809767894447">
        <ele>491.85000000000002</ele>
        <time>2025-08-01T17:53:35Z</time>
      </trkpt>
      <trkpt lat="48.732333490625024" lon="-121.06801964342594">
        <ele>490.41000000000003</ele>
        <time>2025-08-01T17:53:41Z</time>
      </trkpt>
      <trkpt lat="48.732259562239051" lon="-121.06792065314949">
        <ele>490.41000000000003</ele>
        <time>2025-08-01T17:53:50Z</time>
      </trkpt>
      <trkpt lat="48.732233829796314" lon="-121.06785502284765">
        <ele>490.41000000000003</ele>
        <time>2025-08-01T17:53:54Z</time>
      </trkpt>
      <trkpt lat="48.732191165909171" lon="-121.06771688908339">
        <ele>491.37</ele>
        <time>2025-08-01T17:54:04Z</time>
      </trkpt>
      <trkpt lat="48.732177084311843" lon="-121.06769962236285">
        <ele>489.93000000000001</ele>
        <time>2025-08-01T17:54:06Z</time>
      </trkpt>
      <trkpt lat="48.732155794277787" lon="-121.0676796734333">
        <ele>491.37</ele>
        <time>2025-08-01T17:54:08Z</time>
      </trkpt>
      <trkpt lat="48.732092594727874" lon="-121.06759845279157">
        <ele>492.32999999999998</ele>
        <time>2025-08-01T17:54:21Z</time>
      </trkpt>
      <trkpt lat="48.731970302760601" lon="-121.0674640070647">
        <ele>492.32999999999998</ele>
        <time>2025-08-01T17:54:36Z</time>
      </trkpt>
      <trkpt lat="48.731900230050087" lon="-121.06740918941796">
        <ele>492.81</ele>
        <time>2025-08-01T17:54:44Z</time>
      </trkpt>
      <trkpt lat="48.731786403805017" lon="-121.06732092797756">
        <ele>491.37</ele>
        <time>2025-08-01T17:54:54Z</time>
      </trkpt>
      <trkpt lat="48.731758575886488" lon="-121.06729209423065">
        <ele>492.81</ele>
        <time>2025-08-01T17:54:56Z</time>
      </trkpt>
      <trkpt lat="48.731720689684153" lon="-121.06726770289242">
        <ele>491.37</ele>
        <time>2025-08-01T17:54:59Z</time>
      </trkpt>
      <trkpt lat="48.731670649722219" lon="-121.06723727658391">
        <ele>492.81</ele>
        <time>2025-08-01T17:55:04Z</time>
      </trkpt>
      <trkpt lat="48.731510555371642" lon="-121.0671426448971">
        <ele>492.32999999999998</ele>
        <time>2025-08-01T17:55:18Z</time>
      </trkpt>
      <trkpt lat="48.731451211497188" lon="-121.06711875647306">
        <ele>493.76999999999998</ele>
        <time>2025-08-01T17:55:23Z</time>
      </trkpt>
      <trkpt lat="48.731372253969312" lon="-121.06709520332515">
        <ele>491.37</ele>
        <time>2025-08-01T17:55:29Z</time>
      </trkpt>
      <trkpt lat="48.731193467974663" lon="-121.06705983169377">
        <ele>491.37</ele>
        <time>2025-08-01T17:55:43Z</time>
      </trkpt>
      <trkpt lat="48.731120293959975" lon="-121.06706226244569">
        <ele>492.32999999999998</ele>
        <time>2025-08-01T17:55:50Z</time>
      </trkpt>
      <trkpt lat="48.73106187209487" lon="-121.06705882586539">
        <ele>489.93000000000001</ele>
        <time>2025-08-01T17:55:55Z</time>
      </trkpt>
      <trkpt lat="48.731041252613068" lon="-121.06705958023667">
        <ele>491.37</ele>
        <time>2025-08-01T17:55:57Z</time>
      </trkpt>
      <trkpt lat="48.730917032808065" lon="-121.06707198545337">
        <ele>489.44999999999999</ele>
        <time>2025-08-01T17:56:07Z</time>
      </trkpt>
      <trkpt lat="48.730887528508902" lon="-121.06707659550011">
        <ele>491.37</ele>
        <time>2025-08-01T17:56:09Z</time>
      </trkpt>
      <trkpt lat="48.730770265683532" lon="-121.0670839715749">
        <ele>489.93000000000001</ele>
        <time>2025-08-01T17:56:20Z</time>
      </trkpt>
      <trkpt lat="48.730656690895557" lon="-121.06712646782398">
        <ele>491.85000000000002</ele>
        <time>2025-08-01T17:56:29Z</time>
      </trkpt>
      <trkpt lat="48.730642190203071" lon="-121.06714457273483">
        <ele>489.93000000000001</ele>
        <time>2025-08-01T17:56:31Z</time>
      </trkpt>
      <trkpt lat="48.730584774166346" lon="-121.06718530878425">
        <ele>491.37</ele>
        <time>2025-08-01T17:56:38Z</time>
      </trkpt>
      <trkpt lat="48.730351589620113" lon="-121.06718430295587">
        <ele>492.32999999999998</ele>
        <time>2025-08-01T17:57:00Z</time>
      </trkpt>
      <trkpt lat="48.730320995673537" lon="-121.0671822912991">
        <ele>493.76999999999998</ele>
        <time>2025-08-01T17:57:02Z</time>
      </trkpt>
      <trkpt lat="48.730122596025467" lon="-121.06727264821529">
        <ele>496.66000000000003</ele>
        <time>2025-08-01T17:57:19Z</time>
      </trkpt>
      <trkpt lat="48.73000793159008" lon="-121.0673691239208">
        <ele>499.06</ele>
        <time>2025-08-01T17:57:33Z</time>
      </trkpt>
      <trkpt lat="48.730014804750681" lon="-121.06730081140995">
        <ele>501.45999999999998</ele>
        <time>2025-08-01T17:57:49Z</time>
      </trkpt>
      <trkpt lat="48.730067778378725" lon="-121.06720249168575">
        <ele>504.35000000000002</ele>
        <time>2025-08-01T17:58:06Z</time>
      </trkpt>
      <trkpt lat="48.730229130014777" lon="-121.06710559688509">
        <ele>506.75</ele>
        <time>2025-08-01T17:58:22Z</time>
      </trkpt>
      <trkpt lat="48.730235835537314" lon="-121.06704784557223">
        <ele>507.70999999999998</ele>
        <time>2025-08-01T17:58:27Z</time>
      </trkpt>
      <trkpt lat="48.730237344279885" lon="-121.06694960966706">
        <ele>507.70999999999998</ele>
        <time>2025-08-01T17:58:34Z</time>
      </trkpt>
      <trkpt lat="48.730207504704595" lon="-121.066859588027">
        <ele>506.75</ele>
        <time>2025-08-01T17:58:40Z</time>
      </trkpt>
      <trkpt lat="48.730178587138653" lon="-121.06677526608109">
        <ele>508.67000000000002</ele>
        <time>2025-08-01T17:58:47Z</time>
      </trkpt>
      <trkpt lat="48.73014279641211" lon="-121.06664828024805">
        <ele>509.63999999999999</ele>
        <time>2025-08-01T17:58:57Z</time>
      </trkpt>
      <trkpt lat="48.73004749417305" lon="-121.06656194664538">
        <ele>513</ele>
        <time>2025-08-01T17:59:11Z</time>
      </trkpt>
      <trkpt lat="48.730117231607437" lon="-121.0664401575923">
        <ele>513</ele>
        <time>2025-08-01T17:59:19Z</time>
      </trkpt>
      <trkpt lat="48.730175402015448" lon="-121.0662104934454">
        <ele>514.44000000000005</ele>
        <time>2025-08-01T17:59:34Z</time>
      </trkpt>
      <trkpt lat="48.730219407007098" lon="-121.06609121896327">
        <ele>515.39999999999998</ele>
        <time>2025-08-01T17:59:44Z</time>
      </trkpt>
      <trkpt lat="48.730281936004758" lon="-121.06589298695326">
        <ele>517.80999999999995</ele>
        <time>2025-08-01T18:00:00Z</time>
      </trkpt>
      <trkpt lat="48.730302974581718" lon="-121.06579039245844">
        <ele>519.25</ele>
        <time>2025-08-01T18:00:07Z</time>
      </trkpt>
      <trkpt lat="48.730394337326288" lon="-121.06562225148082">
        <ele>520.21000000000004</ele>
        <time>2025-08-01T18:00:21Z</time>
      </trkpt>
      <trkpt lat="48.730510426685214" lon="-121.06549928896129">
        <ele>521.64999999999998</ele>
        <time>2025-08-01T18:00:32Z</time>
      </trkpt>
      <trkpt lat="48.730655098333955" lon="-121.06542343273759">
        <ele>524.05999999999995</ele>
        <time>2025-08-01T18:00:48Z</time>
      </trkpt>
      <trkpt lat="48.730780575424433" lon="-121.06550767086446">
        <ele>525.01999999999998</ele>
        <time>2025-08-01T18:01:02Z</time>
      </trkpt>
      <trkpt lat="48.730895156040788" lon="-121.06559903360903">
        <ele>525.01999999999998</ele>
        <time>2025-08-01T18:01:14Z</time>
      </trkpt>
      <trkpt lat="48.730953242629766" lon="-121.06559350155294">
        <ele>525.98000000000002</ele>
        <time>2025-08-01T18:01:18Z</time>
      </trkpt>
      <trkpt lat="48.73113471083343" lon="-121.06548730283976">
        <ele>525.98000000000002</ele>
        <time>2025-08-01T18:01:34Z</time>
      </trkpt>
      <trkpt lat="48.731141500174999" lon="-121.06548185460269">
        <ele>525.98000000000002</ele>
        <time>2025-08-01T18:01:35Z</time>
      </trkpt>
      <trkpt lat="48.731220038607717" lon="-121.06540591455996">
        <ele>525.5</ele>
        <time>2025-08-01T18:01:44Z</time>
      </trkpt>
      <trkpt lat="48.731265384703875" lon="-121.06537842191756">
        <ele>526.94000000000005</ele>
        <time>2025-08-01T18:01:49Z</time>
      </trkpt>
      <trkpt lat="48.731299163773656" lon="-121.06535864062607">
        <ele>525.5</ele>
        <time>2025-08-01T18:01:52Z</time>
      </trkpt>
      <trkpt lat="48.731324560940266" lon="-121.06533416546881">
        <ele>526.94000000000005</ele>
        <time>2025-08-01T18:01:55Z</time>
      </trkpt>
      <trkpt lat="48.731341157108545" lon="-121.06532201170921">
        <ele>526.94000000000005</ele>
        <time>2025-08-01T18:01:57Z</time>
      </trkpt>
      <trkpt lat="48.731416091322899" lon="-121.06528772972524">
        <ele>525.5</ele>
        <time>2025-08-01T18:02:04Z</time>
      </trkpt>
      <trkpt lat="48.731550201773643" lon="-121.06520139612257">
        <ele>527.41999999999996</ele>
        <time>2025-08-01T18:02:17Z</time>
      </trkpt>
      <trkpt lat="48.731719516217709" lon="-121.06507239863276">
        <ele>527.89999999999998</ele>
        <time>2025-08-01T18:02:32Z</time>
      </trkpt>
      <trkpt lat="48.731728484854102" lon="-121.0650600772351">
        <ele>527.89999999999998</ele>
        <time>2025-08-01T18:02:33Z</time>
      </trkpt>
      <trkpt lat="48.731740722432733" lon="-121.0650275554508">
        <ele>526.46000000000004</ele>
        <time>2025-08-01T18:02:35Z</time>
      </trkpt>
      <trkpt lat="48.731784895062447" lon="-121.06498296372592">
        <ele>526.46000000000004</ele>
        <time>2025-08-01T18:02:51Z</time>
      </trkpt>
      <trkpt lat="48.731783051043749" lon="-121.06499721296132">
        <ele>526.46000000000004</ele>
        <time>2025-08-01T18:03:23Z</time>
      </trkpt>
      <trkpt lat="48.731822362169623" lon="-121.06499830260873">
        <ele>526.46000000000004</ele>
        <time>2025-08-01T18:03:43Z</time>
      </trkpt>
      <trkpt lat="48.731841640546918" lon="-121.06501607224345">
        <ele>525.5</ele>
        <time>2025-08-01T18:04:05Z</time>
      </trkpt>
      <trkpt lat="48.731841975823045" lon="-121.06501783244312">
        <ele>527.89999999999998</ele>
        <time>2025-08-01T18:04:07Z</time>
      </trkpt>
      <trkpt lat="48.731841221451759" lon="-121.06502009555697">
        <ele>525.5</ele>
        <time>2025-08-01T18:04:10Z</time>
      </trkpt>
      <trkpt lat="48.731832168996334" lon="-121.06505597010255">
        <ele>526.94000000000005</ele>
        <time>2025-08-01T18:04:37Z</time>
      </trkpt>
      <trkpt lat="48.731875251978636" lon="-121.0650603286922">
        <ele>526.46000000000004</ele>
        <time>2025-08-01T18:05:05Z</time>
      </trkpt>
      <trkpt lat="48.731856141239405" lon="-121.06507918797433">
        <ele>527.41999999999996</ele>
        <time>2025-08-01T18:05:17Z</time>
      </trkpt>
      <trkpt lat="48.731833258643746" lon="-121.06500433757901">
        <ele>525.98000000000002</ele>
        <time>2025-08-01T18:05:49Z</time>
      </trkpt>
      <trkpt lat="48.731842897832394" lon="-121.06498170644045">
        <ele>527.89999999999998</ele>
        <time>2025-08-01T18:05:56Z</time>
      </trkpt>
      <trkpt lat="48.73188522644341" lon="-121.06487106531858">
        <ele>527.89999999999998</ele>
        <time>2025-08-01T18:06:06Z</time>
      </trkpt>
      <trkpt lat="48.731894278898835" lon="-121.06479495763779">
        <ele>527.89999999999998</ele>
        <time>2025-08-01T18:06:12Z</time>
      </trkpt>
      <trkpt lat="48.731898218393326" lon="-121.06473284773529">
        <ele>526.46000000000004</ele>
        <time>2025-08-01T18:06:16Z</time>
      </trkpt>
      <trkpt lat="48.731901906430721" lon="-121.06470770202577">
        <ele>526.46000000000004</ele>
        <time>2025-08-01T18:06:18Z</time>
      </trkpt>
      <trkpt lat="48.731908947229385" lon="-121.06466294266284">
        <ele>526.46000000000004</ele>
        <time>2025-08-01T18:06:22Z</time>
      </trkpt>
      <trkpt lat="48.731912970542908" lon="-121.06463712640107">
        <ele>526.46000000000004</ele>
        <time>2025-08-01T18:06:24Z</time>
      </trkpt>
      <trkpt lat="48.731970554217696" lon="-121.06444383971393">
        <ele>525.98000000000002</ele>
        <time>2025-08-01T18:06:38Z</time>
      </trkpt>
      <trkpt lat="48.732110615819693" lon="-121.06432037428021">
        <ele>525.5</ele>
        <time>2025-08-01T18:06:54Z</time>
      </trkpt>
      <trkpt lat="48.732147831469774" lon="-121.0642798896879">
        <ele>526.46000000000004</ele>
        <time>2025-08-01T18:06:59Z</time>
      </trkpt>
      <trkpt lat="48.732190662994981" lon="-121.06423144228756">
        <ele>525.5</ele>
        <time>2025-08-01T18:07:05Z</time>
      </trkpt>
      <trkpt lat="48.732235757634044" lon="-121.06420713476837">
        <ele>524.53999999999996</ele>
        <time>2025-08-01T18:07:09Z</time>
      </trkpt>
      <trkpt lat="48.732335921376944" lon="-121.06408023275435">
        <ele>522.61000000000001</ele>
        <time>2025-08-01T18:07:23Z</time>
      </trkpt>
      <trkpt lat="48.732477743178606" lon="-121.0639479663223">
        <ele>521.64999999999998</ele>
        <time>2025-08-01T18:07:38Z</time>
      </trkpt>
      <trkpt lat="48.732620654627681" lon="-121.06387319974601">
        <ele>519.25</ele>
        <time>2025-08-01T18:07:52Z</time>
      </trkpt>
      <trkpt lat="48.732754262164235" lon="-121.06380941346288">
        <ele>517.33000000000004</ele>
        <time>2025-08-01T18:08:04Z</time>
      </trkpt>
      <trkpt lat="48.732774881646037" lon="-121.06378954835236">
        <ele>517.33000000000004</ele>
        <time>2025-08-01T18:08:07Z</time>
      </trkpt>
      <trkpt lat="48.732967581599951" lon="-121.06376381590962">
        <ele>515.39999999999998</ele>
        <time>2025-08-01T18:08:22Z</time>
      </trkpt>
      <trkpt lat="48.733153408393264" lon="-121.06365283951163">
        <ele>513.48000000000002</ele>
        <time>2025-08-01T18:08:40Z</time>
      </trkpt>
      <trkpt lat="48.733318028971553" lon="-121.06356902047992">
        <ele>512.03999999999996</ele>
        <time>2025-08-01T18:08:55Z</time>
      </trkpt>
      <trkpt lat="48.733464879915118" lon="-121.0634437110275">
        <ele>510.60000000000002</ele>
        <time>2025-08-01T18:09:10Z</time>
      </trkpt>
      <trkpt lat="48.733487762510777" lon="-121.06341940350831">
        <ele>509.63999999999999</ele>
        <time>2025-08-01T18:09:13Z</time>
      </trkpt>
      <trkpt lat="48.733638552948833" lon="-121.06324908323586">
        <ele>507.70999999999998</ele>
        <time>2025-08-01T18:09:30Z</time>
      </trkpt>
      <trkpt lat="48.733674427494407" lon="-121.06321823783219">
        <ele>507.23000000000002</ele>
        <time>2025-08-01T18:09:34Z</time>
      </trkpt>
      <trkpt lat="48.733828319236636" lon="-121.06307515874505">
        <ele>504.82999999999998</ele>
        <time>2025-08-01T18:09:50Z</time>
      </trkpt>
      <trkpt lat="48.73398338444531" lon="-121.06296753510833">
        <ele>504.35000000000002</ele>
        <time>2025-08-01T18:10:05Z</time>
      </trkpt>
      <trkpt lat="48.734078351408243" lon="-121.06286502443254">
        <ele>501.94999999999999</ele>
        <time>2025-08-01T18:10:17Z</time>
      </trkpt>
      <trkpt lat="48.73422821983695" lon="-121.0627272259444">
        <ele>500.5</ele>
        <time>2025-08-01T18:10:32Z</time>
      </trkpt>
      <trkpt lat="48.734343638643622" lon="-121.06254642829299">
        <ele>498.10000000000002</ele>
        <time>2025-08-01T18:10:47Z</time>
      </trkpt>
      <trkpt lat="48.734427709132433" lon="-121.06246571056545">
        <ele>497.13999999999999</ele>
        <time>2025-08-01T18:10:56Z</time>
      </trkpt>
      <trkpt lat="48.734575733542442" lon="-121.06234936974943">
        <ele>495.22000000000003</ele>
        <time>2025-08-01T18:11:11Z</time>
      </trkpt>
      <trkpt lat="48.734645387157798" lon="-121.06227041222155">
        <ele>495.22000000000003</ele>
        <time>2025-08-01T18:11:19Z</time>
      </trkpt>
      <trkpt lat="48.734791819006205" lon="-121.06212138198316">
        <ele>493.76999999999998</ele>
        <time>2025-08-01T18:11:34Z</time>
      </trkpt>
      <trkpt lat="48.734799865633249" lon="-121.06211157515645">
        <ele>493.76999999999998</ele>
        <time>2025-08-01T18:11:35Z</time>
      </trkpt>
      <trkpt lat="48.734935484826565" lon="-121.06199841946363">
        <ele>491.37</ele>
        <time>2025-08-01T18:11:48Z</time>
      </trkpt>
      <trkpt lat="48.735050316900015" lon="-121.06186715885997">
        <ele>489.44999999999999</ele>
        <time>2025-08-01T18:12:02Z</time>
      </trkpt>
      <trkpt lat="48.735080743208528" lon="-121.06182985939085">
        <ele>490.41000000000003</ele>
        <time>2025-08-01T18:12:05Z</time>
      </trkpt>
      <trkpt lat="48.735093316063285" lon="-121.06180747970939">
        <ele>488.97000000000003</ele>
        <time>2025-08-01T18:12:07Z</time>
      </trkpt>
      <trkpt lat="48.735260367393494" lon="-121.0616634786129">
        <ele>488.00999999999999</ele>
        <time>2025-08-01T18:12:22Z</time>
      </trkpt>
      <trkpt lat="48.735387856140733" lon="-121.06154118664563">
        <ele>487.05000000000001</ele>
        <time>2025-08-01T18:12:36Z</time>
      </trkpt>
      <trkpt lat="48.735455414280295" lon="-121.06155233457685">
        <ele>486.07999999999998</ele>
        <time>2025-08-01T18:12:52Z</time>
      </trkpt>
      <trkpt lat="48.735447200015187" lon="-121.0615683440119">
        <ele>487.52999999999997</ele>
        <time>2025-08-01T18:12:57Z</time>
      </trkpt>
      <trkpt lat="48.735498581081629" lon="-121.06152249500155">
        <ele>488.00999999999999</ele>
        <time>2025-08-01T18:13:17Z</time>
      </trkpt>
    </trkseg>
  </trk>

  <trk>
    <name>Day 5c - Diablo Lake</name>
    <extensions>
      <gpxx:TrackExtension>
        <gpxx:DisplayColor>Blue</gpxx:DisplayColor>
      </gpxx:TrackExtension>
    </extensions>
    <trkseg>
      <trkpt lat="48.723621424287558" lon="-121.07295071706176">
        <ele>369.27999999999997</ele>
        <time>2025-08-01T19:46:52Z</time>
      </trkpt>
      <trkpt lat="48.723543472588062" lon="-121.07308239676058">
        <ele>369.27999999999997</ele>
        <time>2025-08-01T19:47:06Z</time>
      </trkpt>
      <trkpt lat="48.723449092358351" lon="-121.07325254939497">
        <ele>370.24000000000001</ele>
        <time>2025-08-01T19:47:22Z</time>
      </trkpt>
      <trkpt lat="48.723404416814446" lon="-121.07340476475656">
        <ele>370.24000000000001</ele>
        <time>2025-08-01T19:47:37Z</time>
      </trkpt>
      <trkpt lat="48.723455378785729" lon="-121.07346980832517">
        <ele>374.56999999999999</ele>
        <time>2025-08-01T19:47:50Z</time>
      </trkpt>
      <trkpt lat="48.723453367128968" lon="-121.07347458600998">
        <ele>378.42000000000002</ele>
        <time>2025-08-01T19:47:51Z</time>
      </trkpt>
      <trkpt lat="48.723462335765362" lon="-121.07348405756056">
        <ele>381.77999999999997</ele>
        <time>2025-08-01T19:47:52Z</time>
      </trkpt>
      <trkpt lat="48.723460910841823" lon="-121.07348841615021">
        <ele>385.63</ele>
        <time>2025-08-01T19:47:53Z</time>
      </trkpt>
      <trkpt lat="48.723459150642157" lon="-121.07349369674921">
        <ele>388.99000000000001</ele>
        <time>2025-08-01T19:47:54Z</time>
      </trkpt>
      <trkpt lat="48.723480189219117" lon="-121.07344734482467">
        <ele>392.36000000000001</ele>
        <time>2025-08-01T19:47:55Z</time>
      </trkpt>
      <trkpt lat="48.723494773730636" lon="-121.07342429459095">
        <ele>395.24000000000001</ele>
        <time>2025-08-01T19:47:56Z</time>
      </trkpt>
      <trkpt lat="48.723524026572704" lon="-121.07337978668511">
        <ele>398.60000000000002</ele>
        <time>2025-08-01T19:47:57Z</time>
      </trkpt>
      <trkpt lat="48.723520422354341" lon="-121.07338984496891">
        <ele>401.49000000000001</ele>
        <time>2025-08-01T19:47:58Z</time>
      </trkpt>
      <trkpt lat="48.723536347970366" lon="-121.07338171452284">
        <ele>407.25999999999999</ele>
        <time>2025-08-01T19:48:00Z</time>
      </trkpt>
      <trkpt lat="48.72352821752429" lon="-121.07339420355856">
        <ele>412.54000000000002</ele>
        <time>2025-08-01T19:48:02Z</time>
      </trkpt>
      <trkpt lat="48.723527044057846" lon="-121.07339076697826">
        <ele>417.35000000000002</ele>
        <time>2025-08-01T19:48:03Z</time>
      </trkpt>
      <trkpt lat="48.723524278029799" lon="-121.07338917441666">
        <ele>417.35000000000002</ele>
        <time>2025-08-01T19:48:04Z</time>
      </trkpt>
      <trkpt lat="48.723521260544658" lon="-121.0733887553215">
        <ele>421.68000000000001</ele>
        <time>2025-08-01T19:48:06Z</time>
      </trkpt>
      <trkpt lat="48.723518326878548" lon="-121.07338012196124">
        <ele>423.60000000000002</ele>
        <time>2025-08-01T19:48:07Z</time>
      </trkpt>
      <trkpt lat="48.723517823964357" lon="-121.07332287356257">
        <ele>427.92000000000002</ele>
        <time>2025-08-01T19:48:09Z</time>
      </trkpt>
      <trkpt lat="48.723521679639816" lon="-121.07329973950982">
        <ele>430.81</ele>
        <time>2025-08-01T19:48:11Z</time>
      </trkpt>
      <trkpt lat="48.723525032401085" lon="-121.07328155077994">
        <ele>432.25</ele>
        <time>2025-08-01T19:48:12Z</time>
      </trkpt>
      <trkpt lat="48.723527379333973" lon="-121.07320033013821">
        <ele>435.61000000000001</ele>
        <time>2025-08-01T19:48:15Z</time>
      </trkpt>
      <trkpt lat="48.723513465374708" lon="-121.0731263179332">
        <ele>438.98000000000002</ele>
        <time>2025-08-01T19:48:21Z</time>
      </trkpt>
      <trkpt lat="48.723478512838483" lon="-121.07308608479798">
        <ele>439.94</ele>
        <time>2025-08-01T19:48:37Z</time>
      </trkpt>
      <trkpt lat="48.723438447341323" lon="-121.07303721830249">
        <ele>438.01999999999998</ele>
        <time>2025-08-01T19:48:48Z</time>
      </trkpt>
      <trkpt lat="48.723392263054848" lon="-121.07296840287745">
        <ele>437.54000000000002</ele>
        <time>2025-08-01T19:49:03Z</time>
      </trkpt>
      <trkpt lat="48.723371895030141" lon="-121.0729016829282">
        <ele>438.98000000000002</ele>
        <time>2025-08-01T19:49:10Z</time>
      </trkpt>
      <trkpt lat="48.723326716572046" lon="-121.07279825024307">
        <ele>437.06</ele>
        <time>2025-08-01T19:49:25Z</time>
      </trkpt>
      <trkpt lat="48.723342390730977" lon="-121.07285239733756">
        <ele>437.06</ele>
        <time>2025-08-01T19:49:39Z</time>
      </trkpt>
      <trkpt lat="48.723325962200761" lon="-121.07282909564674">
        <ele>436.57999999999998</ele>
        <time>2025-08-01T19:49:55Z</time>
      </trkpt>
      <trkpt lat="48.723302241414785" lon="-121.07272163964808">
        <ele>436.57999999999998</ele>
        <time>2025-08-01T19:50:11Z</time>
      </trkpt>
      <trkpt lat="48.7232980504632" lon="-121.07266623526812">
        <ele>436.10000000000002</ele>
        <time>2025-08-01T19:50:33Z</time>
      </trkpt>
      <trkpt lat="48.723297966644168" lon="-121.07269884087145">
        <ele>437.54000000000002</ele>
        <time>2025-08-01T19:50:49Z</time>
      </trkpt>
      <trkpt lat="48.723248345777392" lon="-121.0726754553616">
        <ele>435.61000000000001</ele>
        <time>2025-08-01T19:51:00Z</time>
      </trkpt>
      <trkpt lat="48.723185565322638" lon="-121.07265198603272">
        <ele>435.61000000000001</ele>
        <time>2025-08-01T19:51:13Z</time>
      </trkpt>
      <trkpt lat="48.723101243376732" lon="-121.07265911065042">
        <ele>435.61000000000001</ele>
        <time>2025-08-01T19:51:21Z</time>
      </trkpt>
      <trkpt lat="48.722907872870564" lon="-121.07265257276595">
        <ele>435.13</ele>
        <time>2025-08-01T19:51:37Z</time>
      </trkpt>
      <trkpt lat="48.722712239250541" lon="-121.07263052836061">
        <ele>434.64999999999998</ele>
        <time>2025-08-01T19:51:52Z</time>
      </trkpt>
      <trkpt lat="48.722556587308645" lon="-121.07263128273189">
        <ele>434.64999999999998</ele>
        <time>2025-08-01T19:52:04Z</time>
      </trkpt>
      <trkpt lat="48.722465056926012" lon="-121.07264871709049">
        <ele>433.69</ele>
        <time>2025-08-01T19:52:12Z</time>
      </trkpt>
      <trkpt lat="48.72241317294538" lon="-121.0726529918611">
        <ele>433.69</ele>
        <time>2025-08-01T19:52:16Z</time>
      </trkpt>
      <trkpt lat="48.722256096079946" lon="-121.07270563021302">
        <ele>433.20999999999998</ele>
        <time>2025-08-01T19:52:29Z</time>
      </trkpt>
      <trkpt lat="48.722052834928036" lon="-121.07289598323405">
        <ele>433.20999999999998</ele>
        <time>2025-08-01T19:52:47Z</time>
      </trkpt>
      <trkpt lat="48.721841108053923" lon="-121.07310812920332">
        <ele>432.73000000000002</ele>
        <time>2025-08-01T19:53:05Z</time>
      </trkpt>
      <trkpt lat="48.721626615151763" lon="-121.07333125546575">
        <ele>432.25</ele>
        <time>2025-08-01T19:53:23Z</time>
      </trkpt>
      <trkpt lat="48.721425114199519" lon="-121.07352923601866">
        <ele>431.76999999999998</ele>
        <time>2025-08-01T19:53:40Z</time>
      </trkpt>
      <trkpt lat="48.721249597147107" lon="-121.07370341196656">
        <ele>431.29000000000002</ele>
        <time>2025-08-01T19:53:58Z</time>
      </trkpt>
      <trkpt lat="48.721088329330087" lon="-121.07386384159327">
        <ele>430.81</ele>
        <time>2025-08-01T19:54:13Z</time>
      </trkpt>
      <trkpt lat="48.72093896381557" lon="-121.07406676746905">
        <ele>430.32999999999998</ele>
        <time>2025-08-01T19:54:29Z</time>
      </trkpt>
      <trkpt lat="48.720906609669328" lon="-121.07409526593983">
        <ele>430.32999999999998</ele>
        <time>2025-08-01T19:54:32Z</time>
      </trkpt>
      <trkpt lat="48.720785742625594" lon="-121.0743803344667">
        <ele>429.85000000000002</ele>
        <time>2025-08-01T19:54:49Z</time>
      </trkpt>
      <trkpt lat="48.720657834783196" lon="-121.07457730919123">
        <ele>429.37</ele>
        <time>2025-08-01T19:55:04Z</time>
      </trkpt>
      <trkpt lat="48.720650626346469" lon="-121.07459491118789">
        <ele>429.37</ele>
        <time>2025-08-01T19:55:05Z</time>
      </trkpt>
      <trkpt lat="48.720503272488713" lon="-121.07476598583162">
        <ele>428.88999999999999</ele>
        <time>2025-08-01T19:55:20Z</time>
      </trkpt>
      <trkpt lat="48.720371425151825" lon="-121.07494745403528">
        <ele>428.39999999999998</ele>
        <time>2025-08-01T19:55:35Z</time>
      </trkpt>
      <trkpt lat="48.720260448753834" lon="-121.07520972378552">
        <ele>427.92000000000002</ele>
        <time>2025-08-01T19:55:51Z</time>
      </trkpt>
      <trkpt lat="48.720127679407597" lon="-121.07538775540888">
        <ele>427.44</ele>
        <time>2025-08-01T19:56:06Z</time>
      </trkpt>
      <trkpt lat="48.720032796263695" lon="-121.07559906318784">
        <ele>426.95999999999998</ele>
        <time>2025-08-01T19:56:22Z</time>
      </trkpt>
      <trkpt lat="48.719988288357854" lon="-121.0757099557668">
        <ele>426.95999999999998</ele>
        <time>2025-08-01T19:56:31Z</time>
      </trkpt>
      <trkpt lat="48.719962723553181" lon="-121.07575261965394">
        <ele>426</ele>
        <time>2025-08-01T19:56:35Z</time>
      </trkpt>
      <trkpt lat="48.719815788790584" lon="-121.07594355940819">
        <ele>425.51999999999998</ele>
        <time>2025-08-01T19:56:51Z</time>
      </trkpt>
      <trkpt lat="48.719733562320471" lon="-121.07613709755242">
        <ele>425.51999999999998</ele>
        <time>2025-08-01T19:57:02Z</time>
      </trkpt>
      <trkpt lat="48.719687964767218" lon="-121.07629819773138">
        <ele>426.48000000000002</ele>
        <time>2025-08-01T19:57:11Z</time>
      </trkpt>
      <trkpt lat="48.719545975327492" lon="-121.07662341557443">
        <ele>425.51999999999998</ele>
        <time>2025-08-01T19:57:30Z</time>
      </trkpt>
      <trkpt lat="48.719421839341521" lon="-121.07691552489996">
        <ele>425.51999999999998</ele>
        <time>2025-08-01T19:57:48Z</time>
      </trkpt>
      <trkpt lat="48.71938806027174" lon="-121.07700663618743">
        <ele>424.56</ele>
        <time>2025-08-01T19:57:54Z</time>
      </trkpt>
      <trkpt lat="48.719289740547538" lon="-121.07720570638776">
        <ele>424.07999999999998</ele>
        <time>2025-08-01T19:58:08Z</time>
      </trkpt>
      <trkpt lat="48.71919309720397" lon="-121.07750091701746">
        <ele>424.07999999999998</ele>
        <time>2025-08-01T19:58:23Z</time>
      </trkpt>
      <trkpt lat="48.71908999979496" lon="-121.0778789408505">
        <ele>423.60000000000002</ele>
        <time>2025-08-01T19:58:39Z</time>
      </trkpt>
      <trkpt lat="48.718959325924516" lon="-121.0781619977206">
        <ele>423.12</ele>
        <time>2025-08-01T19:58:54Z</time>
      </trkpt>
      <trkpt lat="48.718840554356575" lon="-121.07846131548285">
        <ele>423.12</ele>
        <time>2025-08-01T19:59:09Z</time>
      </trkpt>
      <trkpt lat="48.718767296522856" lon="-121.0787249263376">
        <ele>422.63999999999999</ele>
        <time>2025-08-01T19:59:25Z</time>
      </trkpt>
      <trkpt lat="48.718681884929538" lon="-121.07899432070553">
        <ele>422.16000000000003</ele>
        <time>2025-08-01T19:59:42Z</time>
      </trkpt>
      <trkpt lat="48.718661433085799" lon="-121.07903639785945">
        <ele>421.68000000000001</ele>
        <time>2025-08-01T19:59:45Z</time>
      </trkpt>
      <trkpt lat="48.718636957928538" lon="-121.07906573452055">
        <ele>421.68000000000001</ele>
        <time>2025-08-01T19:59:48Z</time>
      </trkpt>
      <trkpt lat="48.718607621267438" lon="-121.07912248000503">
        <ele>421.68000000000001</ele>
        <time>2025-08-01T19:59:52Z</time>
      </trkpt>
      <trkpt lat="48.718517599627376" lon="-121.07941098511219">
        <ele>421.68000000000001</ele>
        <time>2025-08-01T20:00:09Z</time>
      </trkpt>
      <trkpt lat="48.718499075621367" lon="-121.07945482246578">
        <ele>420.23000000000002</ele>
        <time>2025-08-01T20:00:12Z</time>
      </trkpt>
      <trkpt lat="48.718378376215696" lon="-121.07965934090316">
        <ele>419.75</ele>
        <time>2025-08-01T20:00:27Z</time>
      </trkpt>
      <trkpt lat="48.718252396211028" lon="-121.07989587821066">
        <ele>419.26999999999998</ele>
        <time>2025-08-01T20:00:43Z</time>
      </trkpt>
      <trkpt lat="48.718106802552938" lon="-121.08012286014855">
        <ele>418.79000000000002</ele>
        <time>2025-08-01T20:00:59Z</time>
      </trkpt>
      <trkpt lat="48.718065144494176" lon="-121.08027624897659">
        <ele>418.79000000000002</ele>
        <time>2025-08-01T20:01:08Z</time>
      </trkpt>
      <trkpt lat="48.717946205288172" lon="-121.08050314709544">
        <ele>418.31</ele>
        <time>2025-08-01T20:01:23Z</time>
      </trkpt>
      <trkpt lat="48.717900607734919" lon="-121.0806280374527">
        <ele>417.35000000000002</ele>
        <time>2025-08-01T20:01:31Z</time>
      </trkpt>
      <trkpt lat="48.717726347967982" lon="-121.08082358725369">
        <ele>417.35000000000002</ele>
        <time>2025-08-01T20:01:49Z</time>
      </trkpt>
      <trkpt lat="48.717568768188357" lon="-121.08109910041094">
        <ele>416.38999999999999</ele>
        <time>2025-08-01T20:02:06Z</time>
      </trkpt>
      <trkpt lat="48.717365758493543" lon="-121.08133831992745">
        <ele>415.43000000000001</ele>
        <time>2025-08-01T20:02:26Z</time>
      </trkpt>
      <trkpt lat="48.717201305553317" lon="-121.0816397331655">
        <ele>416.38999999999999</ele>
        <time>2025-08-01T20:02:45Z</time>
      </trkpt>
      <trkpt lat="48.717148080468178" lon="-121.08172589913011">
        <ele>417.35000000000002</ele>
        <time>2025-08-01T20:02:50Z</time>
      </trkpt>
      <trkpt lat="48.717114385217428" lon="-121.08176973648369">
        <ele>415.91000000000003</ele>
        <time>2025-08-01T20:02:53Z</time>
      </trkpt>
      <trkpt lat="48.716971892863512" lon="-121.08198967762291">
        <ele>413.98000000000002</ele>
        <time>2025-08-01T20:03:09Z</time>
      </trkpt>
      <trkpt lat="48.716940376907587" lon="-121.08206419274211">
        <ele>413.98000000000002</ele>
        <time>2025-08-01T20:03:14Z</time>
      </trkpt>
      <trkpt lat="48.716926798224449" lon="-121.08208254911005">
        <ele>413.5</ele>
        <time>2025-08-01T20:03:16Z</time>
      </trkpt>
      <trkpt lat="48.716894276440144" lon="-121.08211875893176">
        <ele>413.5</ele>
        <time>2025-08-01T20:03:20Z</time>
      </trkpt>
      <trkpt lat="48.716879272833467" lon="-121.08214482665062">
        <ele>415.43000000000001</ele>
        <time>2025-08-01T20:03:22Z</time>
      </trkpt>
      <trkpt lat="48.716869046911597" lon="-121.08218438923359">
        <ele>415.91000000000003</ele>
        <time>2025-08-01T20:03:25Z</time>
      </trkpt>
      <trkpt lat="48.716832669451833" lon="-121.08234364539385">
        <ele>413.5</ele>
        <time>2025-08-01T20:03:37Z</time>
      </trkpt>
      <trkpt lat="48.716821689158678" lon="-121.08236485160887">
        <ele>413.5</ele>
        <time>2025-08-01T20:03:39Z</time>
      </trkpt>
      <trkpt lat="48.716687494888902" lon="-121.08251078054309">
        <ele>414.47000000000003</ele>
        <time>2025-08-01T20:03:53Z</time>
      </trkpt>
      <trkpt lat="48.716618344187737" lon="-121.08259367756546">
        <ele>413.01999999999998</ele>
        <time>2025-08-01T20:04:01Z</time>
      </trkpt>
      <trkpt lat="48.716519940644503" lon="-121.08268747106194">
        <ele>413.01999999999998</ele>
        <time>2025-08-01T20:04:13Z</time>
      </trkpt>
      <trkpt lat="48.71650611050427" lon="-121.08270674943924">
        <ele>412.54000000000002</ele>
        <time>2025-08-01T20:04:15Z</time>
      </trkpt>
      <trkpt lat="48.716440228745341" lon="-121.08284069225192">
        <ele>412.54000000000002</ele>
        <time>2025-08-01T20:04:25Z</time>
      </trkpt>
      <trkpt lat="48.716415418311954" lon="-121.0828691907227">
        <ele>412.06</ele>
        <time>2025-08-01T20:04:28Z</time>
      </trkpt>
      <trkpt lat="48.71626228094101" lon="-121.08299156650901">
        <ele>413.01999999999998</ele>
        <time>2025-08-01T20:04:42Z</time>
      </trkpt>
      <trkpt lat="48.716210061684251" lon="-121.08304169028997">
        <ele>411.10000000000002</ele>
        <time>2025-08-01T20:04:47Z</time>
      </trkpt>
      <trkpt lat="48.716143174096942" lon="-121.08306155540049">
        <ele>412.54000000000002</ele>
        <time>2025-08-01T20:04:52Z</time>
      </trkpt>
      <trkpt lat="48.716083411127329" lon="-121.08306566253304">
        <ele>411.10000000000002</ele>
        <time>2025-08-01T20:04:56Z</time>
      </trkpt>
      <trkpt lat="48.71602775529027" lon="-121.08309650793672">
        <ele>412.54000000000002</ele>
        <time>2025-08-01T20:05:01Z</time>
      </trkpt>
      <trkpt lat="48.716019038110971" lon="-121.08310472220182">
        <ele>412.54000000000002</ele>
        <time>2025-08-01T20:05:02Z</time>
      </trkpt>
      <trkpt lat="48.715915689244866" lon="-121.08321695588529">
        <ele>410.62</ele>
        <time>2025-08-01T20:05:14Z</time>
      </trkpt>
      <trkpt lat="48.715808819979429" lon="-121.08329205773771">
        <ele>410.13999999999999</ele>
        <time>2025-08-01T20:05:28Z</time>
      </trkpt>
      <trkpt lat="48.715716283768415" lon="-121.08333296142519">
        <ele>409.66000000000003</ele>
        <time>2025-08-01T20:05:38Z</time>
      </trkpt>
      <trkpt lat="48.715558536350727" lon="-121.08349389396608">
        <ele>410.62</ele>
        <time>2025-08-01T20:05:54Z</time>
      </trkpt>
      <trkpt lat="48.715378241613507" lon="-121.08359506353736">
        <ele>410.13999999999999</ele>
        <time>2025-08-01T20:06:10Z</time>
      </trkpt>
      <trkpt lat="48.715197360143065" lon="-121.08369237743318">
        <ele>409.66000000000003</ele>
        <time>2025-08-01T20:06:25Z</time>
      </trkpt>
      <trkpt lat="48.715129466727376" lon="-121.08372615650296">
        <ele>409.66000000000003</ele>
        <time>2025-08-01T20:06:31Z</time>
      </trkpt>
      <trkpt lat="48.71497574262321" lon="-121.08380762860179">
        <ele>409.66000000000003</ele>
        <time>2025-08-01T20:06:45Z</time>
      </trkpt>
      <trkpt lat="48.714911788702011" lon="-121.08386864885688">
        <ele>409.18000000000001</ele>
        <time>2025-08-01T20:06:52Z</time>
      </trkpt>
      <trkpt lat="48.714751610532403" lon="-121.08394643291831">
        <ele>409.18000000000001</ele>
        <time>2025-08-01T20:07:06Z</time>
      </trkpt>
      <trkpt lat="48.714597970247269" lon="-121.08409537933767">
        <ele>408.69999999999999</ele>
        <time>2025-08-01T20:07:20Z</time>
      </trkpt>
      <trkpt lat="48.714418932795525" lon="-121.08430023305118">
        <ele>408.69999999999999</ele>
        <time>2025-08-01T20:07:37Z</time>
      </trkpt>
      <trkpt lat="48.714282056316733" lon="-121.08443945646286">
        <ele>407.25999999999999</ele>
        <time>2025-08-01T20:07:49Z</time>
      </trkpt>
      <trkpt lat="48.714047698304057" lon="-121.08462318778038">
        <ele>406.76999999999998</ele>
        <time>2025-08-01T20:08:10Z</time>
      </trkpt>
      <trkpt lat="48.713893052190542" lon="-121.08475964516401">
        <ele>406.76999999999998</ele>
        <time>2025-08-01T20:08:26Z</time>
      </trkpt>
      <trkpt lat="48.713720804080367" lon="-121.08488135039806">
        <ele>406.29000000000002</ele>
        <time>2025-08-01T20:08:43Z</time>
      </trkpt>
      <trkpt lat="48.713561045005918" lon="-121.08501101844013">
        <ele>405.81</ele>
        <time>2025-08-01T20:08:58Z</time>
      </trkpt>
      <trkpt lat="48.713528942316771" lon="-121.0850299615413">
        <ele>405.81</ele>
        <time>2025-08-01T20:09:01Z</time>
      </trkpt>
      <trkpt lat="48.713463898748159" lon="-121.08508603647351">
        <ele>405.81</ele>
        <time>2025-08-01T20:09:07Z</time>
      </trkpt>
      <trkpt lat="48.713315203785896" lon="-121.08516491018236">
        <ele>405.32999999999998</ele>
        <time>2025-08-01T20:09:20Z</time>
      </trkpt>
      <trkpt lat="48.713215542957187" lon="-121.08522324822843">
        <ele>405.32999999999998</ele>
        <time>2025-08-01T20:09:29Z</time>
      </trkpt>
      <trkpt lat="48.713167179375887" lon="-121.08526515774429">
        <ele>405.32999999999998</ele>
        <time>2025-08-01T20:09:33Z</time>
      </trkpt>
      <trkpt lat="48.713033488020301" lon="-121.08536431565881">
        <ele>404.85000000000002</ele>
        <time>2025-08-01T20:09:45Z</time>
      </trkpt>
      <trkpt lat="48.712945645675063" lon="-121.08542717993259">
        <ele>404.85000000000002</ele>
        <time>2025-08-01T20:09:53Z</time>
      </trkpt>
      <trkpt lat="48.712752191349864" lon="-121.08553631231189">
        <ele>405.81</ele>
        <time>2025-08-01T20:10:09Z</time>
      </trkpt>
      <trkpt lat="48.712532334029675" lon="-121.08569347299635">
        <ele>405.32999999999998</ele>
        <time>2025-08-01T20:10:27Z</time>
      </trkpt>
      <trkpt lat="48.712490173056722" lon="-121.08571484684944">
        <ele>405.81</ele>
        <time>2025-08-01T20:10:31Z</time>
      </trkpt>
      <trkpt lat="48.712331419810653" lon="-121.08571903780103">
        <ele>405.81</ele>
        <time>2025-08-01T20:10:42Z</time>
      </trkpt>
      <trkpt lat="48.712262688204646" lon="-121.08577041886747">
        <ele>405.32999999999998</ele>
        <time>2025-08-01T20:10:47Z</time>
      </trkpt>
      <trkpt lat="48.712056493386626" lon="-121.08596663922071">
        <ele>403.88999999999999</ele>
        <time>2025-08-01T20:11:04Z</time>
      </trkpt>
      <trkpt lat="48.712045010179281" lon="-121.08597619459033">
        <ele>403.88999999999999</ele>
        <time>2025-08-01T20:11:05Z</time>
      </trkpt>
      <trkpt lat="48.712001256644726" lon="-121.08601240441203">
        <ele>403.88999999999999</ele>
        <time>2025-08-01T20:11:09Z</time>
      </trkpt>
      <trkpt lat="48.711979882791638" lon="-121.08603218570352">
        <ele>403.88999999999999</ele>
        <time>2025-08-01T20:11:11Z</time>
      </trkpt>
      <trkpt lat="48.711859099566936" lon="-121.0862887557596">
        <ele>403.41000000000003</ele>
        <time>2025-08-01T20:11:26Z</time>
      </trkpt>
      <trkpt lat="48.71183043345809" lon="-121.08633468858898">
        <ele>402.93000000000001</ele>
        <time>2025-08-01T20:11:29Z</time>
      </trkpt>
      <trkpt lat="48.711708895862103" lon="-121.08648765832186">
        <ele>402.44999999999999</ele>
        <time>2025-08-01T20:11:41Z</time>
      </trkpt>
      <trkpt lat="48.711678888648748" lon="-121.08681689947844">
        <ele>401.49000000000001</ele>
        <time>2025-08-01T20:11:59Z</time>
      </trkpt>
      <trkpt lat="48.711720546707511" lon="-121.08712024055421">
        <ele>401.49000000000001</ele>
        <time>2025-08-01T20:12:14Z</time>
      </trkpt>
      <trkpt lat="48.711724653840065" lon="-121.08748074620962">
        <ele>401.00999999999999</ele>
        <time>2025-08-01T20:12:31Z</time>
      </trkpt>
      <trkpt lat="48.711831690743566" lon="-121.087835887447">
        <ele>401.00999999999999</ele>
        <time>2025-08-01T20:12:49Z</time>
      </trkpt>
      <trkpt lat="48.711840659379959" lon="-121.08818734064698">
        <ele>401.97000000000003</ele>
        <time>2025-08-01T20:13:05Z</time>
      </trkpt>
      <trkpt lat="48.71187929995358" lon="-121.08852437697351">
        <ele>401.97000000000003</ele>
        <time>2025-08-01T20:13:21Z</time>
      </trkpt>
      <trkpt lat="48.711878042668104" lon="-121.08889846131206">
        <ele>401.49000000000001</ele>
        <time>2025-08-01T20:13:37Z</time>
      </trkpt>
      <trkpt lat="48.711996227502823" lon="-121.08924119733274">
        <ele>401.00999999999999</ele>
        <time>2025-08-01T20:13:54Z</time>
      </trkpt>
      <trkpt lat="48.712014835327864" lon="-121.08940581791103">
        <ele>399.56999999999999</ele>
        <time>2025-08-01T20:14:03Z</time>
      </trkpt>
      <trkpt lat="48.712062025442719" lon="-121.08965065330267">
        <ele>401.00999999999999</ele>
        <time>2025-08-01T20:14:18Z</time>
      </trkpt>
      <trkpt lat="48.712078956887126" lon="-121.08969340100884">
        <ele>401.00999999999999</ele>
        <time>2025-08-01T20:14:21Z</time>
      </trkpt>
      <trkpt lat="48.712082393467426" lon="-121.08971921727061">
        <ele>400.05000000000001</ele>
        <time>2025-08-01T20:14:23Z</time>
      </trkpt>
      <trkpt lat="48.712064623832703" lon="-121.08998727053404">
        <ele>399.56999999999999</ele>
        <time>2025-08-01T20:14:38Z</time>
      </trkpt>
      <trkpt lat="48.712072670459747" lon="-121.09029790386558">
        <ele>401.00999999999999</ele>
        <time>2025-08-01T20:14:54Z</time>
      </trkpt>
      <trkpt lat="48.712101252749562" lon="-121.09052689746022">
        <ele>400.52999999999997</ele>
        <time>2025-08-01T20:15:08Z</time>
      </trkpt>
      <trkpt lat="48.712149448692799" lon="-121.09078824520111">
        <ele>399.07999999999998</ele>
        <time>2025-08-01T20:15:22Z</time>
      </trkpt>
      <trkpt lat="48.712159339338541" lon="-121.0908542945981">
        <ele>399.07999999999998</ele>
        <time>2025-08-01T20:15:26Z</time>
      </trkpt>
      <trkpt lat="48.712261766195297" lon="-121.09117004089057">
        <ele>400.05000000000001</ele>
        <time>2025-08-01T20:15:44Z</time>
      </trkpt>
      <trkpt lat="48.712256234139204" lon="-121.09137112274766">
        <ele>398.12</ele>
        <time>2025-08-01T20:15:54Z</time>
      </trkpt>
      <trkpt lat="48.712307447567582" lon="-121.09165283851326">
        <ele>398.12</ele>
        <time>2025-08-01T20:16:10Z</time>
      </trkpt>
      <trkpt lat="48.712323289364576" lon="-121.09181880019605">
        <ele>397.16000000000003</ele>
        <time>2025-08-01T20:16:22Z</time>
      </trkpt>
      <trkpt lat="48.712294539436698" lon="-121.09195022843778">
        <ele>398.60000000000002</ele>
        <time>2025-08-01T20:16:31Z</time>
      </trkpt>
      <trkpt lat="48.712293868884444" lon="-121.09217251650989">
        <ele>396.68000000000001</ele>
        <time>2025-08-01T20:16:48Z</time>
      </trkpt>
      <trkpt lat="48.71229805983603" lon="-121.09221207909286">
        <ele>398.12</ele>
        <time>2025-08-01T20:16:51Z</time>
      </trkpt>
      <trkpt lat="48.71230979450047" lon="-121.09235708601773">
        <ele>398.60000000000002</ele>
        <time>2025-08-01T20:17:02Z</time>
      </trkpt>
      <trkpt lat="48.712394032627344" lon="-121.09257602132857">
        <ele>398.60000000000002</ele>
        <time>2025-08-01T20:17:18Z</time>
      </trkpt>
      <trkpt lat="48.712358577176929" lon="-121.09284784644842">
        <ele>396.68000000000001</ele>
        <time>2025-08-01T20:17:34Z</time>
      </trkpt>
      <trkpt lat="48.712358409538865" lon="-121.09287491999567">
        <ele>398.12</ele>
        <time>2025-08-01T20:17:36Z</time>
      </trkpt>
      <trkpt lat="48.712354637682438" lon="-121.09290048480034">
        <ele>396.68000000000001</ele>
        <time>2025-08-01T20:17:38Z</time>
      </trkpt>
      <trkpt lat="48.712337203323841" lon="-121.09310433268547">
        <ele>396.68000000000001</ele>
        <time>2025-08-01T20:17:52Z</time>
      </trkpt>
      <trkpt lat="48.712365115061402" lon="-121.09328663907945">
        <ele>397.16000000000003</ele>
        <time>2025-08-01T20:18:07Z</time>
      </trkpt>
      <trkpt lat="48.712369306012988" lon="-121.09335226938128">
        <ele>396.19999999999999</ele>
        <time>2025-08-01T20:18:12Z</time>
      </trkpt>
      <trkpt lat="48.712366372346878" lon="-121.09369106590748">
        <ele>396.19999999999999</ele>
        <time>2025-08-01T20:18:32Z</time>
      </trkpt>
      <trkpt lat="48.712368803098798" lon="-121.09375820495188">
        <ele>395.72000000000003</ele>
        <time>2025-08-01T20:18:36Z</time>
      </trkpt>
      <trkpt lat="48.712368635460734" lon="-121.09382794238627">
        <ele>395.72000000000003</ele>
        <time>2025-08-01T20:18:41Z</time>
      </trkpt>
      <trkpt lat="48.712407108396292" lon="-121.09407403506339">
        <ele>396.68000000000001</ele>
        <time>2025-08-01T20:18:57Z</time>
      </trkpt>
      <trkpt lat="48.712426051497459" lon="-121.09415575861931">
        <ele>395.24000000000001</ele>
        <time>2025-08-01T20:19:02Z</time>
      </trkpt>
      <trkpt lat="48.712483802810311" lon="-121.09441542997956">
        <ele>395.24000000000001</ele>
        <time>2025-08-01T20:19:18Z</time>
      </trkpt>
      <trkpt lat="48.712474582716823" lon="-121.09471835196018">
        <ele>394.75999999999999</ele>
        <time>2025-08-01T20:19:35Z</time>
      </trkpt>
      <trkpt lat="48.712485646829009" lon="-121.0949972178787">
        <ele>395.72000000000003</ele>
        <time>2025-08-01T20:19:50Z</time>
      </trkpt>
      <trkpt lat="48.71248179115355" lon="-121.09523266553879">
        <ele>395.24000000000001</ele>
        <time>2025-08-01T20:20:05Z</time>
      </trkpt>
      <trkpt lat="48.712522275745869" lon="-121.09555696137249">
        <ele>393.80000000000001</ele>
        <time>2025-08-01T20:20:25Z</time>
      </trkpt>
      <trkpt lat="48.712521605193615" lon="-121.09573851339519">
        <ele>394.75999999999999</ele>
        <time>2025-08-01T20:20:35Z</time>
      </trkpt>
      <trkpt lat="48.712530070915818" lon="-121.09602651558816">
        <ele>394.27999999999997</ele>
        <time>2025-08-01T20:20:54Z</time>
      </trkpt>
      <trkpt lat="48.712536692619324" lon="-121.09610337764025">
        <ele>394.27999999999997</ele>
        <time>2025-08-01T20:20:59Z</time>
      </trkpt>
      <trkpt lat="48.7125189229846" lon="-121.09623673371971">
        <ele>394.27999999999997</ele>
        <time>2025-08-01T20:21:08Z</time>
      </trkpt>
      <trkpt lat="48.712540045380592" lon="-121.09653336927295">
        <ele>392.36000000000001</ele>
        <time>2025-08-01T20:21:28Z</time>
      </trkpt>
      <trkpt lat="48.712532082572579" lon="-121.09677686356008">
        <ele>393.31999999999999</ele>
        <time>2025-08-01T20:21:44Z</time>
      </trkpt>
      <trkpt lat="48.712528394535184" lon="-121.09690460376441">
        <ele>393.80000000000001</ele>
        <time>2025-08-01T20:21:54Z</time>
      </trkpt>
      <trkpt lat="48.712531914934516" lon="-121.09692974947393">
        <ele>392.36000000000001</ele>
        <time>2025-08-01T20:21:56Z</time>
      </trkpt>
      <trkpt lat="48.712530741468072" lon="-121.0969724971801">
        <ele>391.38999999999999</ele>
        <time>2025-08-01T20:21:59Z</time>
      </trkpt>
      <trkpt lat="48.712511882185936" lon="-121.09707970172167">
        <ele>392.83999999999997</ele>
        <time>2025-08-01T20:22:05Z</time>
      </trkpt>
      <trkpt lat="48.712506098672748" lon="-121.09731330536306">
        <ele>392.36000000000001</ele>
        <time>2025-08-01T20:22:24Z</time>
      </trkpt>
      <trkpt lat="48.712500482797623" lon="-121.09755084849894">
        <ele>392.36000000000001</ele>
        <time>2025-08-01T20:22:42Z</time>
      </trkpt>
      <trkpt lat="48.712497632950544" lon="-121.09774698503315">
        <ele>392.36000000000001</ele>
        <time>2025-08-01T20:22:59Z</time>
      </trkpt>
      <trkpt lat="48.712534513324499" lon="-121.09794647432864">
        <ele>391.87</ele>
        <time>2025-08-01T20:23:16Z</time>
      </trkpt>
      <trkpt lat="48.712550858035684" lon="-121.09820002689958">
        <ele>391.87</ele>
        <time>2025-08-01T20:23:33Z</time>
      </trkpt>
      <trkpt lat="48.712554797530174" lon="-121.09841904602945">
        <ele>391.38999999999999</ele>
        <time>2025-08-01T20:23:48Z</time>
      </trkpt>
      <trkpt lat="48.712581200525165" lon="-121.0987030249089">
        <ele>389.94999999999999</ele>
        <time>2025-08-01T20:24:04Z</time>
      </trkpt>
      <trkpt lat="48.712580949068069" lon="-121.09873856417835">
        <ele>389.94999999999999</ele>
        <time>2025-08-01T20:24:06Z</time>
      </trkpt>
      <trkpt lat="48.712594276294112" lon="-121.09881157055497">
        <ele>389.94999999999999</ele>
        <time>2025-08-01T20:24:10Z</time>
      </trkpt>
      <trkpt lat="48.712574914097786" lon="-121.09907819889486">
        <ele>389.47000000000003</ele>
        <time>2025-08-01T20:24:28Z</time>
      </trkpt>
      <trkpt lat="48.712557982653379" lon="-121.09934004954994">
        <ele>389.47000000000003</ele>
        <time>2025-08-01T20:24:44Z</time>
      </trkpt>
      <trkpt lat="48.712545996531844" lon="-121.09954666346312">
        <ele>388.50999999999999</ele>
        <time>2025-08-01T20:24:56Z</time>
      </trkpt>
      <trkpt lat="48.7125638499856" lon="-121.09975696541369">
        <ele>389.47000000000003</ele>
        <time>2025-08-01T20:25:09Z</time>
      </trkpt>
      <trkpt lat="48.712584050372243" lon="-121.09989744611084">
        <ele>388.50999999999999</ele>
        <time>2025-08-01T20:25:18Z</time>
      </trkpt>
      <trkpt lat="48.712574746459723" lon="-121.09995922073722">
        <ele>388.50999999999999</ele>
        <time>2025-08-01T20:25:22Z</time>
      </trkpt>
      <trkpt lat="48.712522443383932" lon="-121.10016097314656">
        <ele>387.55000000000001</ele>
        <time>2025-08-01T20:25:37Z</time>
      </trkpt>
      <trkpt lat="48.712534932419658" lon="-121.10036079771817">
        <ele>388.99000000000001</ele>
        <time>2025-08-01T20:25:54Z</time>
      </trkpt>
      <trkpt lat="48.712535183876753" lon="-121.10038694925606">
        <ele>387.55000000000001</ele>
        <time>2025-08-01T20:25:56Z</time>
      </trkpt>
      <trkpt lat="48.712531663477421" lon="-121.10042290762067">
        <ele>388.99000000000001</ele>
        <time>2025-08-01T20:25:59Z</time>
      </trkpt>
      <trkpt lat="48.712532669305801" lon="-121.10049507580698">
        <ele>389.47000000000003</ele>
        <time>2025-08-01T20:26:04Z</time>
      </trkpt>
      <trkpt lat="48.712563598528504" lon="-121.10059289261699">
        <ele>388.02999999999997</ele>
        <time>2025-08-01T20:26:12Z</time>
      </trkpt>
      <trkpt lat="48.712543565779924" lon="-121.10080738551915">
        <ele>388.50999999999999</ele>
        <time>2025-08-01T20:26:30Z</time>
      </trkpt>
      <trkpt lat="48.712541051208973" lon="-121.10082766972482">
        <ele>386.58999999999997</ele>
        <time>2025-08-01T20:26:33Z</time>
      </trkpt>
      <trkpt lat="48.712492017075419" lon="-121.10096622258425">
        <ele>387.55000000000001</ele>
        <time>2025-08-01T20:26:49Z</time>
      </trkpt>
      <trkpt lat="48.712530070915818" lon="-121.10112464055419">
        <ele>388.99000000000001</ele>
        <time>2025-08-01T20:27:09Z</time>
      </trkpt>
      <trkpt lat="48.712548762559891" lon="-121.10126537270844">
        <ele>385.63</ele>
        <time>2025-08-01T20:27:22Z</time>
      </trkpt>
      <trkpt lat="48.712544655427337" lon="-121.10127442516387">
        <ele>385.63</ele>
        <time>2025-08-01T20:27:23Z</time>
      </trkpt>
      <trkpt lat="48.712534178048372" lon="-121.10129026696086">
        <ele>387.06999999999999</ele>
        <time>2025-08-01T20:27:25Z</time>
      </trkpt>
      <trkpt lat="48.712526885792613" lon="-121.10146393999457">
        <ele>387.55000000000001</ele>
        <time>2025-08-01T20:27:41Z</time>
      </trkpt>
      <trkpt lat="48.712543398141861" lon="-121.1015607509762">
        <ele>387.06999999999999</ele>
        <time>2025-08-01T20:27:48Z</time>
      </trkpt>
      <trkpt lat="48.712536441162229" lon="-121.10161380842328">
        <ele>385.14999999999998</ele>
        <time>2025-08-01T20:27:52Z</time>
      </trkpt>
      <trkpt lat="48.712533842772245" lon="-121.10172796994448">
        <ele>387.55000000000001</ele>
        <time>2025-08-01T20:28:02Z</time>
      </trkpt>
      <trkpt lat="48.712567705661058" lon="-121.10188747756183">
        <ele>385.63</ele>
        <time>2025-08-01T20:28:13Z</time>
      </trkpt>
      <trkpt lat="48.712514648213983" lon="-121.10202133655548">
        <ele>386.58999999999997</ele>
        <time>2025-08-01T20:28:29Z</time>
      </trkpt>
      <trkpt lat="48.712504589930177" lon="-121.10204497352242">
        <ele>386.58999999999997</ele>
        <time>2025-08-01T20:28:32Z</time>
      </trkpt>
      <trkpt lat="48.71247885748744" lon="-121.10214714892209">
        <ele>387.06999999999999</ele>
        <time>2025-08-01T20:28:41Z</time>
      </trkpt>
      <trkpt lat="48.712466703727841" lon="-121.10231855884194">
        <ele>386.58999999999997</ele>
        <time>2025-08-01T20:28:56Z</time>
      </trkpt>
      <trkpt lat="48.71244709007442" lon="-121.10239282250404">
        <ele>386.58999999999997</ele>
        <time>2025-08-01T20:29:03Z</time>
      </trkpt>
      <trkpt lat="48.712434014305472" lon="-121.10244604758918">
        <ele>385.14999999999998</ele>
        <time>2025-08-01T20:29:07Z</time>
      </trkpt>
      <trkpt lat="48.712385483086109" lon="-121.10251301899552">
        <ele>386.58999999999997</ele>
        <time>2025-08-01T20:29:14Z</time>
      </trkpt>
      <trkpt lat="48.712346004322171" lon="-121.1026559304446">
        <ele>386.58999999999997</ele>
        <time>2025-08-01T20:29:28Z</time>
      </trkpt>
      <trkpt lat="48.712333012372255" lon="-121.10272474586964">
        <ele>385.63</ele>
        <time>2025-08-01T20:29:34Z</time>
      </trkpt>
      <trkpt lat="48.712311219424009" lon="-121.10287008807063">
        <ele>385.14999999999998</ele>
        <time>2025-08-01T20:29:46Z</time>
      </trkpt>
      <trkpt lat="48.712311638519168" lon="-121.10308801755309">
        <ele>384.66000000000003</ele>
        <time>2025-08-01T20:30:02Z</time>
      </trkpt>
      <trkpt lat="48.712272243574262" lon="-121.10325548797846">
        <ele>385.63</ele>
        <time>2025-08-01T20:30:17Z</time>
      </trkpt>
      <trkpt lat="48.712260760366917" lon="-121.10331885516644">
        <ele>385.63</ele>
        <time>2025-08-01T20:30:22Z</time>
      </trkpt>
      <trkpt lat="48.712195716798306" lon="-121.10349286347628">
        <ele>385.63</ele>
        <time>2025-08-01T20:30:35Z</time>
      </trkpt>
      <trkpt lat="48.712126398459077" lon="-121.10353276133537">
        <ele>385.63</ele>
        <time>2025-08-01T20:30:42Z</time>
      </trkpt>
      <trkpt lat="48.712034616619349" lon="-121.1035933624953">
        <ele>387.06999999999999</ele>
        <time>2025-08-01T20:30:52Z</time>
      </trkpt>
      <trkpt lat="48.711906457319856" lon="-121.10364214517176">
        <ele>386.58999999999997</ele>
        <time>2025-08-01T20:31:05Z</time>
      </trkpt>
      <trkpt lat="48.711897907778621" lon="-121.10364524647593">
        <ele>386.58999999999997</ele>
        <time>2025-08-01T20:31:06Z</time>
      </trkpt>
      <trkpt lat="48.711872342973948" lon="-121.10365111380816">
        <ele>386.58999999999997</ele>
        <time>2025-08-01T20:31:09Z</time>
      </trkpt>
      <trkpt lat="48.711785254999995" lon="-121.10370081849396">
        <ele>386.58999999999997</ele>
        <time>2025-08-01T20:31:17Z</time>
      </trkpt>
      <trkpt lat="48.711634045466781" lon="-121.10378421843052">
        <ele>386.11000000000001</ele>
        <time>2025-08-01T20:31:31Z</time>
      </trkpt>
      <trkpt lat="48.711573947221041" lon="-121.10380291007459">
        <ele>386.11000000000001</ele>
        <time>2025-08-01T20:31:36Z</time>
      </trkpt>
      <trkpt lat="48.711474454030395" lon="-121.10386007465422">
        <ele>384.66000000000003</ele>
        <time>2025-08-01T20:31:44Z</time>
      </trkpt>
      <trkpt lat="48.711320227012038" lon="-121.10398278571665">
        <ele>385.63</ele>
        <time>2025-08-01T20:31:58Z</time>
      </trkpt>
      <trkpt lat="48.711307151243091" lon="-121.10399192199111">
        <ele>385.63</ele>
        <time>2025-08-01T20:31:59Z</time>
      </trkpt>
      <trkpt lat="48.711148230358958" lon="-121.10407305881381">
        <ele>385.63</ele>
        <time>2025-08-01T20:32:14Z</time>
      </trkpt>
      <trkpt lat="48.710971288383007" lon="-121.10407616011798">
        <ele>385.63</ele>
        <time>2025-08-01T20:32:28Z</time>
      </trkpt>
      <trkpt lat="48.710761908441782" lon="-121.10403844155371">
        <ele>386.11000000000001</ele>
        <time>2025-08-01T20:32:42Z</time>
      </trkpt>
      <trkpt lat="48.710535429418087" lon="-121.10391455702484">
        <ele>386.58999999999997</ele>
        <time>2025-08-01T20:32:58Z</time>
      </trkpt>
      <trkpt lat="48.710383716970682" lon="-121.10394196584821">
        <ele>386.58999999999997</ele>
        <time>2025-08-01T20:33:08Z</time>
      </trkpt>
      <trkpt lat="48.710126727819443" lon="-121.10377575270832">
        <ele>387.06999999999999</ele>
        <time>2025-08-01T20:33:26Z</time>
      </trkpt>
      <trkpt lat="48.709900500252843" lon="-121.10359101556242">
        <ele>387.06999999999999</ele>
        <time>2025-08-01T20:33:40Z</time>
      </trkpt>
      <trkpt lat="48.709697909653187" lon="-121.1034035962075">
        <ele>387.55000000000001</ele>
        <time>2025-08-01T20:33:55Z</time>
      </trkpt>
      <trkpt lat="48.709488613530993" lon="-121.10329781658947">
        <ele>387.06999999999999</ele>
        <time>2025-08-01T20:34:11Z</time>
      </trkpt>
      <trkpt lat="48.709265487268567" lon="-121.1032172665">
        <ele>388.02999999999997</ele>
        <time>2025-08-01T20:34:25Z</time>
      </trkpt>
      <trkpt lat="48.709222823381424" lon="-121.10319723375142">
        <ele>387.55000000000001</ele>
        <time>2025-08-01T20:34:31Z</time>
      </trkpt>
      <trkpt lat="48.709200778976083" lon="-121.10317443497479">
        <ele>388.50999999999999</ele>
        <time>2025-08-01T20:34:36Z</time>
      </trkpt>
      <trkpt lat="48.709171945229173" lon="-121.10311123542488">
        <ele>388.50999999999999</ele>
        <time>2025-08-01T20:34:43Z</time>
      </trkpt>
      <trkpt lat="48.709074296057224" lon="-121.10300151631236">
        <ele>387.06999999999999</ele>
        <time>2025-08-01T20:34:53Z</time>
      </trkpt>
      <trkpt lat="48.708832645788789" lon="-121.10289338976145">
        <ele>388.02999999999997</ele>
        <time>2025-08-01T20:35:06Z</time>
      </trkpt>
      <trkpt lat="48.708745138719678" lon="-121.10288173891604">
        <ele>386.58999999999997</ele>
        <time>2025-08-01T20:35:11Z</time>
      </trkpt>
      <trkpt lat="48.708496782928705" lon="-121.10281066037714">
        <ele>386.11000000000001</ele>
        <time>2025-08-01T20:35:28Z</time>
      </trkpt>
      <trkpt lat="48.708260664716363" lon="-121.10265375114977">
        <ele>386.11000000000001</ele>
        <time>2025-08-01T20:35:45Z</time>
      </trkpt>
      <trkpt lat="48.708075089380145" lon="-121.10257655382156">
        <ele>387.55000000000001</ele>
        <time>2025-08-01T20:35:57Z</time>
      </trkpt>
      <trkpt lat="48.707929328083992" lon="-121.10251670703292">
        <ele>385.14999999999998</ele>
        <time>2025-08-01T20:36:06Z</time>
      </trkpt>
      <trkpt lat="48.707688683643937" lon="-121.10243431292474">
        <ele>386.11000000000001</ele>
        <time>2025-08-01T20:36:21Z</time>
      </trkpt>
      <trkpt lat="48.707436388358474" lon="-121.10230757854879">
        <ele>384.66000000000003</ele>
        <time>2025-08-01T20:36:40Z</time>
      </trkpt>
      <trkpt lat="48.707300769165158" lon="-121.10228721052408">
        <ele>386.11000000000001</ele>
        <time>2025-08-01T20:36:49Z</time>
      </trkpt>
      <trkpt lat="48.707145201042295" lon="-121.10212175175548">
        <ele>386.11000000000001</ele>
        <time>2025-08-01T20:37:01Z</time>
      </trkpt>
      <trkpt lat="48.707030368968844" lon="-121.10195495188236">
        <ele>384.66000000000003</ele>
        <time>2025-08-01T20:37:16Z</time>
      </trkpt>
      <trkpt lat="48.706762231886387" lon="-121.10184397548437">
        <ele>384.18000000000001</ele>
        <time>2025-08-01T20:37:33Z</time>
      </trkpt>
      <trkpt lat="48.706536674872041" lon="-121.10175554640591">
        <ele>384.18000000000001</ele>
        <time>2025-08-01T20:37:48Z</time>
      </trkpt>
      <trkpt lat="48.706456627696753" lon="-121.10168723389506">
        <ele>386.58999999999997</ele>
        <time>2025-08-01T20:37:54Z</time>
      </trkpt>
      <trkpt lat="48.70617357082665" lon="-121.10153887420893">
        <ele>384.18000000000001</ele>
        <time>2025-08-01T20:38:14Z</time>
      </trkpt>
      <trkpt lat="48.705896381288767" lon="-121.10147047787905">
        <ele>384.18000000000001</ele>
        <time>2025-08-01T20:38:30Z</time>
      </trkpt>
      <trkpt lat="48.705616090446711" lon="-121.1013139039278">
        <ele>383.69999999999999</ele>
        <time>2025-08-01T20:38:47Z</time>
      </trkpt>
      <trkpt lat="48.705332949757576" lon="-121.1010860837996">
        <ele>383.69999999999999</ele>
        <time>2025-08-01T20:39:05Z</time>
      </trkpt>
      <trkpt lat="48.705114349722862" lon="-121.10083311796188">
        <ele>383.69999999999999</ele>
        <time>2025-08-01T20:39:21Z</time>
      </trkpt>
      <trkpt lat="48.705051653087139" lon="-121.10080596059561">
        <ele>385.14999999999998</ele>
        <time>2025-08-01T20:39:25Z</time>
      </trkpt>
      <trkpt lat="48.704802542924881" lon="-121.10076924785972">
        <ele>383.69999999999999</ele>
        <time>2025-08-01T20:39:41Z</time>
      </trkpt>
      <trkpt lat="48.704560557380319" lon="-121.10070353373885">
        <ele>383.69999999999999</ele>
        <time>2025-08-01T20:39:57Z</time>
      </trkpt>
      <trkpt lat="48.704339107498527" lon="-121.10067729838192">
        <ele>383.69999999999999</ele>
        <time>2025-08-01T20:40:14Z</time>
      </trkpt>
      <trkpt lat="48.704237602651119" lon="-121.1005609575659">
        <ele>384.66000000000003</ele>
        <time>2025-08-01T20:40:23Z</time>
      </trkpt>
      <trkpt lat="48.704210864380002" lon="-121.10048367641866">
        <ele>384.66000000000003</ele>
        <time>2025-08-01T20:40:27Z</time>
      </trkpt>
      <trkpt lat="48.704127464443445" lon="-121.10036674886942">
        <ele>383.22000000000003</ele>
        <time>2025-08-01T20:40:45Z</time>
      </trkpt>
      <trkpt lat="48.704107012599707" lon="-121.10036197118461">
        <ele>383.22000000000003</ele>
        <time>2025-08-01T20:40:47Z</time>
      </trkpt>
      <trkpt lat="48.703987402841449" lon="-121.10033975914121">
        <ele>383.22000000000003</ele>
        <time>2025-08-01T20:40:55Z</time>
      </trkpt>
      <trkpt lat="48.70377098210156" lon="-121.10020003281534">
        <ele>383.22000000000003</ele>
        <time>2025-08-01T20:41:10Z</time>
      </trkpt>
      <trkpt lat="48.70352572761476" lon="-121.10005904920399">
        <ele>382.74000000000001</ele>
        <time>2025-08-01T20:41:25Z</time>
      </trkpt>
      <trkpt lat="48.703288603574038" lon="-121.09988043084741">
        <ele>384.18000000000001</ele>
        <time>2025-08-01T20:41:40Z</time>
      </trkpt>
      <trkpt lat="48.703104872256517" lon="-121.09968806616962">
        <ele>384.18000000000001</ele>
        <time>2025-08-01T20:41:55Z</time>
      </trkpt>
      <trkpt lat="48.702951651066542" lon="-121.09960164874792">
        <ele>382.74000000000001</ele>
        <time>2025-08-01T20:42:05Z</time>
      </trkpt>
      <trkpt lat="48.702658452093601" lon="-121.09944800846279">
        <ele>382.74000000000001</ele>
        <time>2025-08-01T20:42:21Z</time>
      </trkpt>
      <trkpt lat="48.702315716072917" lon="-121.09928581863642">
        <ele>382.74000000000001</ele>
        <time>2025-08-01T20:42:39Z</time>
      </trkpt>
      <trkpt lat="48.70202511548996" lon="-121.09913846477866">
        <ele>382.25999999999999</ele>
        <time>2025-08-01T20:42:56Z</time>
      </trkpt>
      <trkpt lat="48.701823698356748" lon="-121.0989673063159">
        <ele>383.22000000000003</ele>
        <time>2025-08-01T20:43:11Z</time>
      </trkpt>
      <trkpt lat="48.701589005067945" lon="-121.0988375544548">
        <ele>383.22000000000003</ele>
        <time>2025-08-01T20:43:26Z</time>
      </trkpt>
      <trkpt lat="48.701322712004185" lon="-121.0988375544548">
        <ele>383.22000000000003</ele>
        <time>2025-08-01T20:43:40Z</time>
      </trkpt>
      <trkpt lat="48.701074440032244" lon="-121.09878516755998">
        <ele>382.74000000000001</ele>
        <time>2025-08-01T20:43:55Z</time>
      </trkpt>
      <trkpt lat="48.700901605188847" lon="-121.09864602796733">
        <ele>382.74000000000001</ele>
        <time>2025-08-01T20:44:08Z</time>
      </trkpt>
      <trkpt lat="48.700585104525089" lon="-121.09856355004013">
        <ele>382.74000000000001</ele>
        <time>2025-08-01T20:44:26Z</time>
      </trkpt>
      <trkpt lat="48.700280087068677" lon="-121.09849540516734">
        <ele>382.74000000000001</ele>
        <time>2025-08-01T20:44:43Z</time>
      </trkpt>
      <trkpt lat="48.700000634416938" lon="-121.09845215454698">
        <ele>382.25999999999999</ele>
        <time>2025-08-01T20:44:59Z</time>
      </trkpt>
      <trkpt lat="48.699721684679389" lon="-121.09833589754999">
        <ele>382.25999999999999</ele>
        <time>2025-08-01T20:45:14Z</time>
      </trkpt>
      <trkpt lat="48.699475675821304" lon="-121.09830991365016">
        <ele>380.81999999999999</ele>
        <time>2025-08-01T20:45:28Z</time>
      </trkpt>
      <trkpt lat="48.699203096330166" lon="-121.09818368218839">
        <ele>380.81999999999999</ele>
        <time>2025-08-01T20:45:47Z</time>
      </trkpt>
      <trkpt lat="48.698981981724501" lon="-121.09809072688222">
        <ele>380.33999999999997</ele>
        <time>2025-08-01T20:46:02Z</time>
      </trkpt>
      <trkpt lat="48.698689369484782" lon="-121.09805057756603">
        <ele>380.33999999999997</ele>
        <time>2025-08-01T20:46:21Z</time>
      </trkpt>
      <trkpt lat="48.698413856327534" lon="-121.0979899764061">
        <ele>380.33999999999997</ele>
        <time>2025-08-01T20:46:38Z</time>
      </trkpt>
      <trkpt lat="48.698118142783642" lon="-121.09791764058173">
        <ele>380.33999999999997</ele>
        <time>2025-08-01T20:46:57Z</time>
      </trkpt>
      <trkpt lat="48.697846401482821" lon="-121.09787883237004">
        <ele>379.86000000000001</ele>
        <time>2025-08-01T20:47:15Z</time>
      </trkpt>
      <trkpt lat="48.697619251906872" lon="-121.09798268415034">
        <ele>379.86000000000001</ele>
        <time>2025-08-01T20:47:34Z</time>
      </trkpt>
      <trkpt lat="48.697527553886175" lon="-121.09804186038673">
        <ele>379.86000000000001</ele>
        <time>2025-08-01T20:47:53Z</time>
      </trkpt>
      <trkpt lat="48.697462594136596" lon="-121.0980158764869">
        <ele>379.86000000000001</ele>
        <time>2025-08-01T20:48:02Z</time>
      </trkpt>
      <trkpt lat="48.697256231680512" lon="-121.09791143797338">
        <ele>379.38</ele>
        <time>2025-08-01T20:48:20Z</time>
      </trkpt>
      <trkpt lat="48.696975437924266" lon="-121.09782535582781">
        <ele>379.38</ele>
        <time>2025-08-01T20:48:40Z</time>
      </trkpt>
      <trkpt lat="48.696760442107916" lon="-121.0977669339627">
        <ele>379.38</ele>
        <time>2025-08-01T20:48:54Z</time>
      </trkpt>
      <trkpt lat="48.696528347209096" lon="-121.0977222584188">
        <ele>379.38</ele>
        <time>2025-08-01T20:49:10Z</time>
      </trkpt>
      <trkpt lat="48.696273034438491" lon="-121.09761966392398">
        <ele>378.89999999999998</ele>
        <time>2025-08-01T20:49:28Z</time>
      </trkpt>
      <trkpt lat="48.695983774960041" lon="-121.09754028730094">
        <ele>378.89999999999998</ele>
        <time>2025-08-01T20:49:48Z</time>
      </trkpt>
      <trkpt lat="48.695758804678917" lon="-121.09746074303985">
        <ele>378.89999999999998</ele>
        <time>2025-08-01T20:50:04Z</time>
      </trkpt>
      <trkpt lat="48.695530062541366" lon="-121.0973800253123">
        <ele>378.42000000000002</ele>
        <time>2025-08-01T20:50:19Z</time>
      </trkpt>
      <trkpt lat="48.695294782519341" lon="-121.09731565229595">
        <ele>378.42000000000002</ele>
        <time>2025-08-01T20:50:35Z</time>
      </trkpt>
      <trkpt lat="48.695043241605163" lon="-121.09726091846824">
        <ele>378.42000000000002</ele>
        <time>2025-08-01T20:50:51Z</time>
      </trkpt>
      <trkpt lat="48.694849954918027" lon="-121.09716427512467">
        <ele>377.94</ele>
        <time>2025-08-01T20:51:05Z</time>
      </trkpt>
      <trkpt lat="48.694600677117705" lon="-121.09705631621182">
        <ele>377.94</ele>
        <time>2025-08-01T20:51:24Z</time>
      </trkpt>
      <trkpt lat="48.694420466199517" lon="-121.0969711560756">
        <ele>377.94</ele>
        <time>2025-08-01T20:51:38Z</time>
      </trkpt>
      <trkpt lat="48.694170350208879" lon="-121.09698356129229">
        <ele>377.94</ele>
        <time>2025-08-01T20:51:54Z</time>
      </trkpt>
      <trkpt lat="48.693978572264314" lon="-121.09689353965223">
        <ele>377.44999999999999</ele>
        <time>2025-08-01T20:52:09Z</time>
      </trkpt>
      <trkpt lat="48.693772964179516" lon="-121.09687149524689">
        <ele>377.44999999999999</ele>
        <time>2025-08-01T20:52:26Z</time>
      </trkpt>
      <trkpt lat="48.693567356094718" lon="-121.09679882414639">
        <ele>377.44999999999999</ele>
        <time>2025-08-01T20:52:42Z</time>
      </trkpt>
      <trkpt lat="48.693329812958837" lon="-121.09671617858112">
        <ele>376.97000000000003</ele>
        <time>2025-08-01T20:52:59Z</time>
      </trkpt>
      <trkpt lat="48.693113140761852" lon="-121.09662054106593">
        <ele>376.97000000000003</ele>
        <time>2025-08-01T20:53:15Z</time>
      </trkpt>
      <trkpt lat="48.692846847698092" lon="-121.09649615362287">
        <ele>376.97000000000003</ele>
        <time>2025-08-01T20:53:35Z</time>
      </trkpt>
      <trkpt lat="48.692589942365885" lon="-121.09643924050033">
        <ele>376.97000000000003</ele>
        <time>2025-08-01T20:53:54Z</time>
      </trkpt>
      <trkpt lat="48.692346950992942" lon="-121.09638626687229">
        <ele>376.49000000000001</ele>
        <time>2025-08-01T20:54:13Z</time>
      </trkpt>
      <trkpt lat="48.692167326807976" lon="-121.09633077867329">
        <ele>376.49000000000001</ele>
        <time>2025-08-01T20:54:28Z</time>
      </trkpt>
      <trkpt lat="48.691929196938872" lon="-121.09619096852839">
        <ele>376.49000000000001</ele>
        <time>2025-08-01T20:54:49Z</time>
      </trkpt>
      <trkpt lat="48.691710093989968" lon="-121.09616691246629">
        <ele>376.49000000000001</ele>
        <time>2025-08-01T20:55:07Z</time>
      </trkpt>
      <trkpt lat="48.691530888900161" lon="-121.09607890248299">
        <ele>376.49000000000001</ele>
        <time>2025-08-01T20:55:21Z</time>
      </trkpt>
      <trkpt lat="48.691351683810353" lon="-121.09592509455979">
        <ele>376.00999999999999</ele>
        <time>2025-08-01T20:55:37Z</time>
      </trkpt>
      <trkpt lat="48.691190667450428" lon="-121.09579559415579">
        <ele>376.00999999999999</ele>
        <time>2025-08-01T20:55:52Z</time>
      </trkpt>
      <trkpt lat="48.69106225669384" lon="-121.09571864828467">
        <ele>376.00999999999999</ele>
        <time>2025-08-01T20:56:02Z</time>
      </trkpt>
      <trkpt lat="48.691040212288499" lon="-121.09568788670003">
        <ele>376.00999999999999</ele>
        <time>2025-08-01T20:56:05Z</time>
      </trkpt>
      <trkpt lat="48.691021353006363" lon="-121.09566869214177">
        <ele>376.00999999999999</ele>
        <time>2025-08-01T20:56:07Z</time>
      </trkpt>
      <trkpt lat="48.690805518999696" lon="-121.09552452340722">
        <ele>376.00999999999999</ele>
        <time>2025-08-01T20:56:26Z</time>
      </trkpt>
      <trkpt lat="48.690612316131592" lon="-121.09544548206031">
        <ele>376.00999999999999</ele>
        <time>2025-08-01T20:56:44Z</time>
      </trkpt>
      <trkpt lat="48.690348705276847" lon="-121.09538245014846">
        <ele>375.05000000000001</ele>
        <time>2025-08-01T20:57:09Z</time>
      </trkpt>
      <trkpt lat="48.690139660611749" lon="-121.0954705439508">
        <ele>374.56999999999999</ele>
        <time>2025-08-01T20:57:30Z</time>
      </trkpt>
      <trkpt lat="48.690056595951319" lon="-121.09557816758752">
        <ele>374.56999999999999</ele>
        <time>2025-08-01T20:57:47Z</time>
      </trkpt>
      <trkpt lat="48.690072521567345" lon="-121.09559325501323">
        <ele>375.52999999999997</ele>
        <time>2025-08-01T20:58:02Z</time>
      </trkpt>
      <trkpt lat="48.690073359757662" lon="-121.09558118507266">
        <ele>375.52999999999997</ele>
        <time>2025-08-01T20:58:17Z</time>
      </trkpt>
      <trkpt lat="48.690062798559666" lon="-121.09560180455446">
        <ele>375.05000000000001</ele>
        <time>2025-08-01T20:58:33Z</time>
      </trkpt>
      <trkpt lat="48.690115604549646" lon="-121.09556660056114">
        <ele>376.49000000000001</ele>
        <time>2025-08-01T20:58:46Z</time>
      </trkpt>
      <trkpt lat="48.690114514902234" lon="-121.0955672711134">
        <ele>374.56999999999999</ele>
        <time>2025-08-01T20:58:49Z</time>
      </trkpt>
      <trkpt lat="48.690111497417092" lon="-121.09556660056114">
        <ele>376.00999999999999</ele>
        <time>2025-08-01T20:58:51Z</time>
      </trkpt>
      <trkpt lat="48.690105546265841" lon="-121.09558805823326">
        <ele>376.00999999999999</ele>
        <time>2025-08-01T20:59:08Z</time>
      </trkpt>
      <trkpt lat="48.690109150484204" lon="-121.09559945762157">
        <ele>374.56999999999999</ele>
        <time>2025-08-01T20:59:12Z</time>
      </trkpt>
      <trkpt lat="48.690115436911583" lon="-121.09563700854778">
        <ele>374.08999999999997</ele>
        <time>2025-08-01T20:59:42Z</time>
      </trkpt>
      <trkpt lat="48.690071431919932" lon="-121.09562485478818">
        <ele>374.08999999999997</ele>
        <time>2025-08-01T21:00:09Z</time>
      </trkpt>
      <trkpt lat="48.690089453011751" lon="-121.0956103540957">
        <ele>373.61000000000001</ele>
        <time>2025-08-01T21:00:32Z</time>
      </trkpt>
      <trkpt lat="48.690132200717926" lon="-121.09558353200555">
        <ele>373.13</ele>
        <time>2025-08-01T21:01:03Z</time>
      </trkpt>
      <trkpt lat="48.690125998109579" lon="-121.0956048220396">
        <ele>373.13</ele>
        <time>2025-08-01T21:01:26Z</time>
      </trkpt>
      <trkpt lat="48.6900938116014" lon="-121.09560716897249">
        <ele>372.64999999999998</ele>
        <time>2025-08-01T21:01:46Z</time>
      </trkpt>
      <trkpt lat="48.690103953704238" lon="-121.09559199772775">
        <ele>372.64999999999998</ele>
        <time>2025-08-01T21:02:20Z</time>
      </trkpt>
      <trkpt lat="48.690097918733954" lon="-121.09561161138117">
        <ele>372.17000000000002</ele>
        <time>2025-08-01T21:02:51Z</time>
      </trkpt>
      <trkpt lat="48.690090458840132" lon="-121.09560909681022">
        <ele>372.17000000000002</ele>
        <time>2025-08-01T21:03:19Z</time>
      </trkpt>
      <trkpt lat="48.690100098028779" lon="-121.09558998607099">
        <ele>372.17000000000002</ele>
        <time>2025-08-01T21:03:46Z</time>
      </trkpt>
      <trkpt lat="48.690108563750982" lon="-121.09561119228601">
        <ele>371.20999999999998</ele>
        <time>2025-08-01T21:04:11Z</time>
      </trkpt>
      <trkpt lat="48.69006497785449" lon="-121.0956449713558">
        <ele>371.20999999999998</ele>
        <time>2025-08-01T21:04:44Z</time>
      </trkpt>
      <trkpt lat="48.690076796337962" lon="-121.09565469436347">
        <ele>371.20999999999998</ele>
        <time>2025-08-01T21:05:10Z</time>
      </trkpt>
      <trkpt lat="48.690081909298897" lon="-121.09562091529369">
        <ele>370.73000000000002</ele>
        <time>2025-08-01T21:05:31Z</time>
      </trkpt>
      <trkpt lat="48.690108647570014" lon="-121.09559040516615">
        <ele>370.73000000000002</ele>
        <time>2025-08-01T21:05:54Z</time>
      </trkpt>
      <trkpt lat="48.690118035301566" lon="-121.09556685201824">
        <ele>370.73000000000002</ele>
        <time>2025-08-01T21:06:14Z</time>
      </trkpt>
      <trkpt lat="48.690149467438459" lon="-121.09562502242625">
        <ele>370.24000000000001</ele>
        <time>2025-08-01T21:06:43Z</time>
      </trkpt>
      <trkpt lat="48.690114263445139" lon="-121.09560959972441">
        <ele>370.24000000000001</ele>
        <time>2025-08-01T21:07:05Z</time>
      </trkpt>
      <trkpt lat="48.690122058615088" lon="-121.09559752978384">
        <ele>370.24000000000001</ele>
        <time>2025-08-01T21:07:25Z</time>
      </trkpt>
      <trkpt lat="48.690120717510581" lon="-121.09560708515346">
        <ele>370.24000000000001</ele>
        <time>2025-08-01T21:08:01Z</time>
      </trkpt>
      <trkpt lat="48.690097332000732" lon="-121.09561127610505">
        <ele>369.75999999999999</ele>
        <time>2025-08-01T21:08:23Z</time>
      </trkpt>
      <trkpt lat="48.690084423869848" lon="-121.09560457058251">
        <ele>369.75999999999999</ele>
        <time>2025-08-01T21:08:40Z</time>
      </trkpt>
      <trkpt lat="48.690077969804406" lon="-121.09564170241356">
        <ele>371.20999999999998</ele>
        <time>2025-08-01T21:09:03Z</time>
      </trkpt>
      <trkpt lat="48.690070090815425" lon="-121.09562921337783">
        <ele>369.75999999999999</ele>
        <time>2025-08-01T21:09:11Z</time>
      </trkpt>
      <trkpt lat="48.690079562366009" lon="-121.09561395831406">
        <ele>369.75999999999999</ele>
        <time>2025-08-01T21:09:40Z</time>
      </trkpt>
      <trkpt lat="48.690061122179031" lon="-121.09561395831406">
        <ele>369.27999999999997</ele>
        <time>2025-08-01T21:09:55Z</time>
      </trkpt>
      <trkpt lat="48.690058523789048" lon="-121.0956204123795">
        <ele>370.73000000000002</ele>
        <time>2025-08-01T21:10:00Z</time>
      </trkpt>
    </trkseg>
  </trk>

</gpx>